RylandID_master,rating,name,salary,team,opp,, ,proj,ceil,floor,proj+-,pts/sal,proj_own,act_pts,impld_pts,lev_rank,leverage,sr,buzz,pro,my,bargain,opp+-,snaps,pts,opppts,delta,spread,o/u,spread%,comp,att,yards,%,y/a,adj ypa,td,long,%rb,%wr,%te,%td,int%,sack%,rush-att,not sure,rush_yards,rush_y/a,rush_td,success,rz_opp,rz_opp10,rz-opp5,temp,humidity,precip%,month_ppg,month_change,month_fpo,month_fps,consistency,upside,duds,count,year_ppg,year+-,year_change,year_fpo,year_fps,year_consistency,year_upside,year_duds,year_count,pos,week,rush_td%,rush_yards%,snaps%,rush_att,rec_trgts,not_sure2,rec_yards,rec_long,rec_yr,rec_td,rec_yt,rz_td_pct,rz_succ%,rec_trgts%,rec_td%,rec_yds%,proj_sacks,pass_succ,rush_succ,takeaway%,td%,ypp,rz_snaps,rz_snaps10,rz_snaps5,TD%,Last Name_master,City Name_master,First Name_master,RylandID_master,Player ID + Player Name,Id,Position,First Name,Nickname,Last Name,FPPG,Played,Salary,Game,Team,Opponent,Injury Indicator,Injury Details,Tier,City Name,City Name2,City Name3,RylandID
arizona3500,0,Arizona,3500,ARI,ATL,,,5.6,14.2,1.3,1.53,1.6,6.5,1,4.07,-6,0.31,0,0,1,0,0.43,2.9,0,24.8,27.8,0.8,3,52.5,29,0,0,0,0,0,0,0,0,0,0,0,0,0.6,9.34,0,0,0,0,0,0,0,0,0,0,0,0,1.8,500,0,0,75,0,0.25,40,5.4,0.7,-2500,0,0,88,0.29,0.11,17,D,6,0,0,0,0,0,0,0,0,0,0,0,0,0,0,0,0,2.4,0.5487,0.527,0.0031,0.0477,7.29,9.06,4.31,2.83,0.2,arizona,arizona,a,arizona3500,39142-12546:Arizona Cardinals,39142-12546,D,a,Arizona Cardinals,cardinals,2.8,5,3500,ATL@ARI,ARI,ATL,,,,Cardinals,Cardinals,arizona,arizona3500
atlanta3800,0,Atlanta,3800,ATL,@ARI,,,7.2,14.8,1.4,2.17,1.9,3,-1,5.03,-5,0.67,0,0,1,0,0.53,1.8,0,27.8,24.8,2.8,-3,52.5,71,0,0,0,0,0,0,0,0,0,0,0,0,2.4,6.28,0,0,0,0,0,0,0,0,0,0,0,0,2.3,500,0,0,50,0.25,0.5,40,4.9,0.6,-2200,0,0,76,0.28,0.23,21,D,6,0,0,0,0,0,0,0,0,0,0,0,0,0,0,0,0,2.6,0.5416,0.5138,0.0134,0.0491,7.9,9.81,4.73,30,0.2166,atlanta,atlanta,a,atlanta3800,39142-12525:Atlanta Falcons,39142-12525,D,a,Atlanta Falcons,falcons,1.8,5,3800,ATL@ARI,ATL,ARI,,,,Falcons,Falcons,atlanta,atlanta3800
baltimore5000,0,Baltimore,5000,BAL,CIN,,,8.5,15.7,1.3,-0.39,1.7,18.5,5,8.89,0,0.16,0,0,4,0,0.81,5.4,0,28.8,18.3,-0.2,-10.5,47,58,0,0,0,0,0,0,0,0,0,0,0,0,2,6.74,0,0,0,0,0,0,0,0,0,64,0.49,0.01,2,0,0,0,50,0,0.5,40,8.2,0.7,-1000,0,0,78,0.34,0.21,23,D,6,0,0,0,0,0,0,0,0,0,0,0,0,0,0,0,0,2.8,0.459,0.4645,0.0125,0.0428,7.15,9.2,4.27,2.62,0.2246,baltimore,baltimore,b,baltimore5000,39142-12555:Baltimore Ravens,39142-12555,D,b,Baltimore Ravens,ravens,4.2,5,5000,CIN@BAL,BAL,CIN,,,,Ravens,Ravens,baltimore,baltimore5000
cincinnati3200,0,Cincinnati,3200,CIN,@BAL,,,5.3,14.7,0.4,2.19,1.7,0.5,9,3.11,3,0.86,0,0,1,0,0.53,0.4,0,18.3,28.8,-0.2,10.5,47,42,0,0,0,0,0,0,0,0,0,0,0,0,1.72,4.97,0,0,0,0,0,0,0,0,0,64,0.49,0.01,1.7,-700,0,0,83,0.16,0.16,60,3.8,-1,-2800,0,0,69,0.3,0.3,23,D,6,0,0,0,0,0,0,0,0,0,0,0,0,0,0,0,0,1.9,0.5373,0.5398,0.0088,0.0507,8.42,10.19,50,2.79,0.2331,cincinnati,cincinnati,c,cincinnati3200,39142-12528:Cincinnati Bengals,39142-12528,D,c,Cincinnati Bengals,bengals,2.4,5,3200,CIN@BAL,CIN,BAL,,,,Bengals,Bengals,cincinnati,cincinnati3200
cleveland3500,0,Cleveland,3500,CLE,SEA,,,6.8,15.8,0.9,2.73,1.9,0.5,4,4.07,6,0.97,0,0,2,0,0.82,1,0,23.3,22.3,0.3,-1,45.5,36,0,0,0,0,0,0,0,0,0,0,0,0,2.32,6.96,0,0,0,0,0,0,0,0,0,64,0.32,0.01,7.7,-400,0,0,100,0.57,0,70,7.2,10,-2500,0,0,86,0.43,0.13,23,D,6,0,0,0,0,0,0,0,0,0,0,0,0,0,0,0,0,2.8,0.4982,0.5043,0.0128,0.0421,7.2,8.25,50,2.92,0.2424,cleveland,cleveland,c,cleveland3500,39142-12529:Cleveland Browns,39142-12529,D,c,Cleveland Browns,browns,7,5,3500,SEA@CLE,CLE,SEA,,,,Browns,Browns,cleveland,cleveland3500
dallas5000,0,Dallas,5000,DAL,@NYJ,,,8.5,14.7,1.2,-0.39,1.7,10.5,4,8.89,-3,0.27,0,0,3,0,0.82,9.1,0,25.3,18.3,-1,-7,43.5,74,0,0,0,0,0,0,0,0,0,0,0,0,1.6,6.41,0,0,0,0,0,0,0,0,0,64,0.49,0.01,6.2,300,0,0,66,0.5,0.33,60,70,-0.8,-1000,0,0,78,0.5,0.21,28,D,6,0,0,0,0,0,0,0,0,0,0,0,0,0,0,0,0,3.1,0.5214,0.4853,0.0097,0.0352,6.87,10.33,5.67,2.67,0.1742,dallas,dallas,d,dallas5000,39142-12530:Dallas Cowboys,39142-12530,D,d,Dallas Cowboys,cowboys,6.2,5,5000,DAL@NYJ,DAL,NYJ,,,,Cowboys,Cowboys,dallas,dallas5000
denver4500,0,Denver,4500,DEN,TEN,,,7.7,15.4,1.4,0.41,1.7,6.5,23,7.29,3,0.57,0,0,3,0,0.61,4.7,0,21,20,-0.3,-1,41,46,0,0,0,0,0,0,0,0,0,0,0,0,2.96,7.02,0,0,0,0,0,0,0,0,0,71,0.05,0,4,0,0,0,50,0.25,0.5,40,7.8,1.6,-1500,0,0,65,0.52,0.34,23,D,6,0,0,0,0,0,0,0,0,0,0,0,0,0,0,0,0,2.9,0.4824,0.4696,0.0166,0.033,7.23,7.81,4.06,2.54,0.184,denver,denver,d,denver4500,39142-12531:Denver Broncos,39142-12531,D,d,Denver Broncos,broncos,3.6,5,4500,TEN@DEN,DEN,TEN,,,,Broncos,Broncos,denver,denver4500
houston3200,0,Houston,3200,HOU,@KC,,,5.4,13.9,1.4,2.29,1.7,0.5,5,3.11,-2,0.61,0,0,1,0,0.76,0.5,0,25.5,29,1,3.5,54.5,33,0,0,0,0,0,0,0,0,0,0,0,0,2.31,7.44,0,0,0,0,0,0,0,0,0,60,0.34,0.01,9.3,-1600,0,0,100,1,0,40,7.5,0.6,-2800,0,0,88,0.44,0.12,25,D,6,0,0,0,0,0,0,0,0,0,0,0,0,0,0,0,0,1.9,0.4843,0.4169,0.0146,0.0381,7.14,6.94,3.13,1.8,0.2252,houston,houston,h,houston3200,39142-12556:Houston Texans,39142-12556,D,h,Houston Texans,texans,7.8,5,3200,HOU@KC,HOU,KC,,,,Texans,Texans,houston,houston3200
jacksonville4100,0,Jacksonville,4100,JAX,NO,,,7.3,15.9,1.2,1.3,1.8,3,7,6,8,0.88,0,0,4,0,0.17,-1,0,22.5,20,0.5,-2.5,42.5,41,0,0,0,0,0,0,0,0,0,0,0,0,1.78,8.3,0,0,0,0,0,0,0,0,0,83,0.56,0.01,8.8,300,0,0,100,0.6,0,50,60,0.1,-1900,0,0,63,0.4,0.36,22,D,6,0,0,0,0,0,0,0,0,0,0,0,0,0,0,0,0,2.1,0.4763,0.4688,0.0096,0.0436,7.18,8.56,3.94,2.92,0.2044,jacksonville,jacksonville,j,jacksonville4100,39142-12554:Jacksonville Jaguars,39142-12554,D,j,Jacksonville Jaguars,jaguars,5,5,4100,NO@JAC,JAC,NO,,,,Jaguars,Jaguars,jacksonville,jacksonville4100
kansas city3400,0,Kansas City,3400,KC,HOU,,,7.3,14.6,1.5,3.55,2.1,6.5,5,3.75,-9,0.39,0,0,3,0,0.81,0.7,0,29,25.5,-2,-3.5,54.5,67,0,0,0,0,0,0,0,0,0,0,0,0,2.26,8.54,0,0,0,0,0,0,0,0,0,60,0.34,0.01,6.4,-1000,0,0,100,0.4,0,50,7.3,1.9,-2600,0,0,79,0.55,0.2,29,D,6,0,0,0,0,0,0,0,0,0,0,0,0,0,0,0,0,3.1,0.4983,0.5855,0.0126,0.047,7.29,12.33,7.43,3.86,0.2216,city,kansas city,k,kansas city3400,39142-12536:Kansas City Chiefs,39142-12536,D,k,Kansas City Chiefs,chiefs,6.8,5,3400,HOU@KC,KC,HOU,,,,City,City,kansas city,kansas city3400
la rams4300,0,LA Rams,4300,LA,SF,,,6.8,14.2,1.1,0.16,1.6,0.5,7,6.64,2,0.72,0,0,1,0,0.8,-1.3,0,26.3,23.3,0.5,-3,49.5,62,0,0,0,0,0,0,0,0,0,0,0,0,3.11,7.25,0,0,0,0,0,0,0,0,0,72,0.54,0.01,6,700,0,0,100,0.5,0,60,8.3,1.7,-1700,0,0,88,0.51,0.11,27,D,6,0,0,0,0,0,0,0,0,0,0,0,0,0,0,0,0,2.1,0.4905,0.475,0.0178,0.05,7.61,10.19,5.2,3.21,0.2209,rams,la rams,l,la rams4300,39142-12538:Los Angeles Rams,39142-12538,D,l,Los Angeles Rams,rams,6.8,5,4300,SF@LAR,LAR,SF,,,,Angeles,LA,la rams,la rams4300
miami3700,0,Miami,3700,MIA,WAS,,,7.2,13.8,0.9,2.49,1.9,0.5,1,4.71,-6,0.57,0,0,2,0,0.8,5.1,0,18,24,-0.3,6,42,47,0,0,0,0,0,0,0,0,0,0,0,0,2.71,6.33,0,0,0,0,0,0,0,0,0,83,0.74,0.03,0,1200,0,0,0,0,0,0,6.3,1.1,-2300,0,0,75,0.43,0.25,16,D,6,0,0,0,0,0,0,0,0,0,0,0,0,0,0,0,0,2.7,0.552,0.5113,0.013,0.0645,8.88,11,6.14,3.46,0.2606,miami,miami,m,miami3700,39142-12539:Miami Dolphins,39142-12539,D,m,Miami Dolphins,dolphins,0.5,4,3700,WAS@MIA,MIA,WAS,,,,Dolphins,Dolphins,miami,miami3700
minnesota3600,0,Minnesota,3600,MIN,PHI,,,6.8,15.3,0.8,2.41,1.9,10.5,9,4.39,-2,0.35,0,0,3,0,0.8,0.1,0,23.8,20.3,0.3,-3.5,44,43,0,0,0,0,0,0,0,0,0,0,0,0,2.49,9.77,0,0,0,0,0,0,0,0,0,0,0,0,6.8,-400,0,0,100,0.5,0,40,7.5,1.6,-2400,0,0,90,0.5,0.09,22,D,6,0,0,0,0,0,0,0,0,0,0,0,0,0,0,0,0,2.4,0.4655,0.4897,0.0136,0.0271,5.99,80,4.21,2.67,0.1641,minnesota,minnesota,m,minnesota3600,39142-12540:Minnesota Vikings,39142-12540,D,m,Minnesota Vikings,vikings,8.6,5,3600,PHI@MIN,MIN,PHI,,,,Vikings,Vikings,minnesota,minnesota3600
new orleans4000,0,New Orleans,4000,NO,@JAX,,,7.4,14.1,1.1,1.72,1.9,3,11,5.68,-1,0.43,0,0,3,0,0.82,-1.4,0,20,22.5,-2,2.5,42.5,59,0,0,0,0,0,0,0,0,0,0,0,0,1.88,8.28,0,0,0,0,0,0,0,0,0,83,0.56,0.01,9.4,200,0,0,100,0.8,0,50,8.1,2.9,-2000,0,0,84,0.64,0.16,25,D,6,0,0,0,0,0,0,0,0,0,0,0,0,0,0,0,0,2.7,0.4891,0.4715,0.0116,0.0451,7.73,9.63,5.4,3.67,0.2273,orleans,new orleans,n,new orleans4000,39142-12542:New Orleans Saints,39142-12542,D,n,New Orleans Saints,saints,8.6,5,4000,NO@JAC,NO,JAC,,,,Orleans,Orleans,new orleans,new orleans4000
ny jets3100,0,NY Jets,3100,NYJ,DAL,,,6.6,13.5,0.6,3.82,2.1,0.5,1,2.78,-5,0.45,0,0,1,0,0.43,1.5,0,18.3,25.3,-0.5,7,43.5,26,0,0,0,0,0,0,0,0,0,0,0,0,1.9,5.88,0,0,0,0,0,0,0,0,0,64,0.49,0.01,7.5,-700,0,0,100,0.5,0,40,7.3,1.4,-2900,0,0,70,0.55,0.3,20,D,6,0,0,0,0,0,0,0,0,0,0,0,0,0,0,0,0,2.1,0.4801,0.4442,0.0107,0.0522,7.58,10,4.6,2.83,0.2133,jets,ny jets,n,ny jets3100,39142-12544:New York Jets,39142-12544,D,n,New York Jets,jets,10.75,4,3100,DAL@NYJ,NYJ,DAL,,,,York,NY,ny jets,ny jets3100
philadelphia4500,0,Philadelphia,4500,PHI,@MIN,,,6.7,13.6,1.2,-0.59,1.5,0.5,1,7.29,-4,0.49,0,0,1,0,0.53,1.9,0,20.3,23.8,-0.2,3.5,44,57,0,0,0,0,0,0,0,0,0,0,0,0,2.08,6.41,0,0,0,0,0,0,0,0,0,0,0,0,10.8,400,0,0,100,0.8,0,50,6.6,0.4,-1500,0,0,84,0.48,0.16,25,D,6,0,0,0,0,0,0,0,0,0,0,0,0,0,0,0,0,2.3,0.5032,0.4738,0.0135,0.0413,7.4,9.57,5.25,3.7,0.209,philadelphia,philadelphia,p,philadelphia4500,39142-12545:Philadelphia Eagles,39142-12545,D,p,Philadelphia Eagles,eagles,10,5,4500,PHI@MIN,PHI,MIN,,,,Eagles,Eagles,philadelphia,philadelphia4500
san francisco3500,0,San Francisco,3500,SF,@LA,,,6.7,14.7,0.5,2.63,1.9,10.5,10,4.07,-5,0.27,0,0,2,0,0.82,1.2,0,23.3,26.3,0.5,3,49.5,38,0,0,0,0,0,0,0,0,0,0,0,0,1.67,8.75,0,0,0,0,0,0,0,0,0,72,0.54,0.01,13,-200,0,0,100,1,0,40,6.8,1.8,-2500,0,0,72,0.44,0.28,25,D,6,0,0,0,0,0,0,0,0,0,0,0,0,0,0,0,0,20,0.4479,0.47,0.0092,0.0443,7.15,9.8,4.93,3.36,0.2041,francisco,san francisco,s,san francisco3500,39142-12549:San Francisco 49ers,39142-12549,D,s,San Francisco 49ers,49ers,15,4,3500,SF@LAR,SF,LAR,,,,Francisco,Francisco,san francisco,san francisco3500
seattle4100,0,Seattle,4100,SEA,@CLE,,,7.3,14.3,1,1.3,1.8,3,9,6,5,0.49,0,0,1,0,0.82,5.2,0,22.3,23.3,-1.7,1,45.5,64,0,0,0,0,0,0,0,0,0,0,0,0,1.05,7.5,0,0,0,0,0,0,0,0,0,64,0.32,0.01,5.4,400,0,0,100,0.2,0,50,70,1.3,-1900,0,0,92,0.38,0.07,26,D,6,0,0,0,0,0,0,0,0,0,0,0,0,0,0,0,0,2.4,0.5079,0.4815,0.0069,0.0412,7.54,80,4.23,2.78,0.1875,seattle,seattle,s,seattle4100,39142-12550:Seattle Seahawks,39142-12550,D,s,Seattle Seahawks,seahawks,7.2,5,4100,SEA@CLE,SEA,CLE,,,,Seahawks,Seahawks,seattle,seattle4100
tennessee4700,0,Tennessee,4700,TEN,@DEN,,,6.8,14,0.6,-1.13,1.4,3,4,7.93,-8,0.41,0,0,3,0,0.25,0.5,0,20,21,1.2,1,41,54,0,0,0,0,0,0,0,0,0,0,0,0,2.18,7.82,0,0,0,0,0,0,0,0,0,71,0.05,0,5.6,100,0,0,60,0.6,0.4,50,7.7,1.6,-1300,0,0,80,0.56,0.2,25,D,6,0,0,0,0,0,0,0,0,0,0,0,0,0,0,0,0,2.4,0.5036,0.4804,0.0126,0.0375,6.99,7.31,3.87,2.64,0.2308,tennessee,tennessee,t,tennessee4700,39142-12534:Tennessee Titans,39142-12534,D,t,Tennessee Titans,titans,10,5,4700,TEN@DEN,TEN,DEN,,,,Titans,Titans,tennessee,tennessee4700
washington4200,0,Washington,4200,WAS,@MIA,,,8.4,15.1,0.8,2.08,2,14.5,10,6.32,-4,0.21,0,0,3,0,0.8,8.6,0,24,18,1.2,-6,42,53,0,0,0,0,0,0,0,0,0,0,0,0,2.97,8.04,0,0,0,0,0,0,0,0,0,83,0.74,0.03,5.3,800,0,0,100,0.5,0,40,6.4,0.8,-1800,0,0,83,0.37,0.16,24,D,6,0,0,0,0,0,0,0,0,0,0,0,0,0,0,0,0,2.9,0.521,0.5084,0.0163,0.0421,7.9,9.69,4.69,2.93,0.1935,washington,washington,w,washington4200,39142-12552:Washington Redskins,39142-12552,D,w,Washington Redskins,redskins,4.2,5,4200,WAS@MIA,WAS,MIA,,,,Redskins,Redskins,washington,washington4200
bridgewater7300qbt,0,Teddy Bridgewater,7300,NO,@JAX,,,15.1,22.9,7.3,-0.69,2.1,0.5,13.6,15.79,-5,0.56,0.75,2.2,0,0,0.16,1.1,39,20,22.5,-2,2.5,42.5,59,16,24,161,68,6.7,5.94,1.2,22,22.2,47.2,22.9,5,2.1,5.9,2,4,5,1.9,0,0.19,1.5,0.56,0.19,83,0.56,0.01,13.3,1300,0.38,0.22,60,0.4,0.4,50,40,-0.4,1300,0.14,0.1,13,0.08,0.69,23,QB,6,0,0,0,0,0,0,0,0,0,0,0,0,0,0,0,0,0,0,0,0,0,0,0,0,0,0,bridgewater,teddy bridgewater,t,bridgewater7300qbt,39142-33259:Teddy Bridgewater,39142-33259,QB,t,Teddy Bridgewater,bridgewater,14.78999996,4,7300,NO@JAC,NO,JAC,,,,ryland,ryland,teddy,bridgewater7300qbt
cousins7000qbk,0,Kirk Cousins,7000,MIN,PHI,,,16.9,24.1,8.7,1.7,2.4,3,28.32,15.2,-6,0.53,1,7.4,1,0,0.24,3.1,63,23.8,20.3,0.3,-3.5,44,43,21,31,228,69,7.2,6.46,1.5,34,19.6,61.5,14.8,4.8,1.9,6.9,2,4,6,2.4,0.1,0.429,4.69,2.19,1.13,0,0,0,12.8,-300,0.38,0.2,100,0.25,0,40,15.8,-0.6,1000,0.43,0.25,80,0.35,0.05,20,QB,6,0,0,0,0,0,0,0,0,0,0,0,0,0,0,0,0,0,0,0,0,0,0,0,0,0,0,cousins,kirk cousins,k,cousins7000qbk,39142-22038:Kirk Cousins,39142-22038,QB,k,Kirk Cousins,cousins,13.12799988,5,7000,PHI@MIN,MIN,PHI,,,,ryland,ryland,kirk,cousins7000qbk
dalton7000qba,0,Andy Dalton,7000,CIN,@BAL,,,15.3,23.1,7.8,0.1,2.2,0.5,14.6,15.2,-4,0.57,1,1.9,0,0,0.39,0.1,58,18.3,28.8,-0.2,10.5,47,42,21,34,230,60,6.6,5.73,1.5,35,17,63.1,16.8,4.4,2.1,7.9,1,6,7,5.3,0.1,0.438,4,1.92,1.25,64,0.49,0.01,11.8,-100,0.27,0.18,50,0.5,0.5,60,12.3,-2.2,1000,0.31,0.21,36,0.31,0.42,19,QB,6,0,0,0,0,0,0,0,0,0,0,0,0,0,0,0,0,0,0,0,0,0,0,0,0,0,0,dalton,andy dalton,a,dalton7000qba,39142-14225:Andy Dalton,39142-14225,QB,a,Andy Dalton,dalton,16.41600037,5,7000,CIN@BAL,CIN,BAL,,,,ryland,ryland,andy,dalton7000qba
darnold6700qbs,0,Sam Darnold,6700,NYJ,DAL,,,14,20.4,7.1,-0.61,2.1,0.5,20.62,14.61,-7,0.45,1,1.5,0,0,0.39,-5.3,64,18.3,25.3,-0.5,7,43.5,26,20,34,219,60,6.5,4.97,1.2,29,19,58.5,18.6,3.5,2.9,7.1,3,9,13,3.9,0.1,0.438,2.73,0.93,0.6,64,0.49,0.01,0,0,0,0,0,0,1,40,8.9,0.2,700,0.22,0.14,42,0.33,0.38,21,QB,6,0,0,0,0,0,0,0,0,0,0,0,0,0,0,0,0,0,0,0,0,0,0,0,0,0,0,darnold,sam darnold,s,darnold6700qbs,39142-63589:Sam Darnold,39142-63589,QB,s,Sam Darnold,darnold,13,1,6700,DAL@NYJ,NYJ,DAL,,,,ryland,ryland,sam,darnold6700qbs
flacco6600qbj,0,Joe Flacco,6600,DEN,TEN,,,14.3,22.9,6.7,-0.11,2.2,0.5,5.98,14.41,-3,0.56,1,0.7,1,0,0.24,0.9,66,21,20,-0.3,-1,41,46,22,35,241,64,6.8,5.71,1.1,41,21.6,56.6,18.8,3.1,2.3,5.7,1,3,3,2.6,0,0.615,3.06,1.38,0.56,71,0.05,0,12.7,200,0.33,0.19,80,0.4,0.2,50,7.6,-0.9,600,0.2,0.12,40,0.18,0.45,22,QB,6,0,0,0,0,0,0,0,0,0,0,0,0,0,0,0,0,0,0,0,0,0,0,0,0,0,0,flacco,joe flacco,j,flacco6600qbj,39142-6714:Joe Flacco,39142-6714,QB,j,Joe Flacco,flacco,13.90399933,5,6600,TEN@DEN,DEN,TEN,,,,ryland,ryland,joe,flacco6600qbj
garoppolo7200qbj,0,Jimmy Garoppolo,7200,SF,@LA,,,16.7,24.6,9,1.11,2.3,0.5,13.12,15.59,3,0.75,0.8,1.9,1,0,0.5,-0.5,73,23.3,26.3,0.5,3,49.5,38,19,28,230,69,8.1,7.41,1.8,31,22.1,49.6,27.4,6.4,3.6,3.4,4,2,1,0.4,0,0.188,6.25,2.25,1,72,0.54,0.01,16.2,200,0.47,0.22,100,0.25,0,40,15.3,-0.3,1200,0.46,0.21,62,0.12,0,80,QB,6,0,0,0,0,0,0,0,0,0,0,0,0,0,0,0,0,0,0,0,0,0,0,0,0,0,0,garoppolo,jimmy garoppolo,j,garoppolo7200qbj,39142-54604:Jimmy Garoppolo,39142-54604,QB,j,Jimmy Garoppolo,garoppolo,15.35000038,4,7200,SF@LAR,SF,LAR,,,,ryland,ryland,jimmy,garoppolo7200qbj
goff7600qbj,0,Jared Goff,7600,LA,SF,,,18.6,26.9,10.1,2.23,2.4,3,1.12,16.37,0,0.81,1,4.1,1,0,0.5,-0.9,69,26.3,23.3,0.5,-3,49.5,62,24,38,288,62,7.5,6.63,1.7,36,15.4,67.7,19.3,4.5,2.4,5.5,2,4,5,2,0.2,0.326,6.63,3.06,1.31,72,0.54,0.01,18.8,0,0.38,0.25,100,0.66,0,60,17.8,0.5,1600,0.41,0.26,62,0.37,0.24,29,QB,6,0,0,0,0,0,0,0,0,0,0,0,0,0,0,0,0,0,0,0,0,0,0,0,0,0,0,goff,jared goff,j,goff7600qbj,39142-38435:Jared Goff,39142-38435,QB,j,Jared Goff,goff,17.65200043,5,7600,SF@LAR,LAR,SF,,,,ryland,ryland,jared,goff7600qbj
jackson8200qbl,0,Lamar Jackson,8200,BAL,CIN,,,22.2,29.1,11.3,4.65,2.7,14.5,30.64,17.55,-1,0.59,0.96,9.3,2,0,0.62,3,56,28.8,18.3,-0.2,-10.5,47,58,13,21,163,62,7.5,6.67,1.1,35,14.4,49.8,33.3,5.2,2.4,8.7,11,18,58,5.1,0.4,0.541,5.75,2.56,0.88,64,0.49,0.01,23.3,0,0.46,0.3,100,0.75,0,40,17.4,2.5,2200,0.5,0.31,73,0.3,0.08,23,QB,6,0,0,0,0,0,0,0,0,0,0,0,0,0,0,0,0,0,0,0,0,0,0,0,0,0,0,jackson,lamar jackson,l,jackson8200qbl,39142-63115:Lamar Jackson,39142-63115,QB,l,Lamar Jackson,jackson,25.32799988,5,8200,CIN@BAL,BAL,CIN,,,,ryland,ryland,lamar,jackson8200qbl
keenum6500qbc,0,Case Keenum,6500,WAS,@MIA,,,16.4,25,7.9,2.18,2.5,0.5,15.64,14.22,1,0.78,1,2.2,1,0,0.5,8.1,63,24,18,1.2,-6,42,53,22,35,233,63,6.6,5.66,1.3,37,23.8,53.5,18,3.7,2.3,5.1,1,5,5,3,0.1,0.385,4.81,2.5,1.06,83,0.74,0.03,10.2,-400,0.3,0.19,66,0.33,0.33,60,13.5,-0.8,500,0.35,0.21,76,0.32,0.08,25,QB,6,0,0,0,0,0,0,0,0,0,0,0,0,0,0,0,0,0,0,0,0,0,0,0,0,0,0,keenum,case keenum,c,keenum6500qbc,39142-22994:Case Keenum,39142-22994,QB,c,Case Keenum,keenum,14.75,4,6500,WAS@MIA,WAS,MIA,,,,ryland,ryland,case,keenum6500qbc
mahomes9200qbp,0,Patrick Mahomes,9200,KC,HOU,,,22.5,28.2,12,2.99,2.4,14.5,19.82,19.51,-4,0.5,1,6.7,1,0,0.33,2.6,64,29,25.5,-2,-3.5,54.5,67,24,37,338,66,9,9.22,2.9,51,19.4,49.2,28,7.8,1.6,4.4,3,10,17,5.4,0,0.528,7.63,3.5,1.5,60,0.34,0.01,22.9,200,0.5,0.33,100,0.4,0,50,26.5,5.8,3200,0.63,0.41,85,0.55,0,27,QB,6,0,0,0,0,0,0,0,0,0,0,0,0,0,0,0,0,0,0,0,0,0,0,0,0,0,0,mahomes,patrick mahomes,p,mahomes9200qbp,39142-57439:Patrick Mahomes,39142-57439,QB,p,Patrick Mahomes,mahomes,24.66799927,5,9200,HOU@KC,KC,HOU,,,,ryland,ryland,patrick,mahomes9200qbp
mariota6500qbm,0,Marcus Mariota,6500,TEN,@DEN,,,15,24.6,7.2,0.78,2.3,0.5,0.92,14.22,2,0.75,0,0,1,0,0.39,-5.4,59,20,21,1.2,1,41,54,16,24,197,67,8,6.51,1.1,38,19.2,53.7,22.2,4.6,1.3,14,4,13,24,5.6,0.1,0.516,4.5,1.75,0.81,71,0.05,0,15.3,-900,0.4,0.23,100,0.4,0,50,13.9,-0.7,500,0.42,0.24,61,0.42,0.26,26,QB,6,0,0,0,0,0,0,0,0,0,0,0,0,0,0,0,0,0,0,0,0,0,0,0,0,0,0,mariota,marcus mariota,m,mariota6500qbm,39142-29358:Marcus Mariota,39142-29358,QB,m,Marcus Mariota,mariota,17.02799988,5,6500,TEN@DEN,TEN,DEN,,,,ryland,ryland,marcus,mariota6500qbm
mayfield7400qbb,0,Baker Mayfield,7400,CLE,SEA,,,16.8,24,8.4,0.82,2.3,3,22.46,15.98,-5,0.53,0.67,1.9,1,0,0.19,-2.2,64,23.3,22.3,0.3,-1,45.5,36,21,33,258,62,7.7,6.44,1.8,43,21.1,59.1,16.7,5.5,3.6,6,2,5,6,2.9,0,0.343,4.88,2.38,1.44,64,0.32,0.01,8.8,-100,0.25,0.14,50,0,0.5,80,14.6,-1.5,1400,0.38,0.23,70,0.25,0.16,24,QB,6,0,0,0,0,0,0,0,0,0,0,0,0,0,0,0,0,0,0,0,0,0,0,0,0,0,0,mayfield,baker mayfield,b,mayfield7400qbb,39142-41535:Baker Mayfield,39142-41535,QB,b,Baker Mayfield,mayfield,11.17600021,5,7400,SEA@CLE,CLE,SEA,,,,ryland,ryland,baker,mayfield7400qbb
minshew6900qbg,0,Gardner Minshew,6900,JAX,NO,,,17.6,25.6,10.5,2.6,2.6,3,5.62,15,-1,0.68,1,9.3,1,0,0.19,4.6,67,22.5,20,0.5,-2.5,42.5,41,22,33,255,66,7.8,7.51,1.8,41,18.8,58.8,20,5.5,0.6,6.8,3,10,24,6.5,0,0.368,3.8,1.4,0.4,83,0.56,0.01,18,500,0.43,0.25,100,1,0,50,18.1,1.8,900,0.46,0.27,60,0.6,0,10,QB,6,0,0,0,0,0,0,0,0,0,0,0,0,0,0,0,0,0,0,0,0,0,0,0,0,0,0,minshew,gardner minshew,g,minshew6900qbg,39142-61798:Gardner Minshew II,39142-61798,QB,g,Gardner Minshew II,minshew,18.11199951,5,6900,NO@JAC,JAC,NO,Q,Groin,,ryland,ryland,gardner,minshew6900qbg
murray7700qbk,0,Kyler Murray,7700,ARI,ATL,,,20.5,29,9.5,3.93,2.7,10.5,28.8,16.57,1,0.75,0.97,10,2,0,0.65,6.5,72,24.8,27.8,0.8,3,52.5,29,25,40,264,62,6.6,4.91,0.8,36,20.9,69.2,5.5,2,2,9.5,5,15,41,7.4,0.4,0.607,7.8,4,2.2,0,0,0,19.7,1200,0.42,0.29,100,0.75,0,40,20.3,30,1700,0.41,0.28,62,0.5,0,80,QB,6,0,0,0,0,0,0,0,0,0,0,0,0,0,0,0,0,0,0,0,0,0,0,0,0,0,0,murray,kyler murray,k,murray7700qbk,39142-63484:Kyler Murray,39142-63484,QB,k,Kyler Murray,murray,20.31199951,5,7700,ATL@ARI,ARI,ATL,,,,ryland,ryland,kyler,murray7700qbk
prescott8000qbd,0,Dak Prescott,8000,DAL,@NYJ,,,19.8,27.6,9.7,2.64,2.5,6.5,18.22,17.16,-1,0.75,0.89,4.1,1,0,0.24,-0.5,68,25.3,18.3,-1,-7,43.5,74,24,34,283,69,8.2,7.43,1.8,44,18.8,61.3,17.2,5.3,1.8,7.9,4,11,19,4.5,0.4,0.5,6.44,3.25,1.75,64,0.49,0.01,20.3,300,0.52,0.3,66,0.66,0.33,60,20.9,40,2000,0.5,0.31,75,0.55,0.1,29,QB,6,0,0,0,0,0,0,0,0,0,0,0,0,0,0,0,0,0,0,0,0,0,0,0,0,0,0,prescott,dak prescott,d,prescott8000qbd,39142-31716:Dak Prescott,39142-31716,QB,d,Dak Prescott,prescott,24.08800049,5,8000,DAL@NYJ,DAL,NYJ,,,,ryland,ryland,dak,prescott8000qbd
rosen6400qbj,0,Joshua Rosen,6400,MIA,WAS,,,14,21.1,7,-0.02,2.2,0.5,1.4,14.02,-6,0.47,1,3.3,0,0,0.19,5.5,53,18,24,-0.3,6,42,47,15,27,158,55,5.7,3.23,0.7,30,21.3,59.6,15.1,2.6,4.1,11.5,1,5,8,6.5,0,0.45,2.8,1.07,0.33,83,0.74,0.03,7.5,400,0.24,0.16,66,0,0.33,30,8.1,-3.5,400,0.25,0.15,65,0.1,0.15,20,QB,6,0,0,0,0,0,0,0,0,0,0,0,0,0,0,0,0,0,0,0,0,0,0,0,0,0,0,rosen,joshua rosen,j,rosen6400qbj,39142-62364:Josh Rosen,39142-62364,QB,j,Josh Rosen,rosen,5.394999981,4,6400,WAS@MIA,MIA,WAS,,,,ryland,ryland,josh,rosen6400qbj
ryan8100qbm,0,Matt Ryan,8100,ATL,@ARI,,,21.3,28.1,12.2,3.94,2.6,10.5,30.94,17.36,-1,0.64,1,9.3,1,0,0.33,7,67,27.8,24.8,2.8,-3,52.5,71,28,40,311,70,7.7,7.12,2.2,36,15.3,64.6,17.9,5.5,2,5.7,1,6,7,4.1,0.1,0.516,5.44,2.75,1.69,0,0,0,23.2,200,0.48,0.33,100,0.8,0,50,21.7,3.2,2100,0.48,0.32,78,0.52,0.04,23,QB,6,0,0,0,0,0,0,0,0,0,0,0,0,0,0,0,0,0,0,0,0,0,0,0,0,0,0,ryan,matt ryan,m,ryan8100qbm,39142-6616:Matt Ryan,39142-6616,QB,m,Matt Ryan,ryan,22.93999939,5,8100,ATL@ARI,ATL,ARI,,,,ryland,ryland,matt,ryan8100qbm
watson8400qbd,0,Deshaun Watson,8400,HOU,@KC,,,21.3,29.6,11.2,3.36,2.5,14.5,31.4,17.94,0,0.61,1,7.4,1,0,0.33,-1.7,65,25.5,29,1,3.5,54.5,33,20,29,244,69,8.3,7.34,1.8,39,14.4,68.2,17.4,6.2,1,11.9,5,14,29,5.4,0.4,0.529,5.38,2.25,1.25,60,0.34,0.01,23,-100,0.58,0.34,75,0.5,0.25,40,22.9,4.6,2400,0.59,0.35,76,0.53,0.07,26,QB,6,0,0,0,0,0,0,0,0,0,0,0,0,0,0,0,0,0,0,0,0,0,0,0,0,0,0,watson,deshaun watson,d,watson8400qbd,39142-54879:Deshaun Watson,39142-54879,QB,d,Deshaun Watson,watson,24.75200043,5,8400,HOU@KC,HOU,KC,,,,ryland,ryland,deshaun,watson8400qbd
wentz7500qbc,0,Carson Wentz,7500,PHI,@MIN,,,16.4,23.4,8.6,0.22,2.2,3,21.54,16.18,-7,0.45,0,2.6,0,0,0.5,-3.7,65,20.3,23.8,-0.2,3.5,44,57,23,34,252,66,7.3,6.81,1.9,36,14.6,51.6,32.1,5.6,2.1,6.1,3,4,7,2.3,0.1,0.439,4.73,2.2,1.4,0,0,0,18.7,-200,0.48,0.27,100,0.5,0,60,13.7,1.5,1500,0.34,0.21,57,0.42,0.26,26,QB,6,0,0,0,0,0,0,0,0,0,0,0,0,0,0,0,0,0,0,0,0,0,0,0,0,0,0,wentz,carson wentz,c,wentz7500qbc,39142-70324:Carson Wentz,39142-70324,QB,c,Carson Wentz,wentz,19.59600067,5,7500,PHI@MIN,PHI,MIN,,,,ryland,ryland,carson,wentz7500qbc
wilson8000qbr,0,Russell Wilson,8000,SEA,@CLE,,,19.7,28.5,11,2.54,2.5,6.5,28.9,17.16,2,0.83,0.91,4.1,1,0,0.55,-2.1,68,22.3,23.3,-1.7,1,45.5,64,19,27,235,69,8.6,8.28,2.3,39,18.8,57.8,16.6,8.5,1.1,9.7,5,13,28,5.5,0.1,0.482,5.88,2.88,0.94,64,0.32,0.01,27.9,400,0.67,0.37,100,0.8,0,50,21.1,3.5,2000,0.59,0.31,75,0.53,0.1,28,QB,6,0,0,0,0,0,0,0,0,0,0,0,0,0,0,0,0,0,0,0,0,0,0,0,0,0,0,wilson,russell wilson,r,wilson8000qbr,39142-22015:Russell Wilson,39142-22015,QB,r,Russell Wilson,wilson,25.27200012,5,8000,SEA@CLE,SEA,CLE,,,,ryland,ryland,russell,wilson8000qbr
armstead4500rbr,0,Ryquell Armstead,4500,JAX,NO,,,2.2,4.4,0,-2.73,0.5,0.5,0.1,4.93,-21,0.18,0,0,2,0,0.5,-1,9,22.5,20,0.5,-2.5,42.5,41,0,0,0,0,0,0,0,0,0,0,0,0,0,0,0,7,16,4.8,0,0.4,0.6,0.2,0,83,0.56,0.01,3.1,0,0.57,0.31,25,0.25,0.75,40,2.6,-1.4,-1500,0.61,0.29,11,0.11,0.44,90,RB,6,0,0.096,0.123,3,1,0,4,4,70,0.3,4.7,0,0,0,0,0,0,0,0,0,0,0,0,0,0,0,armstead,ryquell armstead,r,armstead4500rbr,39142-64786:Ryquell Armstead,39142-64786,RB,r,Ryquell Armstead,armstead,4.399999936,3,4500,NO@JAC,JAC,NO,,,,ryland,ryland,ryquell,armstead4500rbr
ballage5100rbk,0,Kalen Ballage,5100,MIA,WAS,,,2.9,7.7,0,-3.53,0.6,0.5,6.7,6.43,-16,0.37,0,0,0,0,0.09,-1.5,12,18,24,-0.3,6,42,47,0,0,0,0,0,0,0,0,0,0,0,0,0,0,0,9,16,4.1,0.1,0.396,0.5,0.21,0.14,83,0.74,0.03,1.9,0,0.24,0.1,33,0,0.66,30,2.9,-1.3,-900,0.52,0.24,21,0.05,0.52,19,RB,6,0.25,0.193,0.217,4,1,0,6,5,7.1,0,3.1,0,0.25,0,0,0,0,0,0,0,0,0,0,0,0,0,ballage,kalen ballage,k,ballage5100rbk,39142-52371:Kalen Ballage,39142-52371,RB,k,Kalen Ballage,ballage,1.825000048,4,5100,WAS@MIA,MIA,WAS,,,,ryland,ryland,kalen,ballage5100rbk
bell6800rbl,0,Le'Veon Bell,6800,NYJ,DAL,,,15.5,25.6,5.5,4.83,2.3,28,11.8,10.67,0,0.1,1,10,9,0,0.93,3.5,59,18.3,25.3,-0.5,7,43.5,26,0,0,0,0,0,0,0,0,0,0,0,0,0,0,0,10,51,2.9,0,0.408,1.25,0.5,0,64,0.49,0.01,13.1,-1100,0.51,0.24,75,0,0.25,40,14.5,0.6,800,0.56,0.25,33,0.08,0.08,12,RB,6,0,0.78,0.944,17,8,6,41,14,6.1,0.3,5.4,0,1,0,0,0,0,0,0,0,0,0,0,0,0,0,bell,le'veon bell,l,bell6800rbl,39142-28181:Le'Veon Bell,39142-28181,RB,l,Le'Veon Bell,bell,14.17500019,4,6800,DAL@NYJ,NYJ,DAL,,,,ryland,ryland,le'veon,bell6800rbl
bernard5000rbg,0,Giovani Bernard,5000,CIN,@BAL,,,5.3,9.3,0.3,-0.88,1.1,0.5,3.4,6.18,-12,0.47,0,0.3,4,0,0.36,2.2,25,18.3,28.8,-0.2,10.5,47,42,0,0,0,0,0,0,0,0,0,0,0,0,0,0,0,5,7,2.5,0,0.268,0.71,0.29,0.14,64,0.49,0.01,3,-700,0.46,0.12,50,0,0.5,40,3.5,-1.8,-1000,0.55,0.14,33,0,0.28,21,RB,6,0,0.081,0.397,3,3,2,17,13,6.9,0,5.2,0,0,0,0,0,0,0,0,0,0,0,0,0,0,0,bernard,giovani bernard,g,bernard5000rbg,39142-25290:Giovani Bernard,39142-25290,RB,g,Giovani Bernard,bernard,3.859999847,5,5000,CIN@BAL,CIN,BAL,,,,ryland,ryland,giovani,bernard5000rbg
breida5900rbm,0,Matt Breida,5900,SF,@LA,,,9.6,16,2.7,1.17,1.6,3,8.3,8.43,-8,0.7,1,1.6,4,0,0.59,2.2,26,23.3,26.3,0.5,3,49.5,38,0,0,0,0,0,0,0,0,0,0,0,0,0,0,0,20,60,5,0.2,0.474,1.27,0.6,0.4,72,0.54,0.01,19.1,300,1.3,0.73,100,1,0,40,11,2.7,-100,0.81,0.42,68,0.36,0.18,22,RB,6,0.333,0.434,0.393,12,1,1,16,10,9.9,0.2,5.1,0.118,0.471,0,0,0,0,0,0,0,0,0,0,0,0,0,breida,matt breida,m,breida5900rbm,39142-53303:Matt Breida,39142-53303,RB,m,Matt Breida,breida,13.39999962,4,5900,SF@LAR,SF,LAR,,,,ryland,ryland,matt,breida5900rbm
brown4800rbm,0,Malcolm Brown,4800,LA,SF,,,10.8,21.2,2.1,5.12,2.3,35.5,4,5.68,-12,0.05,1,5.2,6,0,0.92,-4,14,26.3,23.3,0.5,-3,49.5,62,0,0,0,0,0,0,0,0,0,0,0,0,0,0,0,7,19,4.6,0.2,0.627,0.81,0.38,0.19,72,0.54,0.01,1.6,-700,0.35,0.09,20,0,0.8,50,2.7,-1.7,-1200,0.56,0.19,27,0.04,0.54,22,RB,6,0.111,0.156,0.197,4,0,0,3,3,11,0.1,3.7,0.167,0.583,0,0,0,0,0,0,0,0,0,0,0,0,0,brown,malcolm brown,m,brown4800rbm,39142-32234:Malcolm Brown,39142-32234,RB,m,Malcolm Brown,brown,4.979999924,5,4800,SF@LAR,LAR,SF,,,,ryland,ryland,malcolm,brown4800rbm
carson7200rbc,0,Chris Carson,7200,SEA,@CLE,,,14.6,23.5,6,2.93,2,14.5,23.9,11.67,-2,0.39,1,5.5,7,0,0.46,1.4,36,22.3,23.3,-1.7,1,45.5,64,0,0,0,0,0,0,0,0,0,0,0,0,0,0,0,20,82,4.5,0.6,0.531,3.38,1.94,1.06,64,0.32,0.01,13.2,-200,0.59,0.28,60,0.4,0.4,50,14.4,3.8,1200,0.7,0.4,66,0.59,0.18,27,RB,6,0.6,0.541,0.535,18,2,1,13,7,7.1,0.1,3.7,0.18,0.52,0,0,0,0,0,0,0,0,0,0,0,0,0,carson,chris carson,c,carson7200rbc,39142-64119:Chris Carson,39142-64119,RB,c,Chris Carson,carson,13.6,5,7200,SEA@CLE,SEA,CLE,Q,Shoulder,,ryland,ryland,chris,carson7200rbc
chubb7800rbn,0,Nick Chubb,7800,CLE,SEA,,,16.3,25,6.8,3.14,2.1,14.5,26.4,13.16,2,0.41,0.73,4.2,9,0,0.92,-0.4,38,23.3,22.3,0.3,-1,45.5,36,0,0,0,0,0,0,0,0,0,0,0,0,0,0,0,30,83,4.9,0.6,0.447,2.69,1.63,0.69,64,0.32,0.01,16.9,500,0.72,0.34,75,0.37,0.25,80,14.9,2.8,1800,0.75,0.39,70,0.29,0.16,24,RB,6,0.769,0.77,0.597,17,2,2,16,9,7.4,0.1,4.3,0.222,0.444,0,0,0,0,0,0,0,0,0,0,0,0,0,chubb,nick chubb,n,chubb7800rbn,39142-53562:Nick Chubb,39142-53562,RB,n,Nick Chubb,chubb,18.21999969,5,7800,SEA@CLE,CLE,SEA,,,,ryland,ryland,nick,chubb7800rbn
coleman5000rbt,0,Tevin Coleman,5000,SF,@LA,,,8.4,14.8,2.1,2.22,1.7,3,13.1,6.18,-9,0.64,1,4.2,6,0,0.64,2.2,32,23.3,26.3,0.5,3,49.5,38,0,0,0,0,0,0,0,0,0,0,0,0,0,0,0,20,53,5.4,0.3,0.492,1.4,0.6,0.33,72,0.54,0.01,9.4,-900,0.59,0.36,60,0.6,0.4,50,11.1,2.3,-1000,0.9,0.35,63,0.27,0.18,22,RB,6,0.5,0.463,0.497,9,2,1,16,11,9.5,0.3,4.8,0.077,0.538,0,0,0,0,0,0,0,0,0,0,0,0,0,coleman,tevin coleman,t,coleman5000rbt,39142-27776:Tevin Coleman,39142-27776,RB,t,Tevin Coleman,coleman,11.14999962,2,5000,SF@LAR,SF,LAR,,,,ryland,ryland,tevin,coleman5000rbt
cook8200rbd,0,Dalvin Cook,8200,MIN,PHI,,,16.4,25.9,5.9,2.24,2,18.5,12.4,14.16,3,0.27,0.76,7.1,9,0,0.98,-2,44,23.8,20.3,0.3,-3.5,44,43,0,0,0,0,0,0,0,0,0,0,0,0,0,0,0,27,81,5.6,0.5,0.45,1.93,1,0.5,0,0,0,21.9,300,0.94,0.49,100,0.75,0,40,15.9,4.2,2200,0.84,0.36,65,0.5,0.1,20,RB,6,0.583,0.65,0.722,14,4,4,30,14,7.7,0.2,6.3,0.208,0.458,0,0,0,0,0,0,0,0,0,0,0,0,0,cook,dalvin cook,d,cook8200rbd,39142-54140:Dalvin Cook,39142-54140,RB,d,Dalvin Cook,cook,22.53999939,5,8200,PHI@MIN,MIN,PHI,,,,ryland,ryland,dalvin,cook8200rbd
drake5600rbk,0,Kenyan Drake,5600,MIA,WAS,,,10.9,18.5,3.9,3.22,1.9,6.5,10,7.68,-6,0.61,0.9,8.1,4,0,0.46,-1.5,33,18,24,-0.3,6,42,47,0,0,0,0,0,0,0,0,0,0,0,0,0,0,0,12,33,4.4,0.2,0.446,1,0.4,0.2,83,0.74,0.03,7.6,100,0.52,0.21,100,0,0,30,11.3,1.9,-400,0.97,0.34,75,0.3,0.05,20,RB,6,0.5,0.338,0.577,7,4,3,30,17,9.4,0.3,9.3,0.25,0.375,0,0,0,0,0,0,0,0,0,0,0,0,0,drake,kenyan drake,k,drake5600rbk,39142-30989:Kenyan Drake,39142-30989,RB,k,Kenyan Drake,drake,6.625,4,5600,WAS@MIA,MIA,WAS,,,,ryland,ryland,kenyan,drake5600rbk
edmonds5200rbc,0,Chase Edmonds,5200,ARI,ATL,,,7,13.6,1.1,0.32,1.3,3,13.7,6.68,-11,0.55,1,6.5,1,0,0.64,-1,14,24.8,27.8,0.8,3,52.5,29,0,0,0,0,0,0,0,0,0,0,0,0,0,0,0,10,18,4.6,0.2,0.492,0.69,0.38,0,0,0,0,6.4,100,0.98,0.35,75,0.25,0.25,40,4.2,-1.3,-800,0.77,0.3,47,0.1,0.36,19,RB,6,0.333,0.179,0.226,4,1,1,6,4,6.3,0,2.9,0.222,0.556,0,0,0,0,0,0,0,0,0,0,0,0,0,edmonds,chase edmonds,c,edmonds5200rbc,39142-83081:Chase Edmonds,39142-83081,RB,c,Chase Edmonds,edmonds,5.2,5,5200,ATL@ARI,ARI,ATL,,,,ryland,ryland,chase,edmonds5200rbc
edwards4800rbg,0,Gus Edwards,4800,BAL,CIN,,,5.1,11.4,0.6,-0.58,1.1,0.5,3.4,5.68,-7,0.61,1,1.3,8,0,0.56,7.1,24,28.8,18.3,-0.2,-10.5,47,58,0,0,0,0,0,0,0,0,0,0,0,0,0,0,0,14,55,5,0.1,0.611,1.69,0.69,0.31,64,0.49,0.01,4,-400,0.63,0.21,50,0,0.5,40,8.3,-0.8,-1200,0.73,0.34,61,0.16,0.16,18,RB,6,0.1,0.301,0.335,10,0,0,3,2,8.2,0,2.6,0.077,0.423,0,0,0,0,0,0,0,0,0,0,0,0,0,edwards,gus edwards,g,edwards4800rbg,39142-40167:Gus Edwards,39142-40167,RB,g,Gus Edwards,edwards,4.279999924,5,4800,CIN@BAL,BAL,CIN,,,,ryland,ryland,gus,edwards4800rbg
elliott8500rbe,0,Ezekiel Elliott,8500,DAL,@NYJ,,,16.3,25.2,6.8,1.39,1.9,14.5,23.8,14.91,2,0.43,0.83,5.5,12,0,0.97,1.2,58,25.3,18.3,-1,-7,43.5,74,0,0,0,0,0,0,0,0,0,0,0,0,0,0,0,18,89,4.5,0.5,0.53,3.63,1.81,0.88,64,0.49,0.01,15.4,0,0.71,0.28,80,0,0.2,50,17.9,2.7,2500,0.71,0.31,70,0.29,0.14,27,RB,6,0.5,0.692,0.857,19,5,4,33,15,7.4,0.1,6.3,0.156,0.467,0,0,0,0,0,0,0,0,0,0,0,0,0,elliott,ezekiel elliott,e,elliott8500rbe,39142-38791:Ezekiel Elliott,39142-38791,RB,e,Ezekiel Elliott,elliott,15.26000061,5,8500,DAL@NYJ,DAL,NYJ,,,,ryland,ryland,ezekiel,elliott8500rbe
fournette7300rbl,0,Leonard Fournette,7300,JAX,NO,,,15.6,24.1,6.4,3.68,2.1,23,14.8,11.92,-3,0.16,1,8.1,8,0,0.64,-1,50,22.5,20,0.5,-2.5,42.5,41,0,0,0,0,0,0,0,0,0,0,0,0,0,0,0,28,80,4.2,0.5,0.466,3.08,1.62,1,83,0.56,0.01,16.5,400,0.62,0.25,100,0.4,0,50,13,1.9,1300,0.56,0.26,50,0.22,0.18,22,RB,6,1,0.57,0.735,18,4,3,28,15,8.1,0.1,6.5,0.176,0.471,0,0,0,0,0,0,0,0,0,0,0,0,0,fournette,leonard fournette,l,fournette7300rbl,39142-52922:Leonard Fournette,39142-52922,RB,l,Leonard Fournette,fournette,15.9,5,7300,NO@JAC,JAC,NO,,,,ryland,ryland,leonard,fournette7300rbl
freeman5200rbr,0,Royce Freeman,5200,DEN,TEN,,,10.1,19.1,3.7,3.42,1.9,3,10.1,6.68,-3,0.84,0,0.6,4,0,0.56,-0.4,26,21,20,-0.3,-1,41,46,0,0,0,0,0,0,0,0,0,0,0,0,0,0,0,10,37,3.8,0.1,0.419,1.38,0.56,0.25,71,0.05,0,8.9,-700,0.55,0.25,100,0.2,0,50,60,-0.4,-800,0.49,0.23,57,0.09,0.28,21,RB,6,0.154,0.336,0.394,9,2,1,11,5,5.9,0,2.5,0.105,0.474,0,0,0,0,0,0,0,0,0,0,0,0,0,freeman,royce freeman,r,freeman5200rbr,39142-55970:Royce Freeman,39142-55970,RB,r,Royce Freeman,freeman,8.659999847,5,5200,TEN@DEN,DEN,TEN,,,,ryland,ryland,royce,freeman5200rbr
freeman6600rbd,0,Devonta Freeman,6600,ATL,@ARI,,,12.1,23,4.6,1.93,1.8,3,25.3,10.17,6,0.94,1,1.6,5,0,0.59,-1.6,45,27.8,24.8,2.8,-3,52.5,71,0,0,0,0,0,0,0,0,0,0,0,0,0,0,0,14,37,3.2,0,0.379,1.6,0.6,0.2,0,0,0,11.3,400,0.63,0.24,100,0.4,0,50,9.8,0.1,600,0.58,0.22,23,0.09,0.04,21,RB,6,0,0.553,0.627,11,5,4,34,14,7.9,0.2,6.3,0,0.286,0,0,0,0,0,0,0,0,0,0,0,0,0,freeman,devonta freeman,d,freeman6600rbd,39142-24920:Devonta Freeman,39142-24920,RB,d,Devonta Freeman,freeman,10.2,5,6600,ATL@ARI,ATL,ARI,,,,ryland,ryland,devonta,freeman6600rbd
henderson4500rbd,0,Darrell Henderson,4500,LA,SF,,,6.1,11.4,0.7,1.17,1.4,0.5,5.3,4.93,-7,0.61,1,0.3,2,0,0.43,-4,2,26.3,23.3,0.5,-3,49.5,62,0,0,0,0,0,0,0,0,0,0,0,0,0,0,0,0,0,0,0,0,0.2,0.2,0.2,72,0.54,0.01,0,-200,0,0,0,0,1,50,0,-1.3,-1500,0,0,0,0,0.6,10,RB,6,0,0,0.026,1,0,0,0,0,0,0,0,0,0,0,0,0,0,0,0,0,0,0,0,0,0,0,henderson,darrell henderson,d,henderson4500rbd,39142-70157:Darrell Henderson Jr.,39142-70157,RB,d,Darrell Henderson Jr.,henderson,0,1,4500,SF@LAR,LAR,SF,,,,ryland,ryland,darrell,henderson4500rbd
henry6700rbd,0,Derrick Henry,6700,TEN,@DEN,,,12.9,20.4,3.5,2.48,1.9,3,3.8,10.42,1,0.89,1,3.5,10,0,0.64,1.4,29,20,21,1.2,1,41,54,0,0,0,0,0,0,0,0,0,0,0,0,0,0,0,20,76,5,1,0.512,3.19,1.75,1.25,71,0.05,0,12.7,-800,0.6,0.34,100,0.2,0,50,16.1,5.8,700,0.91,0.56,84,0.44,0.04,25,RB,6,0.941,0.595,0.467,15,1,1,11,9,10.8,0.1,6.1,0.286,0.653,0,0,0,0,0,0,0,0,0,0,0,0,0,henry,derrick henry,d,henry6700rbd,39142-39280:Derrick Henry,39142-39280,RB,d,Derrick Henry,henry,16.2,5,6700,TEN@DEN,TEN,DEN,,,,ryland,ryland,derrick,henry6700rbd
howard6200rbj,0,Jordan Howard,6200,PHI,@MIN,,,8.6,20.1,1.5,-0.57,1.4,0.5,4.9,9.17,7,0.98,0,2.6,2,0,0.43,-1.6,33,20.3,23.8,-0.2,3.5,44,57,0,0,0,0,0,0,0,0,0,0,0,0,0,0,0,15,57,4.1,0.7,0.519,2.71,1.47,0.94,0,0,0,15,600,1.13,0.58,66,0.5,0.33,60,11.1,20,200,0.72,0.34,60,0.36,0.24,25,RB,6,0.6,0.487,0.488,14,1,0,6,5,7.1,0.1,4.2,0.293,0.707,0,0,0,0,0,0,0,0,0,0,0,0,0,howard,jordan howard,j,howard6200rbj,39142-42142:Jordan Howard,39142-42142,RB,j,Jordan Howard,howard,12.5,5,6200,PHI@MIN,PHI,MIN,,,,ryland,ryland,jordan,howard6200rbj
hyde6000rbc,0,Carlos Hyde,6000,HOU,@KC,,,10.5,19.1,3.3,1.83,1.8,6.5,17.5,8.67,1,0.65,1,2.3,3,0,0.14,0.7,25,25.5,29,1,3.5,54.5,33,0,0,0,0,0,0,0,0,0,0,0,0,0,0,0,11,38,3.7,0.1,0.483,1.47,0.6,0.4,60,0.34,0.01,9.3,600,0.54,0.25,100,0.25,0,40,4.6,-1.8,0,0.4,0.18,40,0.04,0.36,22,RB,6,0.2,0.331,0.383,10,1,0,0,0,1.3,0,0.2,0.111,0.556,0,0,0,0,0,0,0,0,0,0,0,0,0,hyde,carlos hyde,c,hyde6000rbc,39142-28473:Carlos Hyde,39142-28473,RB,c,Carlos Hyde,hyde,9.259999847,5,6000,HOU@KC,HOU,KC,,,,ryland,ryland,carlos,hyde6000rbc
ingram7500rbm,0,Mark Ingram,7500,BAL,CIN,,,13.6,21.6,3.4,1.18,1.8,14.5,14.4,12.42,-5,0.36,0,0,10,0,0.56,7.1,32,28.8,18.3,-0.2,-10.5,47,58,0,0,0,0,0,0,0,0,0,0,0,0,0,0,0,19,60,4.9,0.6,0.602,2.75,1.94,1.25,64,0.49,0.01,15.4,0,0.89,0.34,50,0.25,0.5,40,11,-0.3,1500,0.77,0.34,52,0.16,0.32,25,RB,6,0.435,0.39,0.475,12,2,1,13,8,7.8,0.1,5.4,0.233,0.605,0,0,0,0,0,0,0,0,0,0,0,0,0,ingram,mark ingram,m,ingram7500rbm,39142-14211:Mark Ingram II,39142-14211,RB,m,Mark Ingram II,ingram,16.88000031,5,7500,CIN@BAL,BAL,CIN,,,,ryland,ryland,mark,ingram7500rbm
johnson5300rbd,0,Duke Johnson,5300,HOU,@KC,,,7.8,14,1.2,0.87,1.5,0.5,12.4,6.93,-4,0.76,1,2.3,5,0,0.46,0.7,29,25.5,29,1,3.5,54.5,33,0,0,0,0,0,0,0,0,0,0,0,0,0,0,0,12,20,6,0,0.527,1.13,0.25,0.13,60,0.34,0.01,5.6,-800,0.73,0.18,50,0,0.25,40,7.5,0.3,-700,1.08,0.26,47,0.21,0.21,23,RB,6,0,0.182,0.45,3,3,2,26,12,9.2,0.2,5.6,0,0.444,0,0,0,0,0,0,0,0,0,0,0,0,0,johnson,duke johnson,d,johnson5300rbd,39142-25837:Duke Johnson,39142-25837,RB,d,Duke Johnson,johnson,6.7,5,5300,HOU@KC,HOU,KC,,,,ryland,ryland,duke,johnson5300rbd
johnson6900rbd,0,David Johnson,6900,ARI,ATL,,,13.5,23.2,5.8,2.58,2,10.5,25.2,10.92,1,0.59,1,5.2,7,0,0.99,-1,51,24.8,27.8,0.8,3,52.5,29,0,0,0,0,0,0,0,0,0,0,0,0,0,0,0,15,60,3.9,0.3,0.407,2.44,1.25,0.63,0,0,0,14.6,-400,0.81,0.28,75,0.5,0.25,40,14.1,1.7,900,0.68,0.28,60,0.25,0.25,20,RB,6,0.444,0.582,0.781,15,5,3,35,18,9.7,0.3,5.8,0.129,0.484,0,0,0,0,0,0,0,0,0,0,0,0,0,johnson,david johnson,d,johnson6900rbd,39142-62497:David Johnson,39142-62497,RB,d,David Johnson,johnson,16.21999969,5,6900,ATL@ARI,ARI,ATL,Q,Back,,ryland,ryland,david,johnson6900rbd
kamara7900rba,0,Alvin Kamara,7900,NO,@JAX,,,15,25.2,5.4,1.59,1.9,10.5,10.1,13.41,4,0.64,0.95,6.5,6,0,0.97,0.3,42,20,22.5,-2,2.5,42.5,59,0,0,0,0,0,0,0,0,0,0,0,0,0,0,0,14,61,4.5,0.7,0.585,4.06,1.81,1,83,0.56,0.01,14.8,-800,0.66,0.3,40,0.2,0.6,50,16.7,2.3,1900,0.81,0.4,60,0.25,0.25,28,RB,6,0.588,0.501,0.653,13,5,4,39,19,8.7,0.3,90,0.222,0.622,0,0,0,0,0,0,0,0,0,0,0,0,0,kamara,alvin kamara,a,kamara7900rba,39142-42104:Alvin Kamara,39142-42104,RB,a,Alvin Kamara,kamara,16.76399994,5,7900,NO@JAC,NO,JAC,Q,Ankle,,ryland,ryland,alvin,kamara7900rba
lewis4900rbd,0,Dion Lewis,4900,TEN,@DEN,,,4.7,10,0.2,-1.23,1,0.5,3.4,5.93,-9,0.53,0,0,4,0,0.46,1.4,34,20,21,1.2,1,41,54,0,0,0,0,0,0,0,0,0,0,0,0,0,0,0,9,24,3.4,0,0.357,1.81,0.69,0.25,71,0.05,0,3,-300,0.52,0.11,40,0,0.6,50,7.3,-0.1,-1100,0.71,0.21,69,0.15,0.19,26,RB,6,0,0.192,0.547,7,3,3,19,12,6.3,0.1,4.9,0,0.556,0,0,0,0,0,0,0,0,0,0,0,0,0,lewis,dion lewis,d,lewis4900rbd,39142-14339:Dion Lewis,39142-14339,RB,d,Dion Lewis,lewis,3.039999962,5,4900,TEN@DEN,TEN,DEN,,,,ryland,ryland,dion,lewis4900rbd
lindsay6700rbp,0,Phillip Lindsay,6700,DEN,TEN,,,12.1,21.9,3.2,1.68,1.8,3,14.5,10.42,5,0.91,1,2.6,6,0,0.39,-0.4,33,21,20,-0.3,-1,41,46,0,0,0,0,0,0,0,0,0,0,0,0,0,0,0,21,69,5.1,0.7,0.5,2.31,1.19,0.69,71,0.05,0,17.5,100,0.93,0.53,100,0.6,0,50,13.5,2.7,700,0.77,0.41,62,0.37,0.25,24,RB,6,0.733,0.598,0.51,13,3,2,21,11,7.2,0,5.3,0.25,0.625,0,0,0,0,0,0,0,0,0,0,0,0,0,lindsay,phillip lindsay,p,lindsay6700rbp,39142-41426:Phillip Lindsay,39142-41426,RB,p,Phillip Lindsay,lindsay,14.68000031,5,6700,TEN@DEN,DEN,TEN,,,,ryland,ryland,phillip,lindsay6700rbp
mattison4900rba,0,A. Mattison,4900,MIN,PHI,,,3.9,7.8,0.1,-2.03,0.8,0.5,4.3,5.93,-17,0.39,0,0,2,0,0.5,-2,12,23.8,20.3,0.3,-3.5,44,43,0,0,0,0,0,0,0,0,0,0,0,0,0,0,0,16,37,5.6,0.2,0.382,1.2,0.4,0,0,0,0,5.3,0,0.82,0.44,100,0.25,0,40,5.2,-0.4,-1100,0.75,0.44,62,0.12,0,80,RB,6,0.125,0.227,0.194,6,0,0,1,1,80,0,1.6,0.167,0.5,0,0,0,0,0,0,0,0,0,0,0,0,0,mattison,a. mattison,a,mattison4900rba,39142-72776:Alexander Mattison,39142-72776,RB,a,Alexander Mattison,mattison,5.240000153,5,4900,PHI@MIN,MIN,PHI,,,,ryland,ryland,alexander,mattison4900rba
mccoy6400rbl,0,LeSean McCoy,6400,KC,HOU,,,8.4,14.5,1.9,-1.27,1.3,0.5,5.4,9.67,-3,0.8,0.5,0.6,5,0,0.59,2.8,31,29,25.5,-2,-3.5,54.5,67,0,0,0,0,0,0,0,0,0,0,0,0,0,0,0,13,37,3.6,0.3,0.404,2.25,1.06,0.56,60,0.34,0.01,8.8,600,0.83,0.35,60,0.4,0.4,50,8.2,0.1,400,0.62,0.27,54,0.31,0.22,22,RB,6,0.313,0.308,0.457,10,2,2,17,11,7.7,0.1,5.1,0.133,0.433,0,0,0,0,0,0,0,0,0,0,0,0,0,mccoy,lesean mccoy,l,mccoy6400rbl,39142-6779:LeSean McCoy,39142-6779,RB,l,LeSean McCoy,mccoy,10.45999985,5,6400,HOU@KC,KC,HOU,,,,ryland,ryland,lesean,mccoy6400rbl
mixon6400rbj,0,Joe Mixon,6400,CIN,@BAL,,,11.8,19.4,3.8,2.13,1.8,0.5,4.9,9.67,5,0.97,1,1.9,7,0,0.56,2.2,40,18.3,28.8,-0.2,10.5,47,42,0,0,0,0,0,0,0,0,0,0,0,0,0,0,0,22,71,4.7,0.4,0.481,2.5,1.56,1,64,0.49,0.01,9.5,-1100,0.52,0.24,50,0.16,0.5,60,12.4,0.2,400,0.68,0.31,47,0.21,0.34,23,RB,6,0.7,0.753,0.645,15,3,2,17,11,6.2,0.1,5.5,0.219,0.5,0,0,0,0,0,0,0,0,0,0,0,0,0,mixon,joe mixon,j,mixon6400rbj,39142-52442:Joe Mixon,39142-52442,RB,j,Joe Mixon,mixon,8.6,5,6400,CIN@BAL,CIN,BAL,,,,ryland,ryland,joe,mixon6400rbj
montgomery4600rbt,0,Ty Montgomery,4600,NYJ,DAL,,,2.2,4.3,0,-2.98,0.5,0.5,3.2,5.18,-22,0.17,0,0,2,0,0.56,3.5,15,18.3,25.3,-0.5,7,43.5,26,0,0,0,0,0,0,0,0,0,0,0,0,0,0,0,6,11,4.4,0.1,0.5,0.5,0.07,0.07,64,0.49,0.01,2.8,0,0.76,0.22,50,0,0.5,40,2.9,-1.5,-1400,0.65,0.19,33,0.04,0.47,21,RB,6,0.091,0.071,0.235,2,1,1,7,3,5.8,0,1.6,0.25,0.5,0,0,0,0,0,0,0,0,0,0,0,0,0,montgomery,ty montgomery,t,montgomery4600rbt,39142-29734:Ty Montgomery,39142-29734,RB,t,Ty Montgomery,montgomery,1.524999976,4,4600,DAL@NYJ,NYJ,DAL,,,,ryland,ryland,ty,montgomery4600rbt
mostert5700rbr,0,Raheem Mostert,5700,SF,@LA,,,3.3,8.3,0.1,-4.63,0.6,0.5,1.3,7.93,-14,0.41,0,0,3,0,0.54,2.2,21,23.3,26.3,0.5,3,49.5,38,0,0,0,0,0,0,0,0,0,0,0,0,0,0,0,21,60,7,0.1,0.58,0.63,0.13,0.13,72,0.54,0.01,8.8,100,0.72,0.33,50,0.25,0.25,40,8.3,0.5,-300,0.83,0.4,50,0.28,0.14,14,RB,6,0.125,0.365,0.326,8,1,1,10,7,10.9,0.1,2.7,0,0.25,0,0,0,0,0,0,0,0,0,0,0,0,0,mostert,raheem mostert,r,mostert5700rbr,39142-28744:Raheem Mostert,39142-28744,RB,r,Raheem Mostert,mostert,9.100000381,4,5700,SF@LAR,SF,LAR,,,,ryland,ryland,raheem,mostert5700rbr
murray5000rbl,0,Latavius Murray,5000,NO,@JAX,,,5,8.8,0,-1.18,1,0.5,9.4,6.18,-10,0.46,0,0,1,0,0.43,0.3,24,20,22.5,-2,2.5,42.5,59,0,0,0,0,0,0,0,0,0,0,0,0,0,0,0,13,35,4.2,0.4,0.485,1.44,0.5,0.25,83,0.56,0.01,2.5,-900,0.45,0.13,20,0,0.8,50,80,-0.3,-1000,0.82,0.33,43,0.26,0.39,23,RB,6,0.636,0.336,0.38,8,1,1,7,4,5.9,0,3.9,0.2,0.45,0,0,0,0,0,0,0,0,0,0,0,0,0,murray,latavius murray,l,murray5000rbl,39142-34331:Latavius Murray,39142-34331,RB,l,Latavius Murray,murray,4.320000076,5,5000,NO@JAC,NO,JAC,,,,ryland,ryland,latavius,murray5000rbl
peterson5300rba,0,Adrian Peterson,5300,WAS,@MIA,,,10.4,20.7,3.5,3.47,2,10.5,14.6,6.93,-7,0.53,0,0,6,0,0.59,4,28,24,18,1.2,-6,42,53,0,0,0,0,0,0,0,0,0,0,0,0,0,0,0,20,56,3.9,0.3,0.459,1.76,0.76,0.29,83,0.74,0.03,4.4,500,0.39,0.2,33,0.16,0.66,60,8.7,-0.2,-700,0.55,0.31,53,0.3,0.3,26,RB,6,0.556,0.554,0.462,14,1,1,4,4,4.8,0.1,2.3,0.12,0.44,0,0,0,0,0,0,0,0,0,0,0,0,0,peterson,adrian peterson,a,peterson5300rba,39142-6703:Adrian Peterson,39142-6703,RB,a,Adrian Peterson,peterson,4.675000191,4,5300,WAS@MIA,WAS,MIA,,,,ryland,ryland,adrian,peterson5300rba
pollard5000rbt,0,Tony Pollard,5000,DAL,@NYJ,,,3.6,8.3,0.1,-2.58,0.7,0.5,1.3,6.18,-15,0.41,0,0,5,0,0.36,1.2,13,25.3,18.3,-1,-7,43.5,74,0,0,0,0,0,0,0,0,0,0,0,0,0,0,0,10,33,4.9,0.2,0.471,0.6,0,0,64,0.49,0.01,6.3,200,1.01,0.57,50,0.25,0.5,40,5.5,-0.3,-1000,0.73,0.42,22,0.11,0.33,90,RB,6,0.167,0.239,0.203,6,0,0,5,3,70,0,2.3,0.5,1,0,0,0,0,0,0,0,0,0,0,0,0,0,pollard,tony pollard,t,pollard5000rbt,39142-63759:Tony Pollard,39142-63759,RB,t,Tony Pollard,pollard,6.900000095,4,5000,DAL@NYJ,DAL,NYJ,,,,ryland,ryland,tony,pollard5000rbt
prosise4600rbc,0,C.J. Prosise,4600,SEA,@CLE,,,4.4,9.6,0.4,-0.78,1,0,0.8,5.18,0,0.07,0,0,3,0,0.61,1.4,18,22.3,23.3,-1.7,1,45.5,64,0,0,0,0,0,0,0,0,0,0,0,0,0,0,0,3,3,1.3,0.3,0.2,0.27,0.27,0.18,64,0.32,0.01,4.2,100,0.74,0.18,75,0.5,0.25,40,1.5,-0.4,-1400,0.33,0.08,14,0.09,0.38,21,RB,6,0.2,0.02,0.245,2,2,2,12,7,6.4,0,30,0.333,0.333,0,0,0,0,0,0,0,0,0,0,0,0,0,prosise,c.j. prosise,c,prosise4600rbc,39142-33472:C.J. Prosise,39142-33472,RB,c,C.J. Prosise,prosise,5.566666921,3,4600,SEA@CLE,SEA,CLE,,,,ryland,ryland,c.j.,prosise4600rbc
sanders5700rbm,0,Miles Sanders,5700,PHI,@MIN,,,8.6,17.8,2.9,0.67,1.5,0.5,16.7,7.93,0,0.92,1,1.3,1,0,0.36,-1.6,29,20.3,23.8,-0.2,3.5,44,57,0,0,0,0,0,0,0,0,0,0,0,0,0,0,0,15,38,3.6,0,0.444,2.4,1.4,0.4,0,0,0,7.5,300,0.53,0.27,100,0.16,0,60,6.9,-0.7,-300,0.5,0.24,54,0.09,0.09,11,RB,6,0,0.345,0.409,10,3,2,26,17,13.3,0,6.2,0,0.222,0,0,0,0,0,0,0,0,0,0,0,0,0,sanders,miles sanders,m,sanders5700rbm,39142-71845:Miles Sanders,39142-71845,RB,m,Miles Sanders,sanders,7.119999695,5,5700,PHI@MIN,PHI,MIN,,,,ryland,ryland,miles,sanders5700rbm
smallwood4500rbw,0,Wendell Smallwood,4500,WAS,@MIA,,,2.7,6.6,0,-2.23,0.6,0.5,0.4,4.93,-19,0.31,0,0,3,0,0.5,4,13,24,18,1.2,-6,42,53,0,0,0,0,0,0,0,0,0,0,0,0,0,0,0,4,13,3.8,0.1,0.451,0.63,0.31,0.13,83,0.74,0.03,1.7,0,0.69,0.22,75,0,0.25,40,4.3,-1.4,-1500,0.84,0.33,54,0.13,0.27,22,RB,6,0.25,0.158,0.214,3,1,1,11,7,7.9,0.1,4.4,0.286,0.571,0,0,0,0,0,0,0,0,0,0,0,0,0,smallwood,wendell smallwood,w,smallwood4500rbw,39142-38509:Wendell Smallwood,39142-38509,RB,w,Wendell Smallwood,smallwood,2.300000032,3,4500,WAS@MIA,WAS,MIA,,,,ryland,ryland,wendell,smallwood4500rbw
smith5000rbi,0,Ito Smith,5000,ATL,@ARI,,,7,12.8,1.3,0.82,1.4,0.5,0.6,6.18,-6,0.7,1,1,3,0,0.61,-1.6,26,27.8,24.8,2.8,-3,52.5,71,0,0,0,0,0,0,0,0,0,0,0,0,0,0,0,11,23,3.8,0.2,0.494,1.57,0.64,0.36,0,0,0,6.3,-300,1,0.27,75,0.5,0.25,40,5.9,-0.7,-1000,0.67,0.23,57,0.19,0.14,21,RB,6,0.429,0.282,0.391,6,2,2,12,7,5.7,0,4.3,0.176,0.353,0,0,0,0,0,0,0,0,0,0,0,0,0,smith,ito smith,i,smith5000rbi,39142-55689:Ito Smith,39142-55689,RB,i,Ito Smith,smith,5.9,5,5000,ATL@ARI,ATL,ARI,,,,ryland,ryland,ito,smith5000rbi
thompson5400rbc,0,Chris Thompson,5400,WAS,@MIA,,,9.4,18.3,2.5,2.22,1.7,0.5,3,7.18,2,0.95,1,1.6,6,0,0.93,4,30,24,18,1.2,-6,42,53,0,0,0,0,0,0,0,0,0,0,0,0,0,0,0,8,13,3.6,0,0.275,0.38,0.25,0.13,83,0.74,0.03,10.1,100,0.96,0.32,100,0.5,0,60,5.1,-0.1,-600,0.57,0.17,41,0.16,0.37,24,RB,6,0,0.144,0.494,3,5,3,30,13,8.4,0,5.8,0,0.25,0,0,0,0,0,0,0,0,0,0,0,0,0,thompson,chris thompson,c,thompson5400rbc,39142-24891:Chris Thompson,39142-24891,RB,c,Chris Thompson,thompson,9.2,5,5400,WAS@MIA,WAS,MIA,,,,ryland,ryland,chris,thompson5400rbc
walton4500rbm,0,Mark Walton,4500,MIA,WAS,,,4.5,8.9,0,-0.43,1,0.5,10,4.93,-10,0.46,0,0,0,0,0.36,-1.5,9,18,24,-0.3,6,42,47,0,0,0,0,0,0,0,0,0,0,0,0,0,0,0,4,8,3.4,0,0.421,0,0,0,83,0.74,0.03,2.5,0,0.39,0.23,66,0,0.33,30,0.8,-1,-1500,0.26,0.09,10,0,0.7,20,RB,6,0,0.103,0.159,2,0,0,4,3,8.3,0,2.7,0,0,0,0,0,0,0,0,0,0,0,0,0,0,0,walton,mark walton,m,walton4500rbm,39142-62791:Mark Walton,39142-62791,RB,m,Mark Walton,walton,2.566666603,3,4500,WAS@MIA,MIA,WAS,,,,ryland,ryland,mark,walton4500rbm
williams6600rbd,0,Damien Williams,6600,KC,HOU,,,11,17.9,4.7,0.83,1.7,10.5,8.5,10.17,-12,0.39,1,3.9,7,0,0.56,2.8,27,29,25.5,-2,-3.5,54.5,67,0,0,0,0,0,0,0,0,0,0,0,0,0,0,0,9,28,4,0.5,0.582,1.88,1.06,1,60,0.34,0.01,3.5,0,0.26,0.1,60,0,0.4,50,10.5,40,600,1,0.39,52,0.36,0.32,25,RB,6,0.556,0.267,0.413,7,3,2,22,11,7.6,0.2,4.7,0.368,0.789,0,0,0,0,0,0,0,0,0,0,0,0,0,williams,damien williams,d,williams6600rbd,39142-27441:Damien Williams,39142-27441,RB,d,Damien Williams,williams,9.299999873,3,6600,HOU@KC,KC,HOU,,,,ryland,ryland,damien,williams6600rbd
akins4600tej,16.4,Jordan Akins,4600,HOU,@KC,,,4.1,7.4,0,0.1,0.9,0.5,5.4,4,-14,0.63,1,1,2,0,0.63,-0.9,28,25.5,29,1,3.5,54.5,33,0,0,0,0,0,0,0,0,0,0,0,0,0,0,0,0,0,0,0,0,0.38,0.06,0.06,60,0.34,0.01,7.6,500,2.35,0.21,100,0.25,0,40,3.1,0,-1400,1.73,0.11,52,0.04,0.28,21,TE,6,0,0,0,0,1,1,18,13,15.7,0.1,80,0.167,0,0.066,0.069,0.077,0,0,0,0,0,0,0,0,0,0,akins,jordan akins,j,akins4600tej,39142-57338:Jordan Akins,39142-57338,TE,j,Jordan Akins,akins,6.540000153,5,4600,HOU@KC,HOU,KC,,,,ryland,ryland,jordan,akins4600tej
andrews6300tem,19,Mark Andrews,6300,BAL,CIN,,,10.3,15.4,0.9,2.33,1.6,10.5,10.9,7.97,-1,0.55,1,6.3,7,0,0.61,0.2,28,28.8,18.3,-0.2,-10.5,47,58,0,0,0,0,0,0,0,0,0,0,0,0,0,0,0,0,0,0,0,0,0.56,0.31,0.06,64,0.49,0.01,10.6,200,1.36,0.27,75,0.25,0.25,40,8.2,2.5,300,1.83,0.29,72,0.4,0.09,22,TE,6,0,0,0,0,4,3,45,24,14.3,0.3,10,0.333,0,0.159,0.227,0.21,0,0,0,0,0,0,0,0,0,0,andrews,mark andrews,m,andrews6300tem,39142-52436:Mark Andrews,39142-52436,TE,m,Mark Andrews,andrews,12.61999969,5,6300,CIN@BAL,BAL,CIN,Q,Shoulder,,ryland,ryland,mark,andrews6300tem
boyle4500ten,19,Nick Boyle,4500,BAL,CIN,,,2.6,4.5,0,-1.17,0.6,0.5,2.8,3.77,-25,0.3,0,0,0,0,0.5,0.2,40,28.8,18.3,-0.2,-10.5,47,58,0,0,0,0,0,0,0,0,0,0,0,0,0,0,0,0,0,0,0,0,0.19,0.13,0.13,64,0.49,0.01,2.8,500,1.01,0.06,75,0.25,0.25,40,1.9,-0.9,-1500,0.98,0.05,45,0.04,0.27,22,TE,6,0,0,0,0,1,1,12,7,9.4,0,3.9,0,0,0.068,0,0.06,0,0,0,0,0,0,0,0,0,0,boyle,nick boyle,n,boyle4500ten,39142-62510:Nick Boyle,39142-62510,TE,n,Nick Boyle,boyle,3.039999962,5,4500,CIN@BAL,BAL,CIN,,,,ryland,ryland,nick,boyle4500ten
cook5600tej,6.8,Jared Cook,5600,NO,@JAX,,,5.7,12.5,0.5,-0.64,1,0.5,11.2,6.34,2,0.91,0,0.3,2,0,0.07,1.8,42,20,22.5,-2,2.5,42.5,59,0,0,0,0,0,0,0,0,0,0,0,0,0,0,0,0,0,0,0,0,0.44,0.25,0.06,83,0.56,0.01,5.1,-400,0.97,0.12,50,0.25,0.5,40,6.8,-0.3,-400,1.38,0.16,43,0.26,0.39,23,TE,6,0,0,0,0,4,3,39,18,12.7,0.3,70,0.286,0,0.17,0.25,0.172,0,0,0,0,0,0,0,0,0,0,cook,jared cook,j,cook5600tej,39142-7761:Jared Cook,39142-7761,TE,j,Jared Cook,cook,5.020000076,5,5600,NO@JAC,NO,JAC,,,,ryland,ryland,jared,cook5600tej
dissly6000tew,11.4,Will Dissly,6000,SEA,@CLE,,,9,12.6,0.6,1.73,1.5,3,0,7.27,-1,0.79,0.82,4,7,0,0.66,4,47,22.3,23.3,-1.7,1,45.5,64,0,0,0,0,0,0,0,0,0,0,0,0,0,0,0,0,0,0,0,0,1,0.6,0.2,64,0.32,0.01,15.2,1500,2.43,0.29,100,1,0,40,12.5,2.6,0,2.31,0.27,35,0.28,0,14,TE,6,0,0,0,0,5,4,52,21,11.4,0.8,10.4,0.8,0,0.174,0.333,0.186,0,0,0,0,0,0,0,0,0,0,dissly,will dissly,w,dissly6000tew,39142-56708:Will Dissly,39142-56708,TE,w,Will Dissly,dissly,12.48000031,5,6000,SEA@CLE,SEA,CLE,,,,ryland,ryland,will,dissly6000tew
dwelley4000ter,13.2,Ross Dwelley,4000,SF,@LA,,,3,7.7,0,0.4,0.8,0,0,2.6,0,0.08,0,0,0,0,0.61,-0.3,8,23.3,26.3,0.5,3,49.5,38,0,0,0,0,0,0,0,0,0,0,0,0,0,0,0,0,0,0,0,0,0.07,0,0,72,0.54,0.01,0.2,0,0.35,0.02,0,0,1,30,0.2,0,-2000,0.62,0.03,5,0,0.72,18,TE,6,0,0,0,0,0,0,1,1,2.8,0,1.1,0,0,0.012,0,0.004,0,0,0,0,0,0,0,0,0,0,dwelley,ross dwelley,r,dwelley4000ter,39142-83138:Ross Dwelley,39142-83138,TE,r,Ross Dwelley,dwelley,0.699999988,1,4000,SF@LAR,SF,LAR,,,,ryland,ryland,ross,dwelley4000ter
eifert4500tet,3.4,Tyler Eifert,4500,CIN,@BAL,,,4.4,7.3,0,0.63,1,0.5,2.3,3.77,-15,0.6,0.67,1,2,0,0.67,-1.1,26,18.3,28.8,-0.2,10.5,47,42,0,0,0,0,0,0,0,0,0,0,0,0,0,0,0,0,0,0,0,0,1,0.8,0.4,64,0.49,0.01,4.1,-400,1.09,0.18,100,0.2,0,50,4.3,-0.2,-1500,1.07,0.16,60,0.1,0,10,TE,6,0,0,0,0,4,2,19,10,7.3,0.2,6.8,0.2,0,0.101,0.143,0.066,0,0,0,0,0,0,0,0,0,0,eifert,tyler eifert,t,eifert4500tet,39142-33557:Tyler Eifert,39142-33557,TE,t,Tyler Eifert,eifert,4.4,5,4500,CIN@BAL,CIN,BAL,,,,ryland,ryland,tyler,eifert4500tet
ertz6600tez,7.4,Zach Ertz,6600,PHI,@MIN,,,11.3,17.5,1.2,2.62,1.7,14.5,5.4,8.68,1,0.4,0.9,3.3,8,0,0.66,2.5,59,20.3,23.8,-0.2,3.5,44,57,0,0,0,0,0,0,0,0,0,0,0,0,0,0,0,0,0,0,0,0,1.53,0.4,0.2,0,0,0,11.5,-500,1.21,0.18,100,0.33,0,60,13.2,2.3,600,1.57,0.22,54,0.29,0.29,24,TE,6,0,0,0,0,8,6,66,18,10.3,0.5,6.4,0.261,0,0.249,0.233,0.246,0,0,0,0,0,0,0,0,0,0,ertz,zach ertz,z,ertz6600tez,39142-29780:Zach Ertz,39142-29780,TE,z,Zach Ertz,ertz,10.74000015,5,6600,PHI@MIN,PHI,MIN,,,,ryland,ryland,zach,ertz6600tez
everett6000teg,17.4,Gerald Everett,6000,LA,SF,,,7,12.7,0.4,-0.27,1.2,6.5,1.9,7.27,-2,0.63,1,6,4,0,0.04,-3.2,34,26.3,23.3,0.5,-3,49.5,62,0,0,0,0,0,0,0,0,0,0,0,0,0,0,0,0,0,0,0,0,0.88,0.5,0.13,72,0.54,0.01,10.6,1300,1.64,0.19,100,0.6,0,50,70,2.3,0,1.56,0.21,62,0.37,0.12,24,TE,6,0,0,0,0,4,2,30,13,10.8,0.3,6.2,0.231,0,0.115,0.148,0.104,0,0,0,0,0,0,0,0,0,0,everett,gerald everett,g,everett6000teg,39142-57299:Gerald Everett,39142-57299,TE,g,Gerald Everett,everett,7.459999847,5,6000,SF@LAR,LAR,SF,,,,ryland,ryland,gerald,everett6000teg
fant4500ten,8.8,Noah Fant,4500,DEN,TEN,,,4.1,7.8,0,0.33,0.9,0.5,2.6,3.77,-8,0.68,1,2.7,3,0,0.53,1.6,46,21,20,-0.3,-1,41,46,0,0,0,0,0,0,0,0,0,0,0,0,0,0,0,0,0,0,0,0,0.4,0.4,0,71,0.05,0,4.9,-700,1.64,0.11,75,0.25,0.25,40,4.4,-0.1,-1500,1.3,0.1,44,0.11,0.11,90,TE,6,0,0,0,0,3,2,27,18,11.3,0.2,8.3,0,0,0.099,0.167,0.108,0,0,0,0,0,0,0,0,0,0,fant,noah fant,n,fant4500ten,39142-71705:Noah Fant,39142-71705,TE,n,Noah Fant,fant,4.620000076,5,4500,TEN@DEN,DEN,TEN,,,,ryland,ryland,noah,fant4500ten
fells5200ted,16.4,Darren Fells,5200,HOU,@KC,,,4.2,8.1,0,-1.2,0.8,0.5,9.9,5.4,-5,0.7,0,0,1,0,0.09,-0.9,30,25.5,29,1,3.5,54.5,33,0,0,0,0,0,0,0,0,0,0,0,0,0,0,0,0,0,0,0,0,0.38,0.19,0.06,60,0.34,0.01,7.9,1200,2.63,0.17,100,0.5,0,40,3.1,0.3,-800,2.75,0.1,30,0.2,0.5,20,TE,6,0,0,0,0,1,0,7,4,8.2,0.3,30,0.833,0,0.036,0.143,0.028,0,0,0,0,0,0,0,0,0,0,fells,darren fells,d,fells5200ted,39142-38301:Darren Fells,39142-38301,TE,d,Darren Fells,fells,6.3,5,5200,HOU@KC,HOU,KC,,,,ryland,ryland,darren,fells5200ted
gesicki4600tem,3,Michael Gesicki,4600,MIA,WAS,,,3.4,6.9,0,-0.6,0.7,0.5,6.6,4,-16,0.58,1,0.3,1,0,0.43,-0.4,24,18,24,-0.3,6,42,47,0,0,0,0,0,0,0,0,0,0,0,0,0,0,0,0,0,0,0,0,0.33,0.13,0.07,83,0.74,0.03,1.3,-200,0.8,0.04,66,0,0.33,30,1.8,-1.4,-1400,0.91,0.08,45,0,0.35,20,TE,6,0,0,0,0,2,1,11,9,8.8,0,4.2,0,0,0.072,0,0.058,0,0,0,0,0,0,0,0,0,0,gesicki,michael gesicki,m,gesicki4600tem,39142-56265:Mike Gesicki,39142-56265,TE,m,Mike Gesicki,gesicki,2.700000127,3,4600,WAS@MIA,MIA,WAS,,,,ryland,ryland,mike,gesicki4600tem
goedert4500ted,7.4,Dallas Goedert,4500,PHI,@MIN,,,4,7.5,0,0.23,0.9,0.5,7.3,3.77,-12,0.63,0,0,2,0,0.53,2.5,34,20.3,23.8,-0.2,3.5,44,57,0,0,0,0,0,0,0,0,0,0,0,0,0,0,0,0,0,0,0,0,0.4,0.27,0.2,0,0,0,3.1,-500,1.34,0.09,50,0.16,0.5,60,40,-0.9,-1500,1.61,0.12,41,0.16,0.41,24,TE,6,0,0,0,0,2,1,18,13,10.6,0.3,6.3,0.5,0,0.076,0.138,0.07,0,0,0,0,0,0,0,0,0,0,goedert,dallas goedert,d,goedert4500ted,39142-83074:Dallas Goedert,39142-83074,TE,d,Dallas Goedert,goedert,3.200000048,4,4500,PHI@MIN,PHI,MIN,,,,ryland,ryland,dallas,goedert4500ted
griffin4000ter,3.4,Ryan Griffin,4000,NYJ,DAL,,,2.9,6.4,0,0.3,0.7,0.5,10.3,2.6,-18,0.51,0,0,1,0,0.61,0.7,53,18.3,25.3,-0.5,7,43.5,26,0,0,0,0,0,0,0,0,0,0,0,0,0,0,0,0,0,0,0,0,0.14,0.14,0.07,64,0.49,0.01,0.6,0,0.57,0.01,0,0,1,30,1.7,-0.7,-2000,0.86,0.03,31,0.04,0.45,22,TE,6,0,0,0,0,2,1,14,9,9.6,0,4.2,0,0,0.072,0,0.066,0,0,0,0,0,0,0,0,0,0,griffin,ryan griffin,r,griffin4000ter,39142-34073:Ryan Griffin,39142-34073,TE,r,Ryan Griffin,griffin,1.049999952,4,4000,DAL@NYJ,NYJ,DAL,,,,ryland,ryland,ryan,griffin4000ter
harris4500ted,13.2,Demetrius Harris,4500,CLE,SEA,,,2.6,5,0,-1.17,0.6,0.5,2,3.77,-22,0.36,0,0,1,0,0.39,4.5,29,23.3,22.3,0.3,-1,45.5,36,0,0,0,0,0,0,0,0,0,0,0,0,0,0,0,0,0,0,0,0,0.38,0.13,0.13,64,0.32,0.01,2,500,1.62,0.04,25,0.25,0.75,40,1.8,-0.9,-1500,1.22,0.06,18,0.13,0.68,22,TE,6,0,0,0,0,1,0,5,3,8.5,0.2,1.9,0.5,0,0.042,0.075,0.019,0,0,0,0,0,0,0,0,0,0,harris,demetrius harris,d,harris4500ted,39142-19342:Demetrius Harris,39142-19342,TE,d,Demetrius Harris,harris,2.025000095,4,4500,SEA@CLE,CLE,SEA,,,,ryland,ryland,demetrius,harris4500ted
heuerman4600tej,8.8,Jeff Heuerman,4600,DEN,TEN,,,3.3,8.5,0,-0.7,0.7,0.5,0,4,-3,0.71,0,0,1,0,0.39,1.6,42,21,20,-0.3,-1,41,46,0,0,0,0,0,0,0,0,0,0,0,0,0,0,0,0,0,0,0,0,0.91,0.45,0.18,71,0.05,0,2.6,400,1.02,0.07,75,0,0.25,40,4.1,0,-1400,1.26,0.1,50,0.12,0.25,16,TE,6,0,0,0,0,3,2,21,9,8.9,0.2,3.6,0.2,0,0.11,0.133,0.086,0,0,0,0,0,0,0,0,0,0,heuerman,jeff heuerman,j,heuerman4600tej,39142-28487:Jeff Heuerman,39142-28487,TE,j,Jeff Heuerman,heuerman,3.399999936,3,4600,TEN@DEN,DEN,TEN,,,,ryland,ryland,jeff,heuerman4600tej
higbee4500tet,17.4,Tyler Higbee,4500,LA,SF,,,3.8,7.7,0,0.03,0.8,0.5,4,3.77,-11,0.66,1,0.3,2,0,0.61,-3.2,44,26.3,23.3,0.5,-3,49.5,62,0,0,0,0,0,0,0,0,0,0,0,0,0,0,0,0,0,0,0,0,0.56,0.38,0.19,72,0.54,0.01,3.6,0,0.83,0.1,66,0.16,0.33,60,4.2,0.6,-1500,1.47,0.1,62,0.2,0.2,24,TE,6,0,0,0,0,2,2,23,14,11.2,0.1,9.2,0.333,0,0.076,0.08,0.081,0,0,0,0,0,0,0,0,0,0,higbee,tyler higbee,t,higbee4500tet,39142-47870:Tyler Higbee,39142-47870,TE,t,Tyler Higbee,higbee,6.349999905,4,4500,SF@LAR,LAR,SF,,,,ryland,ryland,tyler,higbee4500tet
hill4600tej,6.8,Josh Hill,4600,NO,@JAX,,,3.4,7.9,0,-0.6,0.7,0.5,1.3,4,-7,0.68,0,0,1,0,0.39,1.8,40,20,22.5,-2,2.5,42.5,59,0,0,0,0,0,0,0,0,0,0,0,0,0,0,0,0,0,0,0,0,0.19,0,0,83,0.56,0.01,2.7,600,1.07,0.07,50,0,0.5,40,1.5,-1.2,-1400,0.86,0.04,31,0,0.5,22,TE,6,0,0,0,0,1,1,8,5,8.2,0,2.1,0,0,0.056,0,0.035,0,0,0,0,0,0,0,0,0,0,hill,josh hill,j,hill4600tej,39142-39492:Josh Hill,39142-39492,TE,j,Josh Hill,hill,2.75,4,4600,NO@JAC,NO,JAC,,,,ryland,ryland,josh,hill4600tej
hooper6400tea,18.4,Austin Hooper,6400,ATL,@ARI,,,11.1,15.6,1.1,2.89,1.7,23,21.7,8.21,-3,0.11,1,10,9,0,0.63,5.5,51,27.8,24.8,2.8,-3,52.5,71,0,0,0,0,0,0,0,0,0,0,0,0,0,0,0,0,0,0,0,0,0.88,0.56,0.31,0,0,0,12.1,400,1.47,0.21,100,0.4,0,50,9.2,1.8,400,1.42,0.18,78,0.26,0.04,23,TE,6,0,0,0,0,6,5,51,17,9.8,0.3,8.3,0.357,0,0.162,0.139,0.165,0,0,0,0,0,0,0,0,0,0,hooper,austin hooper,a,hooper6400tea,39142-40126:Austin Hooper,39142-40126,TE,a,Austin Hooper,hooper,13.46000061,5,6400,ATL@ARI,ATL,ARI,,,,ryland,ryland,austin,hooper6400tea
hurst4400teh,19,Hayden Hurst,4400,BAL,CIN,,,4.4,7.5,0,0.86,1,0.5,0.9,3.54,-12,0.63,1,0.3,1,0,0.66,0.2,25,28.8,18.3,-0.2,-10.5,47,58,0,0,0,0,0,0,0,0,0,0,0,0,0,0,0,0,0,0,0,0,0.38,0.19,0.13,64,0.49,0.01,4.8,-400,1.59,0.19,100,0.25,0,40,30,-0.5,-1600,1.47,0.12,54,0.09,0.27,22,TE,6,0,0,0,0,2,1,17,12,11.8,0.1,5.7,0.167,0,0.07,0.091,0.082,0,0,0,0,0,0,0,0,0,0,hurst,hayden hurst,h,hurst4400teh,39142-64031:Hayden Hurst,39142-64031,TE,h,Hayden Hurst,hurst,4.940000153,5,4400,CIN@BAL,BAL,CIN,,,,ryland,ryland,hayden,hurst4400teh
jarwin4500teb,16.2,Blake Jarwin,4500,DAL,@NYJ,,,3.4,7.9,0,-0.37,0.8,0.5,1.6,3.77,-21,0.68,0,0,1,0,0.66,-0.1,26,25.3,18.3,-1,-7,43.5,74,0,0,0,0,0,0,0,0,0,0,0,0,0,0,0,0,0,0,0,0,0.19,0,0,64,0.49,0.01,2.5,0,1.41,0.1,50,0.25,0.5,40,4.9,1.5,-1500,1.85,0.19,50,0.22,0.31,22,TE,6,0,0,0,0,2,2,25,13,12,0.3,8.3,0.667,0,0.078,0.143,0.09,0,0,0,0,0,0,0,0,0,0,jarwin,blake jarwin,b,jarwin4500teb,39142-27527:Blake Jarwin,39142-27527,TE,b,Blake Jarwin,jarwin,5.324999809,4,4500,DAL@NYJ,DAL,NYJ,,,,ryland,ryland,blake,jarwin4500teb
kelce7500tet,19.2,Travis Kelce,7500,KC,HOU,,,14.9,21.5,1.1,4.12,2,23,7.8,10.78,0,0.14,0.94,7,9,0,0.99,-2.3,60,29,25.5,-2,-3.5,54.5,67,0,0,0,0,0,0,0,0,0,0,0,0,0,0,0,0,0,0,0,0,1.75,0.94,0.38,60,0.34,0.01,12.5,-500,1.43,0.2,60,0,0.4,50,13.3,1.6,1500,1.45,0.22,51,0.11,0.33,27,TE,6,0,0,0,0,9,6,85,24,13.3,0.5,9.5,0.25,0,0.253,0.17,0.251,0,0,0,0,0,0,0,0,0,0,kelce,travis kelce,t,kelce7500tet,39142-33076:Travis Kelce,39142-33076,TE,t,Travis Kelce,kelce,12.78000031,5,7500,HOU@KC,KC,HOU,,,,ryland,ryland,travis,kelce7500tet
kittle6500teg,13.2,George Kittle,6500,SF,@LA,,,9.9,14.5,1,1.46,1.5,6.5,14.3,8.44,2,0.71,1,7.3,8,0,0.64,-0.3,59,23.3,26.3,0.5,3,49.5,38,0,0,0,0,0,0,0,0,0,0,0,0,0,0,0,0,0,0,0,0,1.4,0.47,0.13,72,0.54,0.01,12.8,-600,1.92,0.19,75,0.5,0.25,40,12.6,2.6,500,1.59,0.21,72,0.28,0.16,25,TE,6,0,0,0,0,7,5,80,31,13.8,0.3,10.2,0.095,0,0.28,0.208,0.318,0,0,0,0,0,0,0,0,0,0,kittle,george kittle,g,kittle6500teg,39142-39793:George Kittle,39142-39793,TE,g,George Kittle,kittle,10.69999981,4,6500,SF@LAR,SF,LAR,,,,ryland,ryland,george,kittle6500teg
rudolph4500tek,14,Kyle Rudolph,4500,MIN,PHI,,,3.5,7.1,0,-0.27,0.8,0.5,5.1,3.77,-16,0.6,0,0,2,0,0.61,1.3,57,23.8,20.3,0.3,-3.5,44,43,0,0,0,0,0,0,0,0,0,0,0,0,0,0,0,0,0,0,0,0,0.88,0.44,0.25,0,0,0,1.7,-400,0.94,0.03,75,0,0.25,40,4.6,-1.4,-1500,1.33,0.08,47,0.08,0.39,23,TE,6,0,0,0,0,3,2,27,14,9.4,0.1,6.5,0.071,0,0.122,0.083,0.121,0,0,0,0,0,0,0,0,0,0,rudolph,kyle rudolph,k,rudolph4500tek,39142-14237:Kyle Rudolph,39142-14237,TE,k,Kyle Rudolph,rudolph,1.319999981,5,4500,PHI@MIN,MIN,PHI,,,,ryland,ryland,kyle,rudolph4500tek
seals-jones5500ter,13.2,Ricky Seals-Jones,5500,CLE,SEA,,,3,7.5,0,-3.11,0.5,0.5,12.2,6.11,-5,0.63,0,0,1,0,0.07,4.5,26,23.3,22.3,0.3,-1,45.5,36,0,0,0,0,0,0,0,0,0,0,0,0,0,0,0,0,0,0,0,0,0.25,0.19,0.06,64,0.32,0.01,3.3,800,2.17,0.3,33,0.16,0.66,60,2.9,-1.7,-500,0.84,0.11,26,0.04,0.56,23,TE,6,0,0,0,0,3,2,22,14,11.3,0.1,5.3,0.25,0,0.12,0.077,0.108,0,0,0,0,0,0,0,0,0,0,seals-jones,ricky seals-jones,r,seals-jones5500ter,39142-40977:Ricky Seals-Jones,39142-40977,TE,r,Ricky Seals-Jones,seals-jones,5.866666794,3,5500,SEA@CLE,CLE,SEA,,,,ryland,ryland,ricky,seals-jones5500ter
smith4500tei,14,Irv Smith,4500,MIN,PHI,,,2.9,6.4,0,-0.87,0.6,0.5,3.9,3.77,-19,0.51,0,0,1,0,0.61,1.3,29,23.8,20.3,0.3,-3.5,44,43,0,0,0,0,0,0,0,0,0,0,0,0,0,0,0,0,0,0,0,0,0,0,0,0,0,0,2.2,500,1.48,0.07,25,0.25,0.75,40,1.8,-0.9,-1500,1.48,0.06,12,0.12,0.5,80,TE,6,0,0,0,0,1,1,12,6,12.8,0,4.9,0,0,0.052,0,0.061,0,0,0,0,0,0,0,0,0,0,smith,irv smith,i,smith4500tei,39142-72725:Irv Smith Jr.,39142-72725,TE,i,Irv Smith Jr.,smith,2.96666654,3,4500,PHI@MIN,MIN,PHI,,,,ryland,ryland,irv,smith4500tei
smith4500tej,6.8,Jonnu Smith,4500,TEN,@DEN,,,3.2,7.9,0,-0.57,0.7,0.5,1.3,3.77,-9,0.68,0,0,2,0,0.5,0.6,40,20,21,1.2,1,41,54,0,0,0,0,0,0,0,0,0,0,0,0,0,0,0,0,0,0,0,0,0.38,0.38,0.15,71,0.05,0,2.6,500,1.7,0.07,50,0.25,0.5,40,5.7,1.5,-1500,2.65,0.14,65,0.35,0.2,20,TE,6,0,0,0,0,2,1,25,19,14.2,0.2,8.4,0.4,0,0.086,0.176,0.112,0,0,0,0,0,0,0,0,0,0,smith,jonnu smith,j,smith4500tej,39142-48116:Jonnu Smith,39142-48116,TE,j,Jonnu Smith,smith,3.099999905,4,4500,TEN@DEN,TEN,DEN,,,,ryland,ryland,jonnu,smith4500tej
sprinkle4500tej,14.4,Jeremy Sprinkle,4500,WAS,@MIA,,,4,7.7,0,0.23,0.9,0.5,3.4,3.77,-9,0.66,0.8,1.7,1,0,0.43,2.4,23,24,18,1.2,-6,42,53,0,0,0,0,0,0,0,0,0,0,0,0,0,0,0,0,0,0,0,0,0.41,0.35,0.12,83,0.74,0.03,2.4,500,0.88,0.09,100,0,0,40,1.6,-0.3,-1500,1.27,0.07,39,0.04,0.43,23,TE,6,0,0,0,0,1,0,6,5,9.7,0.1,2.9,0.143,0,0.039,0.053,0.034,0,0,0,0,0,0,0,0,0,0,sprinkle,jeremy sprinkle,j,sprinkle4500tej,39142-31169:Jeremy Sprinkle,39142-31169,TE,j,Jeremy Sprinkle,sprinkle,2.2,5,4500,WAS@MIA,WAS,MIA,,,,ryland,ryland,jeremy,sprinkle4500tej
swaim4200teg,11.8,Geoff Swaim,4200,JAX,NO,,,4.5,8.3,0,1.43,1.1,0.5,1,3.07,-4,0.71,1,1.3,1,0,0.64,-0.7,43,22.5,20,0.5,-2.5,42.5,41,0,0,0,0,0,0,0,0,0,0,0,0,0,0,0,0,0,0,0,0,0.19,0,0,83,0.56,0.01,2.1,-300,0.75,0.06,75,0,0.25,40,1.5,-0.4,-1800,0.49,0.04,39,0,0.43,23,TE,6,0,0,0,0,3,2,15,9,60,0,5.3,0,0,0.095,0,0.063,0,0,0,0,0,0,0,0,0,0,swaim,geoff swaim,g,swaim4200teg,39142-38523:Geoff Swaim,39142-38523,TE,g,Geoff Swaim,swaim,2.4,5,4200,NO@JAC,JAC,NO,,,,ryland,ryland,geoff,swaim4200teg
uzomah4000tec,3.4,C.J. Uzomah,4000,CIN,@BAL,,,2.9,6.4,0,0.3,0.7,0.5,3.6,2.6,-19,0.51,0,0,1,0,0.63,-1.1,51,18.3,28.8,-0.2,10.5,47,42,0,0,0,0,0,0,0,0,0,0,0,0,0,0,0,0,0,0,0,0,0.5,0.19,0.06,64,0.49,0.01,0.7,-800,0.65,0.02,25,0,0.75,40,4.7,-0.1,-2000,1.49,0.09,52,0.09,0.28,21,TE,6,0,0,0,0,3,2,25,12,10.1,0.1,5.5,0.25,0,0.102,0.091,0.113,0,0,0,0,0,0,0,0,0,0,uzomah,c.j. uzomah,c,uzomah4000tec,39142-31207:C.J. Uzomah,39142-31207,TE,c,C.J. Uzomah,uzomah,2.799999952,4,4000,CIN@BAL,CIN,BAL,,,,ryland,ryland,c.j.,uzomah4000tec
walker5200ted,6.8,Delanie Walker,5200,TEN,@DEN,,,5.5,11.7,0.3,0.1,1.1,0.5,5.8,5.4,-1,0.86,0.67,1.3,3,0,0.61,0.6,31,20,21,1.2,1,41,54,0,0,0,0,0,0,0,0,0,0,0,0,0,0,0,0,0,0,0,0,1,0.2,0,71,0.05,0,5.6,-700,1.18,0.18,60,0.4,0.4,50,80,10,-800,1.6,0.26,44,0.33,0.22,90,TE,6,0,0,0,0,5,3,34,14,9.6,0.4,60,0.4,0,0.191,0.286,0.154,0,0,0,0,0,0,0,0,0,0,walker,delanie walker,d,walker5200ted,39142-6863:Delanie Walker,39142-6863,TE,d,Delanie Walker,walker,7.640000153,5,5200,TEN@DEN,TEN,DEN,,,,ryland,ryland,delanie,walker5200ted
willson4200tel,11.4,Luke Willson,4200,SEA,@CLE,,,2.7,6.3,0,-0.37,0.6,0.5,2.6,3.07,-22,0.51,0,0,1,0,0.63,4,30,22.3,23.3,-1.7,1,45.5,64,0,0,0,0,0,0,0,0,0,0,0,0,0,0,0,0,0,0,0,0,0,0,0,64,0.32,0.01,1.5,0,1,0.05,100,0,0,10,10,-1.3,-1800,0.72,0.03,27,0,0.44,18,TE,6,0,0,0,0,1,1,8,5,7.8,0,4.4,0,0,0.044,0,0.039,0,0,0,0,0,0,0,0,0,0,willson,luke willson,l,willson4200tel,39142-32000:Luke Willson,39142-32000,TE,l,Luke Willson,willson,2.549999952,2,4200,SEA@CLE,SEA,CLE,,,,ryland,ryland,luke,willson4200tel
witten5000tej,16.2,Jason Witten,5000,DAL,@NYJ,,,5.8,11.3,0.5,0.86,1.2,0.5,8.2,4.94,-2,0.84,0,0,2,0,0.66,-0.1,48,25.3,18.3,-1,-7,43.5,74,0,0,0,0,0,0,0,0,0,0,0,0,0,0,0,0,0,0,0,0,1.2,0.8,0.6,64,0.49,0.01,6.4,300,1.59,0.13,100,0.2,0,50,6.8,1.2,-1000,1.7,0.14,60,0.2,0,10,TE,6,0,0,0,0,4,3,34,17,10.2,0.4,8.6,0.333,0,0.122,0.182,0.108,0,0,0,0,0,0,0,0,0,0,witten,jason witten,j,witten5000tej,39142-6641:Jason Witten,39142-6641,TE,j,Jason Witten,witten,7.159999847,5,5000,DAL@NYJ,DAL,NYJ,,,,ryland,ryland,jason,witten5000tej
agholor5100wrn,0,Nelson Agholor,5100,PHI,@MIN,,,6.9,11.8,0,1.34,1.4,0.5,6.2,5.56,-17,0.69,1,0.3,1,0,0.94,0.7,60,20.3,23.8,-0.2,3.5,44,57,0,0,0,0,0,0,0,0,0,0,0,0,0,0,0,0,0,0,0,0,0.8,0.47,0.27,0,0,0,8.4,300,1.25,0.13,40,0.4,0.6,50,7.4,0.8,-900,1.37,0.12,47,0.26,0.34,23,WR,6,0,0,0,0,5,3,41,26,12.2,0.4,6.4,0.364,0,0.158,0.2,0.154,0,0,0,0,0,0,0,0,0,0,agholor,nelson agholor,n,agholor5100wrn,39142-29683:Nelson Agholor,39142-29683,WR,n,Nelson Agholor,agholor,8.859999847,5,5100,PHI@MIN,PHI,MIN,,,,ryland,ryland,nelson,agholor5100wrn
anderson5300wrr,0,Robby Anderson,5300,NYJ,DAL,,,8.9,14.8,0.5,2.89,1.7,3,21,6.01,-3,0.72,1,5,3,0,0.47,-0.4,54,18.3,25.3,-0.5,7,43.5,26,0,0,0,0,0,0,0,0,0,0,0,0,0,0,0,0,0,0,0,0,0.67,0.33,0.27,64,0.49,0.01,4.9,-700,1.06,0.09,33,0,0.66,30,80,1.6,-700,1.16,0.15,45,0.2,0.35,20,WR,6,0,0,0,0,6,3,50,20,13,0.2,6.3,0.2,0,0.233,0.273,0.247,0,0,0,0,0,0,0,0,0,0,anderson,robby anderson,r,anderson5300wrr,39142-26251:Robby Anderson,39142-26251,WR,r,Robby Anderson,anderson,4.650000095,4,5300,DAL@NYJ,NYJ,DAL,,,,ryland,ryland,robby,anderson5300wrr
austin4500wrt,0,Tavon Austin,4500,DAL,@NYJ,,,3.1,7.3,0,-1.09,0.7,0.5,8.9,4.19,-42,0.37,0,0,0,0,0.4,2.8,16,25.3,18.3,-1,-7,43.5,74,0,0,0,0,0,0,0,0,0,0,0,0,0,0,0,0,0,0,0,0,0,0,0,64,0.49,0.01,1.1,0,0.56,0.09,50,0,0.5,40,0.6,-0.3,-1500,0.29,0.04,18,0,0.59,22,WR,6,0,0,0,0,1,1,8,8,8.2,0,6.9,0,0,0.04,0,0.025,0,0,0,0,0,0,0,0,0,0,austin,tavon austin,t,austin4500wrt,39142-26458:Tavon Austin,39142-26458,WR,t,Tavon Austin,austin,1.933333397,3,4500,DAL@NYJ,DAL,NYJ,,,,ryland,ryland,tavon,austin4500wrt
beckham7600wro,0,Odell Beckham,7600,CLE,SEA,,,13.6,21.6,2.8,2.34,1.8,10.5,13.1,11.26,-1,0.69,0.93,4.3,6,0,0.6,0.2,61,23.3,22.3,0.3,-1,45.5,36,0,0,0,0,0,0,0,0,0,0,0,0,0,0,0,0,0,0,0,0,1.13,0.47,0.2,64,0.32,0.01,8.9,-500,0.94,0.14,16,0.16,0.83,60,12.5,1.8,1600,1.32,0.2,41,0.29,0.45,24,WR,6,0,0,0,0,8,5,80,35,16,0.5,8.2,0.313,0,0.274,0.429,0.302,0,0,0,0,0,0,0,0,0,0,beckham,odell beckham,o,beckham7600wro,39142-31360:Odell Beckham Jr.,39142-31360,WR,o,Odell Beckham Jr.,beckham,10.25999985,5,7600,SEA@CLE,CLE,SEA,,,,ryland,ryland,odell,beckham7600wro
bourne4500wrk,0,Kendrick Bourne,4500,SF,@LA,,,4,9,0.1,-0.19,0.9,0.5,1.6,4.19,-21,0.49,0,0,0,0,0.4,1.1,39,23.3,26.3,0.5,3,49.5,38,0,0,0,0,0,0,0,0,0,0,0,0,0,0,0,0,0,0,0,0,0.8,0.33,0.13,72,0.54,0.01,2.3,0,1.17,0.12,66,0,0.33,30,4.8,-0.2,-1500,1.26,0.12,75,0.25,0.1,20,WR,6,0,0,0,0,3,2,29,15,11.8,0.1,6.2,0.167,0,0.136,0.083,0.117,0,0,0,0,0,0,0,0,0,0,bourne,kendrick bourne,k,bourne4500wrk,39142-80289:Kendrick Bourne,39142-80289,WR,k,Kendrick Bourne,bourne,2.099999905,4,4500,SF@LAR,SF,LAR,,,,ryland,ryland,kendrick,bourne4500wrk
boyd6400wrt,0,Tyler Boyd,6400,CIN,@BAL,,,12.3,21,3.1,3.78,1.9,6.5,2.5,8.52,5,0.84,1,6.3,4,0,0.97,1.1,57,18.3,28.8,-0.2,10.5,47,42,0,0,0,0,0,0,0,0,0,0,0,0,0,0,0,0,0,0,0,0,0.44,0.19,0.06,64,0.49,0.01,10.8,100,1.05,0.18,83,0.33,0.16,60,10.3,1.5,400,1.15,0.18,47,0.21,0.34,23,WR,6,0,0,0,0,7,5,74,25,12.5,0.4,8.3,0.571,0,0.239,0.3,0.312,0,0,0,0,0,0,0,0,0,0,boyd,tyler boyd,t,boyd6400wrt,39142-40669:Tyler Boyd,39142-40669,WR,t,Tyler Boyd,boyd,13.08000031,5,6400,CIN@BAL,CIN,BAL,,,,ryland,ryland,tyler,boyd6400wrt
boykin4600wrm,0,Miles Boykin,4600,BAL,CIN,,,6.4,12.8,1.2,1.98,1.4,0.5,3.8,4.42,-1,0.76,1,0.7,1,0,0.54,-0.2,24,28.8,18.3,-0.2,-10.5,47,58,0,0,0,0,0,0,0,0,0,0,0,0,0,0,0,0,0,0,0,0,0.4,0.4,0.2,64,0.49,0.01,3.1,100,1.76,0.12,50,0.25,0.5,40,3.9,-0.2,-1400,2.41,0.16,33,0.22,0.22,90,WR,6,0,0,0,0,1,1,9,6,9.6,0.4,3.9,1,0,0.049,0.167,0.036,0,0,0,0,0,0,0,0,0,0,boykin,miles boykin,m,boykin4600wrm,39142-64827:Miles Boykin,39142-64827,WR,m,Miles Boykin,boykin,4.824999809,4,4600,CIN@BAL,BAL,CIN,,,,ryland,ryland,miles,boykin4600wrm
brown4500wrj,0,Jaron Brown,4500,SEA,@CLE,,,3.9,7.9,0,-0.29,0.9,0.5,16.4,4.19,-26,0.42,0,0,0,0,0.5,1,26,22.3,23.3,-1.7,1,45.5,64,0,0,0,0,0,0,0,0,0,0,0,0,0,0,0,0,0,0,0,0,0.38,0.25,0.13,64,0.32,0.01,3.2,0,1,0.07,80,0.2,0.2,50,2.9,-1.6,-1500,1.82,0.11,39,0.17,0.39,23,WR,6,0,0,0,0,1,1,14,9,13.4,0.3,50,0.667,0,0.067,0.114,0.06,0,0,0,0,0,0,0,0,0,0,brown,jaron brown,j,brown4500wrj,39142-24589:Jaron Brown,39142-24589,WR,j,Jaron Brown,brown,4.53333346,3,4500,SEA@CLE,SEA,CLE,,,,ryland,ryland,jaron,brown4500wrj
brown5400wra,0,A.J. Brown,5400,TEN,@DEN,,,6.4,11.6,0,0.16,1.2,0.5,3.3,6.24,-17,0.67,0,0.7,1,0,0.47,-0.7,32,20,21,1.2,1,41,54,0,0,0,0,0,0,0,0,0,0,0,0,0,0,0,0,0,0,0,0,0.4,0,0,71,0.05,0,6.5,0,1.73,0.2,60,0.2,0.4,50,7.3,10,-600,1.93,0.23,44,0.22,0.22,90,WR,6,0,0,0,0,3,2,50,27,20.8,0.4,15.1,0.5,0,0.145,0.286,0.224,0,0,0,0,0,0,0,0,0,0,brown,a.j. brown,a,brown5400wra,39142-72846:A.J. Brown,39142-72846,WR,a,A.J. Brown,brown,8.6,5,5400,TEN@DEN,TEN,DEN,,,,ryland,ryland,a.j.,brown5400wra
byrd4700wrd,0,Damiere Byrd,4700,ARI,ATL,,,5.5,13.1,0,0.86,1.2,0.5,7,4.64,-6,0.79,0,0.3,1,0,0.63,5.5,26,24.8,27.8,0.8,3,52.5,29,0,0,0,0,0,0,0,0,0,0,0,0,0,0,0,0,0,0,0,0,0.18,0,0,0,0,0,2.4,200,0.43,0.04,25,0.25,0.75,40,1.5,0,-1300,0.69,0.06,15,0.1,0.4,20,WR,6,0,0,0,0,2,1,11,5,80,0,2.5,0,0,0.07,0,0.044,0,0,0,0,0,0,0,0,0,0,byrd,damiere byrd,d,byrd4700wrd,39142-30678:Damiere Byrd,39142-30678,WR,d,Damiere Byrd,byrd,5.200000127,3,4700,ATL@ARI,ARI,ATL,Q,Hamstring,,ryland,ryland,damiere,byrd4700wrd
callaway5100wra,0,Antonio Callaway,5100,CLE,SEA,,,4.9,10,0,-0.66,1,0.5,3.2,5.56,-25,0.58,0,0,0,0,0.58,0.2,45,23.3,22.3,0.3,-1,45.5,36,0,0,0,0,0,0,0,0,0,0,0,0,0,0,0,0,0,0,0,0,0.67,0.42,0.25,64,0.32,0.01,0,0,0,0,0,0,0.25,40,6.7,0.9,-900,1.7,0.15,47,0.26,0.15,19,WR,6,0,0,0,0,3,2,34,20,13.6,0.3,6.2,0.5,0,0.128,0.167,0.133,0,0,0,0,0,0,0,0,0,0,callaway,antonio callaway,a,callaway5100wra,39142-63360:Antonio Callaway,39142-63360,WR,a,Antonio Callaway,callaway,0,1,5100,SEA@CLE,CLE,SEA,,,,ryland,ryland,antonio,callaway5100wra
carr4500wra,0,Austin Carr,4500,NO,@JAX,,,2.2,4.7,0,-1.99,0.5,0.5,0,4.19,-42,0.22,0,0,0,0,0.4,1.2,20,20,22.5,-2,2.5,42.5,59,0,0,0,0,0,0,0,0,0,0,0,0,0,0,0,0,0,0,0,0,0.19,0.13,0.06,83,0.56,0.01,0,0,0,0,0,0,1,40,10,-1.1,-1500,1.77,0.05,13,0.04,0.68,22,WR,6,0,0,0,0,0,0,2,2,8.8,0.2,20,0.667,0,0.021,0.074,0.013,0,0,0,0,0,0,0,0,0,0,carr,austin carr,a,carr4500wra,39142-28463:Austin Carr,39142-28463,WR,a,Austin Carr,carr,2.911111196,9,4500,NO@JAC,NO,JAC,,,,ryland,ryland,austin,carr4500wra
chark6500wrd,0,Darrell Chark,6500,JAX,NO,,,11,18.7,1.3,2.25,1.7,6.5,5.8,8.75,-9,0.77,0,0,4,0,0.56,2,40,22.5,20,0.5,-2.5,42.5,41,0,0,0,0,0,0,0,0,0,0,0,0,0,0,0,0,0,0,0,0,0.38,0.13,0.06,83,0.56,0.01,17,1100,2.06,0.31,100,0.8,0,50,7.1,2.9,500,1.33,0.18,42,0.28,0.38,21,WR,6,0,0,0,0,5,3,52,20,15.5,0.5,8.5,0.333,0,0.164,0.333,0.225,0,0,0,0,0,0,0,0,0,0,chark,darrell chark,d,chark6500wrd,39142-52917:DJ Chark Jr.,39142-52917,WR,d,DJ Chark Jr.,chark,18.4,5,6500,NO@JAC,JAC,NO,,,,ryland,ryland,dj,chark6500wrd
conley4600wrc,0,Chris Conley,4600,JAX,NO,,,5.3,11.6,0,0.88,1.2,0.5,0,4.42,-19,0.67,0,0,2,0,0.94,2,52,22.5,20,0.5,-2.5,42.5,41,0,0,0,0,0,0,0,0,0,0,0,0,0,0,0,0,0,0,0,0,0.5,0.38,0.19,83,0.56,0.01,4.5,-500,1.21,0.08,80,0,0.2,50,4.9,0.2,-1400,1.38,0.09,58,0.12,0.25,24,WR,6,0,0,0,0,3,2,31,16,14.2,0.3,8.3,0.375,0,0.102,0.087,0.1,0,0,0,0,0,0,0,0,0,0,conley,chris conley,c,conley4600wrc,39142-30403:Chris Conley,39142-30403,WR,c,Chris Conley,conley,7.459999847,5,4600,NO@JAC,JAC,NO,,,,ryland,ryland,chris,conley4600wrc
cooks6500wrb,0,Brandin Cooks,6500,LA,SF,,,10.7,17.9,1.8,1.95,1.6,3,4.7,8.75,3,0.89,1,1.3,4,0,0.54,-0.5,64,26.3,23.3,0.5,-3,49.5,62,0,0,0,0,0,0,0,0,0,0,0,0,0,0,0,0,0,0,0,0,0.88,0.5,0.19,72,0.54,0.01,11.6,-500,1.49,0.18,83,0,0.16,60,11.4,0.4,500,1.42,0.18,48,0.13,0.37,29,WR,6,0,0,0,0,7,4,67,27,14.6,0.3,9.6,0.417,0,0.196,0.185,0.232,0,0,0,0,0,0,0,0,0,0,cooks,brandin cooks,b,cooks6500wrb,39142-29501:Brandin Cooks,39142-29501,WR,b,Brandin Cooks,cooks,10.44000015,5,6500,SF@LAR,LAR,SF,Q,Concussion,,ryland,ryland,brandin,cooks6500wrb
cooper4800wrp,0,Pharoh Cooper,4800,ARI,ATL,,,3.2,6.9,0,-1.67,0.7,0.5,3.3,4.87,-32,0.36,0,0,1,0,0.11,5.5,8,24.8,27.8,0.8,3,52.5,29,0,0,0,0,0,0,0,0,0,0,0,0,0,0,0,0,0,0,0,0,0,0,0,0,0,0,2.2,300,1.08,0.12,40,0,0.4,50,0.9,0,-1200,1.21,0.11,13,0,0.53,15,WR,6,0,0,0,0,0,0,9,8,16.5,0,4.7,0,0,0.02,0,0.035,0,0,0,0,0,0,0,0,0,0,cooper,pharoh cooper,p,cooper4800wrp,39142-40932:Pharoh Cooper,39142-40932,WR,p,Pharoh Cooper,cooper,4.300000191,1,4800,ATL@ARI,ARI,ATL,,,,ryland,ryland,pharoh,cooper4800wrp
cooper8100wra,0,Amari Cooper,8100,DAL,@NYJ,,,13.9,23.6,3.2,1.5,1.7,14.5,0.8,12.4,5,0.56,1,3,6,0,0.54,2.8,54,25.3,18.3,-1,-7,43.5,74,0,0,0,0,0,0,0,0,0,0,0,0,0,0,0,0,0,0,0,0,0.87,0.47,0.27,64,0.49,0.01,19.8,300,2.33,0.33,66,0.5,0.33,60,15.3,4.6,2100,1.9,0.28,67,0.42,0.17,28,WR,6,0,0,0,0,8,5,82,29,14.5,0.7,90,0.385,0,0.236,0.44,0.293,0,0,0,0,0,0,0,0,0,0,cooper,amari cooper,a,cooper8100wra,39142-31001:Amari Cooper,39142-31001,WR,a,Amari Cooper,cooper,19.43999939,5,8100,DAL@NYJ,DAL,NYJ,Q,Ankle,,ryland,ryland,amari,cooper8100wra
coutee4900wrk,0,Keke Coutee,4900,HOU,@KC,,,6.3,13.9,0.4,1.2,1.3,3,5.9,5.1,-12,0.67,1,0.7,2,0,0.43,1.4,31,25.5,29,1,3.5,54.5,33,0,0,0,0,0,0,0,0,0,0,0,0,0,0,0,0,0,0,0,0,0.31,0.19,0.06,60,0.34,0.01,3.3,-500,1.08,0.11,50,0.25,0.5,40,2.8,0,-1100,0.78,0.09,21,0.13,0.6,23,WR,6,0,0,0,0,3,2,27,17,12.8,0,50,0.2,0,0.139,0,0.119,0,0,0,0,0,0,0,0,0,0,coutee,keke coutee,k,coutee4900wrk,39142-64242:Keke Coutee,39142-64242,WR,k,Keke Coutee,coutee,4.333333333,3,4900,HOU@KC,HOU,KC,,,,ryland,ryland,keke,coutee4900wrk
crowder5400wrj,0,Jamison Crowder,5400,NYJ,DAL,,,8.7,13.5,0.3,2.46,1.6,6.5,12.8,6.24,-23,0.47,1,5,3,0,0.43,-0.4,47,18.3,25.3,-0.5,7,43.5,26,0,0,0,0,0,0,0,0,0,0,0,0,0,0,0,0,0,0,0,0,0.07,0,0,64,0.49,0.01,3.8,-800,0.82,0.08,33,0,0.66,30,5.5,0.7,-600,0.79,0.12,36,0.22,0.36,22,WR,6,0,0,0,0,6,4,47,25,11.3,0.1,7.3,0,0,0.25,0.25,0.31,0,0,0,0,0,0,0,0,0,0,crowder,jamison crowder,j,crowder5400wrj,39142-24755:Jamison Crowder,39142-24755,WR,j,Jamison Crowder,crowder,7.199999809,4,5400,DAL@NYJ,NYJ,DAL,,,,ryland,ryland,jamison,crowder5400wrj
davis5100wrc,0,Corey Davis,5100,TEN,@DEN,,,7.1,12.4,0.1,1.54,1.4,0.5,5.1,5.56,-14,0.72,0,0.3,1,0,0.54,-0.7,54,20,21,1.2,1,41,54,0,0,0,0,0,0,0,0,0,0,0,0,0,0,0,0,0,0,0,0,0.63,0.25,0.19,71,0.05,0,7.7,-600,1.62,0.14,100,0.2,0,50,7.5,0.1,-900,1.32,0.14,60,0.17,0.26,23,WR,6,0,0,0,0,5,3,45,20,14.1,0.3,6.8,0.1,0,0.22,0.211,0.216,0,0,0,0,0,0,0,0,0,0,davis,corey davis,c,davis5100wrc,39142-45439:Corey Davis,39142-45439,WR,c,Corey Davis,davis,6.519999695,5,5100,TEN@DEN,TEN,DEN,,,,ryland,ryland,corey,davis5100wrc
diggs5800wrs,0,Stefon Diggs,5800,MIN,PHI,,,10.9,18.3,1.4,3.75,1.9,6.5,40,7.15,-2,0.76,0.93,4.7,6,0,0.98,3.5,54,23.8,20.3,0.3,-3.5,44,43,0,0,0,0,0,0,0,0,0,0,0,0,0,0,0,0,0,0,0,0,1.06,0.5,0.25,0,0,0,7.7,-1100,1.46,0.15,75,0.25,0.25,40,11.9,1.7,-200,1.58,0.22,50,0.31,0.36,22,WR,6,0,0,0,0,7,5,58,24,10.8,0.5,7.9,0.294,0,0.251,0.304,0.25,0,0,0,0,0,0,0,0,0,0,diggs,stefon diggs,s,diggs5800wrs,39142-25079:Stefon Diggs,39142-25079,WR,s,Stefon Diggs,diggs,7.059999847,5,5800,PHI@MIN,MIN,PHI,,,,ryland,ryland,stefon,diggs5800wrs
erickson4500wra,0,Alex Erickson,4500,CIN,@BAL,,,4.4,8.8,0,0.21,1,0.5,8.4,4.19,-21,0.49,0,0,0,0,0.47,1.1,20,18.3,28.8,-0.2,10.5,47,42,0,0,0,0,0,0,0,0,0,0,0,0,0,0,0,0,0,0,0,0,0.25,0.06,0,64,0.49,0.01,1.2,0,0.98,0.12,50,0,0.25,40,1.8,-1.3,-1500,0.82,0.09,40,0.05,0.35,20,WR,6,0,0,0,0,2,1,12,6,8.6,0,4.4,0,0,0.066,0,0.055,0,0,0,0,0,0,0,0,0,0,erickson,alex erickson,a,erickson4500wra,39142-28907:Alex Erickson,39142-28907,WR,a,Alex Erickson,erickson,1.539999962,5,4500,CIN@BAL,CIN,BAL,Q,Concussion,,ryland,ryland,alex,erickson4500wra
fitzgerald5600wrl,0,Larry Fitzgerald,5600,ARI,ATL,,,11.7,19.2,1,5,2.1,23,9.9,6.7,-10,0.18,1,6,6,0,0.98,5.5,60,24.8,27.8,0.8,3,52.5,29,0,0,0,0,0,0,0,0,0,0,0,0,0,0,0,0,0,0,0,0,1.19,0.75,0.69,0,0,0,10.3,100,1.32,0.17,100,0.5,0,40,11.7,3.5,-400,1.31,0.2,85,0.35,0,20,WR,6,0,0,0,0,7,5,57,24,11.3,0.5,6.5,0.368,0,0.247,0.533,0.268,0,0,0,0,0,0,0,0,0,0,fitzgerald,larry fitzgerald,l,fitzgerald5600wrl,39142-6883:Larry Fitzgerald,39142-6883,WR,l,Larry Fitzgerald,fitzgerald,12.45999985,5,5600,ATL@ARI,ARI,ATL,,,,ryland,ryland,larry,fitzgerald5600wrl
fuller6600wrw,0,Will Fuller,6600,HOU,@KC,,,11.6,18.2,1.6,2.62,1.8,18.5,6.9,8.98,-16,0.26,0.92,5.3,7,0,0.63,1.4,58,25.5,29,1,3.5,54.5,33,0,0,0,0,0,0,0,0,0,0,0,0,0,0,0,0,0,0,0,0,0.88,0.38,0,60,0.34,0.01,16,500,1.78,0.25,100,0.25,0,40,14.2,4.2,600,2.03,0.25,61,0.23,0.07,13,WR,6,0,0,0,0,7,5,78,34,15.2,0.5,11.7,0.143,0,0.247,0.222,0.326,0,0,0,0,0,0,0,0,0,0,fuller,will fuller,w,fuller6600wrw,39142-42028:Will Fuller V,39142-42028,WR,w,Will Fuller V,fuller,14.4,5,6600,HOU@KC,HOU,KC,,,,ryland,ryland,will,fuller6600wrw
gallup6100wrm,0,Michael Gallup,6100,DAL,@NYJ,,,10.6,18.6,1.8,2.76,1.7,10.5,6.8,7.84,-6,0.59,1,8,4,0,0.94,2.8,54,25.3,18.3,-1,-7,43.5,74,0,0,0,0,0,0,0,0,0,0,0,0,0,0,0,0,0,0,0,0,0.44,0.19,0.06,64,0.49,0.01,7.7,-100,0.7,0.14,50,0.25,0.5,40,7.9,2.2,100,1.35,0.15,66,0.29,0.16,24,WR,6,0,0,0,0,5,3,54,26,16.3,0.2,9.2,0.143,0,0.171,0.115,0.188,0,0,0,0,0,0,0,0,0,0,gallup,michael gallup,m,gallup6100wrm,39142-69956:Michael Gallup,39142-69956,WR,m,Michael Gallup,gallup,16.63333384,3,6100,DAL@NYJ,DAL,NYJ,,,,ryland,ryland,michael,gallup6100wrm
ginn5300wrt,0,Ted Ginn,5300,NO,@JAX,,,6.1,12,0,0.09,1.2,0.5,5.8,6.01,-13,0.7,0,0,0,0,0.11,1.2,41,20,22.5,-2,2.5,42.5,59,0,0,0,0,0,0,0,0,0,0,0,0,0,0,0,0,0,0,0,0,0.29,0,0,83,0.56,0.01,4.1,300,1.27,0.1,25,0.25,0.5,40,5.9,0.5,-700,1.27,0.14,22,0.13,0.13,22,WR,6,0,0,0,0,4,3,40,19,12.8,0.2,80,0,0,0.134,0.111,0.151,0,0,0,0,0,0,0,0,0,0,ginn,ted ginn,t,ginn5300wrt,39142-6627:Ted Ginn Jr.,39142-6627,WR,t,Ted Ginn Jr.,ginn,7.525000095,4,5300,NO@JAC,NO,JAC,,,,ryland,ryland,ted,ginn5300wrt
goodwin5200wrm,0,Marquise Goodwin,5200,SF,@LA,,,6.8,12.8,0.1,1.02,1.3,0.5,2.5,5.78,-5,0.76,1,0.7,1,0,0.62,1.1,43,23.3,26.3,0.5,3,49.5,38,0,0,0,0,0,0,0,0,0,0,0,0,0,0,0,0,0,0,0,0,0.27,0.07,0.07,72,0.54,0.01,9.1,0,2.74,0.2,100,0.33,0,30,6.2,1.3,-800,1.52,0.14,42,0.15,0.31,19,WR,6,0,0,0,0,3,2,42,25,18.8,0.3,11.6,0,0,0.134,0.222,0.175,0,0,0,0,0,0,0,0,0,0,goodwin,marquise goodwin,m,goodwin5200wrm,39142-32243:Marquise Goodwin,39142-32243,WR,m,Marquise Goodwin,goodwin,7.150000095,4,5200,SF@LAR,SF,LAR,,,,ryland,ryland,marquise,goodwin5200wrm
hamilton4900wrd,0,DaeSean Hamilton,4900,DEN,TEN,,,3,5.3,0,-2.1,0.6,0.5,3.5,5.1,-37,0.25,0,0,1,0,0.47,0.5,43,21,20,-0.3,-1,41,46,0,0,0,0,0,0,0,0,0,0,0,0,0,0,0,0,0,0,0,0,0.31,0.25,0.06,71,0.05,0,2.4,-700,0.88,0.06,25,0,0.75,40,40,-0.3,-1100,0.99,0.09,33,0.14,0.52,21,WR,6,0,0,0,0,4,2,19,8,8.1,0.1,2.6,0.4,0,0.128,0.118,0.084,0,0,0,0,0,0,0,0,0,0,hamilton,daesean hamilton,d,hamilton4900wrd,39142-41741:DaeSean Hamilton,39142-41741,WR,d,DaeSean Hamilton,hamilton,3.73333327,3,4900,TEN@DEN,DEN,TEN,,,,ryland,ryland,daesean,hamilton4900wrd
hardman6400wrm,0,Mecole Hardman,6400,KC,HOU,,,7.9,15.8,0.2,-0.62,1.2,3,6.5,8.52,-8,0.79,1,2.3,1,0,0.54,2.2,47,29,25.5,-2,-3.5,54.5,67,0,0,0,0,0,0,0,0,0,0,0,0,0,0,0,0,0,0,0,0,1,0.2,0,60,0.34,0.01,10,1700,1.67,0.22,80,0.4,0.2,50,8.3,0.7,400,1.67,0.18,40,0.2,0.2,10,WR,6,0,0,0,0,4,2,49,32,20.5,0.4,8.9,0,0,0.122,0.182,0.134,0,0,0,0,0,0,0,0,0,0,hardman,mecole hardman,m,hardman6400wrm,39142-71352:Mecole Hardman,39142-71352,WR,m,Mecole Hardman,hardman,8.140000153,5,6400,HOU@KC,KC,HOU,,,,ryland,ryland,mecole,hardman6400wrm
higgins4500wrr,0,Rashard Higgins,4500,CLE,SEA,,,3.8,7.2,0,-0.39,0.8,0.5,0,4.19,-33,0.37,0,0,1,0,0.6,0.2,30,23.3,22.3,0.3,-1,45.5,36,0,0,0,0,0,0,0,0,0,0,0,0,0,0,0,0,0,0,0,0,0.21,0,0,64,0.32,0.01,0,0,0,0,0,0,1,40,4.7,1.3,-1500,1.37,0.16,42,0.21,0.31,19,WR,6,0,0,0,0,3,2,41,23,15,0.3,11.4,0.667,0,0.113,0.15,0.143,0,0,0,0,0,0,0,0,0,0,higgins,rashard higgins,r,higgins4500wrr,39142-45791:Rashard Higgins,39142-45791,WR,r,Rashard Higgins,higgins,5.599999905,1,4500,SEA@CLE,CLE,SEA,,,,ryland,ryland,rashard,higgins4500wrr
hill7400wrt,0,Tyreek Hill,7400,KC,HOU,,,12.4,19.3,1.8,1.6,1.7,3,22.5,10.8,10,0.92,1,5.3,6,0,0.94,2.2,52,29,25.5,-2,-3.5,54.5,67,0,0,0,0,0,0,0,0,0,0,0,0,0,0,0,0,0,0,0,0,1,0.44,0.31,60,0.34,0.01,0,-200,0,0,0,0,1,50,15.7,5.1,1400,1.62,0.3,42,0.28,0.42,28,WR,6,0,0,0,0,8,5,89,41,17.3,0.8,10.5,0.333,0,0.234,0.231,0.268,0,0,0,0,0,0,0,0,0,0,hill,tyreek hill,t,hill7400wrt,39142-53681:Tyreek Hill,39142-53681,WR,t,Tyreek Hill,hill,3.099999905,1,7400,HOU@KC,KC,HOU,Q,Shoulder,,ryland,ryland,tyreek,hill7400wrt
hollins4700wrm,0,Mack Hollins,4700,PHI,@MIN,,,4.2,8.3,0,-0.44,0.9,0.5,0,4.64,-24,0.44,0,0,0,0,0.54,0.7,45,20.3,23.8,-0.2,3.5,44,57,0,0,0,0,0,0,0,0,0,0,0,0,0,0,0,0,0,0,0,0,0.8,0.6,0,0,0,0,3.9,200,0.86,0.07,60,0.4,0.4,50,3.2,-0.7,-1300,0.89,0.07,30,0.2,0.3,10,WR,6,0,0,0,0,3,2,25,10,12.5,0,4.3,0,0,0.102,0,0.106,0,0,0,0,0,0,0,0,0,0,hollins,mack hollins,m,hollins4700wrm,39142-25267:Mack Hollins,39142-25267,WR,m,Mack Hollins,hollins,4.375,4,4700,PHI@MIN,PHI,MIN,,,,ryland,ryland,mack,hollins4700wrm
hopkins8400wrd,0,DeAndre Hopkins,8400,HOU,@KC,,,15.5,24.6,2.9,2.42,1.8,28,12,13.08,0,0.14,1,8.3,7,0,0.56,1.4,64,25.5,29,1,3.5,54.5,33,0,0,0,0,0,0,0,0,0,0,0,0,0,0,0,0,0,0,0,0,1.13,0.44,0.38,60,0.34,0.01,8.5,-600,0.97,0.13,25,0,0.75,40,15.6,1.4,2400,1.56,0.24,52,0.28,0.32,25,WR,6,0,0,0,0,9,6,82,27,12.4,0.7,8.1,0.471,0,0.326,0.379,0.339,0,0,0,0,0,0,0,0,0,0,hopkins,deandre hopkins,d,hopkins8400wrd,39142-16606:DeAndre Hopkins,39142-16606,WR,d,DeAndre Hopkins,hopkins,12.24000015,5,8400,HOU@KC,HOU,KC,,,,ryland,ryland,deandre,hopkins8400wrd
humphries5000wra,0,Adam Humphries,5000,TEN,@DEN,,,5.6,11.4,0,0.27,1.1,0.5,7.7,5.33,-20,0.65,0,0,0,0,0.5,-0.7,45,20,21,1.2,1,41,54,0,0,0,0,0,0,0,0,0,0,0,0,0,0,0,0,0,0,0,0,0.88,0.29,0.18,71,0.05,0,6.6,200,1.26,0.18,60,0.4,0.4,50,9.3,2.7,-1000,1.54,0.21,66,0.42,0.19,21,WR,6,0,0,0,0,5,4,50,19,11,0.3,7.7,0.214,0,0.179,0.161,0.172,0,0,0,0,0,0,0,0,0,0,humphries,adam humphries,a,humphries5000wra,39142-24671:Adam Humphries,39142-24671,WR,a,Adam Humphries,humphries,4.359999847,5,5000,TEN@DEN,TEN,DEN,,,,ryland,ryland,adam,humphries5000wra
hurns4500wra,0,Allen Hurns,4500,MIA,WAS,,,2.1,4.6,0,-2.09,0.5,0.5,2.6,4.19,-40,0.21,0,0,1,0,0.47,3.4,23,18,24,-0.3,6,42,47,0,0,0,0,0,0,0,0,0,0,0,0,0,0,0,0,0,0,0,0,0.2,0.07,0,83,0.74,0.03,1,0,0.48,0.06,33,0,0.66,30,2.5,-0.6,-1500,1.36,0.11,45,0.09,0.31,22,WR,6,0,0,0,0,1,1,18,13,16.8,0.1,10.1,0,0,0.053,0.056,0.071,0,0,0,0,0,0,0,0,0,0,hurns,allen hurns,a,hurns4500wra,39142-25760:Allen Hurns,39142-25760,WR,a,Allen Hurns,hurns,1.866666635,3,4500,WAS@MIA,MIA,WAS,,,,ryland,ryland,allen,hurns4500wra
isabella4500wra,0,Andy Isabella,4500,ARI,ATL,,,3.5,6.8,0,-0.69,0.8,0.5,0,4.19,-30,0.34,0,0,1,0,0.43,5.5,6,24.8,27.8,0.8,3,52.5,29,0,0,0,0,0,0,0,0,0,0,0,0,0,0,0,0,0,0,0,0,0.2,0,0,0,0,0,0.4,-100,0.4,0.07,0,0,1,40,0.3,-1.4,-1500,0.43,0.05,0,0,0.62,80,WR,6,0,0,0,0,0,0,0,0,0,0,0,0,0,0,0,0,0,0,0,0,0,0,0,0,0,0,isabella,andy isabella,a,isabella4500wra,39142-63419:Andy Isabella,39142-63419,WR,a,Andy Isabella,isabella,0.400000006,4,4500,ATL@ARI,ARI,ATL,,,,ryland,ryland,andy,isabella4500wra
james4600wrr,0,Richard James,4600,SF,@LA,,,2.5,5.7,0,-1.92,0.5,0.5,0,4.42,-38,0.27,0,0,0,0,0.15,1.1,19,23.3,26.3,0.5,3,49.5,38,0,0,0,0,0,0,0,0,0,0,0,0,0,0,0,0,0,0,0,0,0,0,0,72,0.54,0.01,0.8,-100,0.4,0.04,0,0,0.33,30,2.6,-1.2,-1400,1.79,0.14,27,0.16,0.44,18,WR,6,0,0,0,0,1,0,14,12,15.9,0.2,4.8,0,0,0.052,0.095,0.056,0,0,0,0,0,0,0,0,0,0,james,richard james,r,james4600wrr,39142-53498:Richie James Jr.,39142-53498,WR,r,Richie James Jr.,james,3.200000048,4,4600,SF@LAR,SF,LAR,,,,ryland,ryland,richie,james4600wrr
jeffery6400wra,0,Alshon Jeffery,6400,PHI,@MIN,,,9.7,16.2,1.6,1.18,1.5,0.5,18.6,8.52,6,0.94,0,0.3,1,0,0.63,0.7,55,20.3,23.8,-0.2,3.5,44,57,0,0,0,0,0,0,0,0,0,0,0,0,0,0,0,0,0,0,0,0,0.93,0.6,0.4,0,0,0,5.1,-500,0.91,0.13,50,0,0.5,60,9.6,0.2,400,1.58,0.17,44,0.22,0.4,27,WR,6,0,0,0,0,6,4,54,20,12.5,0.4,7.6,0.385,0,0.179,0.179,0.202,0,0,0,0,0,0,0,0,0,0,jeffery,alshon jeffery,a,jeffery6400wra,39142-21980:Alshon Jeffery,39142-21980,WR,a,Alshon Jeffery,jeffery,13.03333282,3,6400,PHI@MIN,PHI,MIN,,,,ryland,ryland,alshon,jeffery6400wra
johnson4600wrk,0,KeeSean Johnson,4600,ARI,ATL,,,7,13.8,0.2,2.58,1.5,0.5,2.4,4.42,0,0.82,1,1.3,3,0,0.62,5.5,46,24.8,27.8,0.8,3,52.5,29,0,0,0,0,0,0,0,0,0,0,0,0,0,0,0,0,0,0,0,0,0.6,0.2,0,0,0,0,3.8,-300,0.9,0.09,100,0,0,40,4.5,-0.3,-1400,0.83,0.1,62,0.12,0,80,WR,6,0,0,0,0,5,2,26,14,9.4,0,6.5,0,0,0.136,0,0.099,0,0,0,0,0,0,0,0,0,0,johnson,keesean johnson,k,johnson4600wrk,39142-57208:KeeSean Johnson,39142-57208,WR,k,KeeSean Johnson,johnson,4.479999924,5,4600,ATL@ARI,ARI,ATL,,,,ryland,ryland,keesean,johnson4600wrk
johnson4800wro,0,Olabisi Johnson,4800,MIN,PHI,,,4.4,7.2,0,-0.47,0.9,0.5,2.1,4.87,-28,0.37,0,0,0,0,0.08,3.5,17,23.8,20.3,0.3,-3.5,44,43,0,0,0,0,0,0,0,0,0,0,0,0,0,0,0,0,0,0,0,0,0,0,0,0,0,0,3,300,1.48,0.15,50,0.25,0.5,40,2.4,-0.1,-1200,1.48,0.14,25,0.12,0.37,80,WR,6,0,0,0,0,1,1,15,7,9.8,0,3.9,0,0,0.07,0,0.075,0,0,0,0,0,0,0,0,0,0,johnson,olabisi johnson,o,johnson4800wro,39142-61631:Olabisi Johnson,39142-61631,WR,o,Olabisi Johnson,johnson,5.900000095,2,4800,PHI@MIN,MIN,PHI,,,,ryland,ryland,olabisi,johnson4800wro
jones8500wrj,0,Julio Jones,8500,ATL,@ARI,,,15.6,24.3,2.7,2.29,1.8,23,14.8,13.31,0,0.25,0.97,8.7,10,0,0.94,1.4,51,27.8,24.8,2.8,-3,52.5,71,0,0,0,0,0,0,0,0,0,0,0,0,0,0,0,0,0,0,0,0,1.25,0.56,0.44,0,0,0,15.2,200,1.79,0.28,50,0.5,0.5,40,16.3,2.3,2500,1.62,0.32,63,0.27,0.18,22,WR,6,0,0,0,0,9,6,92,26,14,0.8,90,0.4,0,0.25,0.333,0.295,0,0,0,0,0,0,0,0,0,0,jones,julio jones,j,jones8500wrj,39142-14190:Julio Jones,39142-14190,WR,j,Julio Jones,jones,14.6,5,8500,ATL@ARI,ATL,ARI,Q,Hip,,ryland,ryland,julio,jones8500wrj
kupp7800wrc,0,Cooper Kupp,7800,LA,SF,,,14.4,22.9,3,2.69,1.8,18.5,3.7,11.71,-1,0.39,0.93,10,6,0,0.62,-0.5,60,26.3,23.3,0.5,-3,49.5,62,0,0,0,0,0,0,0,0,0,0,0,0,0,0,0,0,0,0,0,0,0.89,0.33,0.11,72,0.54,0.01,22.9,1000,1.66,0.34,100,1,0,60,15.5,4.3,1800,1.53,0.26,52,0.41,0.11,17,WR,6,0,0,0,0,9,6,79,27,12.4,0.6,7.6,0.375,0,0.241,0.417,0.247,0,0,0,0,0,0,0,0,0,0,kupp,cooper kupp,c,kupp7800wrc,39142-79970:Cooper Kupp,39142-79970,WR,c,Cooper Kupp,kupp,19.08000031,5,7800,SF@LAR,LAR,SF,,,,ryland,ryland,cooper,kupp7800wrc
landry6700wrj,0,Jarvis Landry,6700,CLE,SEA,,,10.6,22.2,1.7,1.4,1.6,6.5,5.1,9.2,6,0.87,1,2.3,2,0,0.4,0.2,57,23.3,22.3,0.3,-1,45.5,36,0,0,0,0,0,0,0,0,0,0,0,0,0,0,0,0,0,0,0,0,1.13,0.38,0.25,64,0.32,0.01,10,500,1.25,0.17,100,0.16,0,60,10,1.3,700,1.1,0.18,68,0.22,0.18,22,WR,6,0,0,0,0,7,4,62,27,13.5,0.2,7.5,0.059,0,0.25,0.107,0.236,0,0,0,0,0,0,0,0,0,0,landry,jarvis landry,j,landry6700wrj,39142-31394:Jarvis Landry,39142-31394,WR,j,Jarvis Landry,landry,10.45999985,5,6700,SEA@CLE,CLE,SEA,,,,ryland,ryland,jarvis,landry6700wrj
lee4600wrm,0,Marqise Lee,4600,JAX,NO,,,3.4,6.3,0,-1.02,0.7,0.5,0.1,4.42,-34,0.31,0,0,0,0,0.54,2,17,22.5,20,0.5,-2.5,42.5,41,0,0,0,0,0,0,0,0,0,0,0,0,0,0,0,0,0,0,0,0,0,0,0,83,0.56,0.01,0.4,-200,0.4,0.02,0,0,1,50,0.3,-1.6,-1400,0.44,0.02,0,0,0.54,11,WR,6,0,0,0,0,0,0,2,2,50,0,1.9,0,0,0.022,0,0.009,0,0,0,0,0,0,0,0,0,0,lee,marqise lee,m,lee4600wrm,39142-29593:Marqise Lee,39142-29593,WR,m,Marqise Lee,lee,1,2,4600,NO@JAC,JAC,NO,,,,ryland,ryland,marqise,lee4600wrm
lockett6300wrt,0,Tyler Lockett,6300,SEA,@CLE,,,11.6,18.4,0.7,3.31,1.8,10.5,10.3,8.29,-5,0.59,1,2,7,0,0.98,1,58,22.3,23.3,-1.7,1,45.5,64,0,0,0,0,0,0,0,0,0,0,0,0,0,0,0,0,0,0,0,0,0.69,0.31,0,64,0.32,0.01,14.3,-400,1.63,0.2,100,0.8,0,50,12,2.5,300,2.24,0.21,79,0.33,0.04,24,WR,6,0,0,0,0,4,4,62,29,14.9,0.6,14,0.4,0,0.191,0.243,0.264,0,0,0,0,0,0,0,0,0,0,lockett,tyler lockett,t,lockett6300wrt,39142-27050:Tyler Lockett,39142-27050,WR,t,Tyler Lockett,lockett,14.01999969,5,6300,SEA@CLE,SEA,CLE,,,,ryland,ryland,tyler,lockett6300wrt
mclaurin6400wrt,0,Terry McLaurin,6400,WAS,@MIA,,,11.4,18.4,1.4,2.88,1.8,6.5,24,8.52,-5,0.76,0.88,5.3,6,0,0.94,1.7,61,24,18,1.2,-6,42,53,0,0,0,0,0,0,0,0,0,0,0,0,0,0,0,0,0,0,0,0,1.2,0.8,0.4,83,0.74,0.03,11.6,1100,1.44,0.19,83,0.66,0.16,60,12.9,4.4,400,1.66,0.21,54,0.45,0.09,11,WR,6,0,0,0,0,7,4,77,33,16.2,0.8,10.2,0.333,0,0.208,0.429,0.292,0,0,0,0,0,0,0,0,0,0,mclaurin,terry mclaurin,t,mclaurin6400wrt,39142-56250:Terry McLaurin,39142-56250,WR,t,Terry McLaurin,mclaurin,14.57499981,4,6400,WAS@MIA,WAS,MIA,,,,ryland,ryland,terry,mclaurin6400wrt
metcalf5800wrd,0,D.K. Metcalf,5800,SEA,@CLE,,,7.9,15.4,0.6,0.75,1.4,3,9.3,7.15,-8,0.77,1,1.7,2,0,0.54,1,54,22.3,23.3,-1.7,1,45.5,64,0,0,0,0,0,0,0,0,0,0,0,0,0,0,0,0,0,0,0,0,1.4,0.2,0,64,0.32,0.01,9,-300,1.81,0.16,80,0.4,0.2,50,9.4,1.1,-200,1.8,0.17,50,0.3,0.1,10,WR,6,0,0,0,0,5,2,53,34,22.3,0.4,10.2,0,0,0.174,0.167,0.189,0,0,0,0,0,0,0,0,0,0,metcalf,d.k. metcalf,d,metcalf5800wrd,39142-73048:DK Metcalf,39142-73048,WR,d,DK Metcalf,metcalf,8.940000153,5,5800,SEA@CLE,SEA,CLE,,,,ryland,ryland,dk,metcalf5800wrd
moore4500wrd,0,David Moore,4500,SEA,@CLE,,,3.6,7.3,0,-0.59,0.8,0.5,5.1,4.19,-27,0.37,0,0,1,0,0.5,1,39,22.3,23.3,-1.7,1,45.5,64,0,0,0,0,0,0,0,0,0,0,0,0,0,0,0,0,0,0,0,0,0.69,0.31,0,64,0.32,0.01,4,-700,1.98,0.2,80,0.4,0.2,50,4.6,-1,-1500,1.33,0.12,34,0.21,0.47,23,WR,6,0,0,0,0,3,1,29,18,17.3,0.3,6.3,0.273,0,0.141,0.125,0.127,0,0,0,0,0,0,0,0,0,0,moore,david moore,d,moore4500wrd,39142-79987:David Moore,39142-79987,WR,d,David Moore,moore,4.100000064,3,4500,SEA@CLE,SEA,CLE,,,,ryland,ryland,david,moore4500wrd
parker5400wrd,0,DeVante Parker,5400,MIA,WAS,,,6.9,12.3,0,0.66,1.3,3,10.3,6.24,-22,0.56,1,5,0,0,0.5,3.4,41,18,24,-0.3,6,42,47,0,0,0,0,0,0,0,0,0,0,0,0,0,0,0,0,0,0,0,0,0.5,0.14,0,83,0.74,0.03,7.4,100,1.3,0.13,66,0.66,0.33,30,6.1,0.4,-600,1.31,0.15,40,0.25,0.35,20,WR,6,0,0,0,0,4,2,33,17,14.7,0.1,5.4,0.143,0,0.169,0.125,0.168,0,0,0,0,0,0,0,0,0,0,parker,devante parker,d,parker5400wrd,39142-33260:DeVante Parker,39142-33260,WR,d,DeVante Parker,parker,7.775000095,4,5400,WAS@MIA,MIA,WAS,,,,ryland,ryland,devante,parker5400wrd
pettis4600wrd,0,Dante Pettis,4600,SF,@LA,,,6.4,13.7,0,1.98,1.4,0.5,6,4.42,-3,0.82,0,0,1,0,0.62,1.1,36,23.3,26.3,0.5,3,49.5,38,0,0,0,0,0,0,0,0,0,0,0,0,0,0,0,0,0,0,0,0,0.46,0.15,0.15,72,0.54,0.01,4.1,-1000,1.11,0.11,66,0.33,0.33,30,6.6,1.1,-1400,1.5,0.18,44,0.27,0.27,18,WR,6,0,0,0,0,3,2,34,17,13.6,0.4,5.2,0.667,0,0.119,0.278,0.131,0,0,0,0,0,0,0,0,0,0,pettis,dante pettis,d,pettis4600wrd,39142-56698:Dante Pettis,39142-56698,WR,d,Dante Pettis,pettis,3.359999895,4,4600,SF@LAR,SF,LAR,,,,ryland,ryland,dante,pettis4600wrd
pringle4500wrb,0,Byron Pringle,4500,KC,HOU,,,4.5,8.8,0,0.31,1,6.5,3.4,4.19,-43,0.2,1,3.3,1,0,0.56,2.2,12,29,25.5,-2,-3.5,54.5,67,0,0,0,0,0,0,0,0,0,0,0,0,0,0,0,0,0,0,0,0,0.4,0,0,60,0.34,0.01,5.6,0,2.23,0.4,50,0.25,0.25,40,4.5,0,-1500,2.23,0.37,22,0.11,0.22,90,WR,6,0,0,0,0,2,1,24,9,15.4,0.2,6.6,0,0,0.053,0.091,0.067,0,0,0,0,0,0,0,0,0,0,pringle,byron pringle,b,pringle4500wrb,39142-69295:Byron Pringle,39142-69295,WR,b,Byron Pringle,pringle,7.433333079,3,4500,HOU@KC,KC,HOU,,,,ryland,ryland,byron,pringle4500wrb
quinn5100wrt,0,Trey Quinn,5100,WAS,@MIA,,,6.3,13.1,0,0.74,1.2,0.5,1.8,5.56,-8,0.79,1,0.7,0,0,0.43,1.7,50,24,18,1.2,-6,42,53,0,0,0,0,0,0,0,0,0,0,0,0,0,0,0,0,0,0,0,0,0.5,0.25,0.08,83,0.74,0.03,4,0,0.72,0.08,60,0,0.4,50,4.2,0.2,-900,0.76,0.08,35,0.14,0.35,14,WR,6,0,0,0,0,5,3,28,10,7.5,0.3,5.5,0.333,0,0.153,0.2,0.122,0,0,0,0,0,0,0,0,0,0,quinn,trey quinn,t,quinn5100wrt,39142-52902:Trey Quinn,39142-52902,WR,t,Trey Quinn,quinn,5.140000153,5,5100,WAS@MIA,WAS,MIA,,,,ryland,ryland,trey,quinn5100wrt
richardson4700wrp,0,Paul Richardson,4700,WAS,@MIA,,,7.2,15.1,1.6,2.56,1.5,0.5,0,4.64,1,0.89,1,0.7,2,0,0.98,1.7,52,24,18,1.2,-6,42,53,0,0,0,0,0,0,0,0,0,0,0,0,0,0,0,0,0,0,0,0,0.75,0.38,0.25,83,0.74,0.03,10.2,0,2.15,0.19,100,0.6,0,50,8.3,1.1,-1300,1.52,0.16,36,0.18,0.04,22,WR,6,0,0,0,0,5,3,30,14,90,0.4,5.6,0.5,0,0.147,0.273,0.132,0,0,0,0,0,0,0,0,0,0,richardson,paul richardson,p,richardson4700wrp,39142-26610:Paul Richardson Jr.,39142-26610,WR,p,Paul Richardson Jr.,richardson,7.659999847,5,4700,WAS@MIA,WAS,MIA,,,,ryland,ryland,paul,richardson4700wrp
ridley5500wrc,0,Calvin Ridley,5500,ATL,@ARI,,,10.2,16.3,1.6,3.73,1.9,10.5,12.8,6.47,-18,0.49,0.92,4,6,0,0.98,1.4,44,27.8,24.8,2.8,-3,52.5,71,0,0,0,0,0,0,0,0,0,0,0,0,0,0,0,0,0,0,0,0,0.44,0.19,0.13,0,0,0,10.9,-1000,1.68,0.21,75,0.5,0.25,40,9.4,10,-500,1.49,0.21,63,0.31,0.18,22,WR,6,0,0,0,0,6,4,50,25,12.3,0.4,8.3,0.429,0,0.154,0.194,0.163,0,0,0,0,0,0,0,0,0,0,ridley,calvin ridley,c,ridley5500wrc,39142-64555:Calvin Ridley,39142-64555,WR,c,Calvin Ridley,ridley,11.6,5,5500,ATL@ARI,ATL,ARI,,,,ryland,ryland,calvin,ridley5500wrc
roberts4500wrs,0,Seth Roberts,4500,BAL,CIN,,,5,9.1,0,0.81,1.1,0.5,3.3,4.19,-12,0.51,0,0,0,0,0.4,-0.2,41,28.8,18.3,-0.2,-10.5,47,58,0,0,0,0,0,0,0,0,0,0,0,0,0,0,0,0,0,0,0,0,0.06,0,0,64,0.49,0.01,2.6,0,1.14,0.06,50,0,0.5,40,4.5,-0.6,-1500,1.19,0.11,57,0.09,0.23,21,WR,6,0,0,0,0,3,2,29,17,11.2,0.1,6.7,0,0,0.122,0.042,0.126,0,0,0,0,0,0,0,0,0,0,roberts,seth roberts,s,roberts4500wrs,39142-54741:Seth Roberts,39142-54741,WR,s,Seth Roberts,roberts,2.950000048,4,4500,CIN@BAL,BAL,CIN,,,,ryland,ryland,seth,roberts4500wrs
robinson6700wrd,0,Demarcus Robinson,6700,KC,HOU,,,8.8,17.5,1,-0.4,1.3,3,0,9.2,2,0.88,1,1,2,0,0.6,2.2,39,29,25.5,-2,-3.5,54.5,67,0,0,0,0,0,0,0,0,0,0,0,0,0,0,0,0,0,0,0,0,0.5,0.13,0.06,60,0.34,0.01,11.7,1500,1.88,0.19,60,0.2,0,50,6.1,0.2,700,1.8,0.16,52,0.08,0.21,23,WR,6,0,0,0,0,3,2,33,18,14.9,0.4,10.5,0.375,0,0.093,0.128,0.098,0,0,0,0,0,0,0,0,0,0,robinson,demarcus robinson,d,robinson6700wrd,39142-38264:Demarcus Robinson,39142-38264,WR,d,Demarcus Robinson,robinson,10.91999969,5,6700,HOU@KC,KC,HOU,,,,ryland,ryland,demarcus,robinson6700wrd
samuel5400wrd,0,Deebo Samuel,5400,SF,@LA,,,6.4,12.9,0,0.16,1.2,0.5,3.4,6.24,-8,0.77,1,0.7,1,0,0.54,1.1,41,23.3,26.3,0.5,3,49.5,38,0,0,0,0,0,0,0,0,0,0,0,0,0,0,0,0,0,0,0,0,0.75,0.25,0.25,72,0.54,0.01,8.2,500,1.53,0.23,66,0.33,0.33,30,6.9,0.6,-600,1.46,0.17,28,0.14,0.28,70,WR,6,0,0,0,0,4,3,37,19,12.5,0.3,7.5,0.333,0,0.152,0.143,0.16,0,0,0,0,0,0,0,0,0,0,samuel,deebo samuel,d,samuel5400wrd,39142-56018:Deebo Samuel,39142-56018,WR,d,Deebo Samuel,samuel,6.925000191,4,5400,SF@LAR,SF,LAR,,,,ryland,ryland,deebo,samuel5400wrd
sanders5500wre,0,Emmanuel Sanders,5500,DEN,TEN,,,9.6,16.7,1.3,3.13,1.7,3,0.5,6.47,-2,0.84,1,0.7,2,0,0.62,0.5,52,21,20,-0.3,-1,41,46,0,0,0,0,0,0,0,0,0,0,0,0,0,0,0,0,0,0,0,0,1.33,0.67,0.5,71,0.05,0,9.9,-100,1.41,0.18,50,0.5,0.5,40,13.5,3.8,-500,1.78,0.26,44,0.44,0.33,18,WR,6,0,0,0,0,6,5,65,32,12.7,0.4,8.4,0.188,0,0.223,0.313,0.268,0,0,0,0,0,0,0,0,0,0,sanders,emmanuel sanders,e,sanders5500wre,39142-11505:Emmanuel Sanders,39142-11505,WR,e,Emmanuel Sanders,sanders,11.34000015,5,5500,TEN@DEN,DEN,TEN,,,,ryland,ryland,emmanuel,sanders5500wre
sanu6000wrm,0,Mohamed Sanu,6000,ATL,@ARI,,,8.9,17.1,0.9,1.29,1.5,0.5,4.4,7.61,10,0.96,1,3.3,3,0,0.4,1.4,53,27.8,24.8,2.8,-3,52.5,71,0,0,0,0,0,0,0,0,0,0,0,0,0,0,0,0,0,0,0,0,0.5,0.25,0.19,0,0,0,10.2,700,1.27,0.18,100,0.75,0,40,9.3,2.3,0,1.21,0.18,75,0.35,0.05,20,WR,6,0,0,0,0,6,4,53,21,11.5,0.2,9.8,0.143,0,0.156,0.083,0.173,0,0,0,0,0,0,0,0,0,0,sanu,mohamed sanu,m,sanu6000wrm,39142-22018:Mohamed Sanu,39142-22018,WR,m,Mohamed Sanu,sanu,9.780000305,5,6000,ATL@ARI,ATL,ARI,,,,ryland,ryland,mohamed,sanu6000wrm
sharpe4600wrt,0,Tajae Sharpe,4600,TEN,@DEN,,,2.3,5.1,0,-2.12,0.5,0.5,0,4.42,-39,0.24,0,0,0,0,0.4,-0.7,36,20,21,1.2,1,41,54,0,0,0,0,0,0,0,0,0,0,0,0,0,0,0,0,0,0,0,0,0.5,0.19,0.06,71,0.05,0,3.3,100,2.18,0.1,75,0.25,0.25,40,30,-1.7,-1400,1.15,0.08,35,0.15,0.5,20,WR,6,0,0,0,0,2,1,20,10,13.9,0.1,5.9,0.125,0,0.109,0.053,0.099,0,0,0,0,0,0,0,0,0,0,sharpe,tajae sharpe,t,sharpe4600wrt,39142-47523:Tajae Sharpe,39142-47523,WR,t,Tajae Sharpe,sharpe,3.275000095,4,4600,TEN@DEN,TEN,DEN,,,,ryland,ryland,tajae,sharpe4600wrt
sherfield4500wrt,0,Trent Sherfield,4500,ARI,ATL,,,3.3,6.8,0,-0.89,0.7,0.5,4.3,4.19,-30,0.34,0,0.3,1,0,0.4,5.5,35,24.8,27.8,0.8,3,52.5,29,0,0,0,0,0,0,0,0,0,0,0,0,0,0,0,0,0,0,0,0,0.2,0.13,0.07,0,0,0,1.2,0,0.69,0.04,50,0,0.5,40,2.8,0.2,-1500,1.05,0.08,36,0.15,0.42,19,WR,6,0,0,0,0,2,1,19,10,11.8,0.1,4.1,0.333,0,0.083,0.083,0.091,0,0,0,0,0,0,0,0,0,0,sherfield,trent sherfield,t,sherfield4500wrt,39142-56059:Trent Sherfield,39142-56059,WR,t,Trent Sherfield,sherfield,1.600000064,3,4500,ATL@ARI,ARI,ATL,,,,ryland,ryland,trent,sherfield4500wrt
sims4900wrs,0,Steven Sims,4900,WAS,@MIA,,,4.6,7.1,0,-0.5,0.9,0.5,0.1,5.1,-29,0.37,0,0,0,0,0.11,1.7,15,24,18,1.2,-6,42,53,0,0,0,0,0,0,0,0,0,0,0,0,0,0,0,0,0,0,0,0,0.2,0,0,83,0.74,0.03,4.9,400,1.46,0.32,75,0.25,0.25,40,3.9,-0.4,-1100,1.17,0.26,33,0.11,0.22,90,WR,6,0,0,0,0,2,1,9,7,5.6,0,5.1,0,0,0.057,0,0.041,0,0,0,0,0,0,0,0,0,0,sims,steven sims,s,sims4900wrs,39142-62994:Steven Sims Jr.,39142-62994,WR,s,Steven Sims Jr.,sims,3.879999924,5,4900,WAS@MIA,WAS,MIA,,,,ryland,ryland,steven,sims4900wrs
smith4700wrv,0,Vyncint Smith,4700,NYJ,DAL,,,2.5,4.7,0,-2.14,0.5,0.5,1,4.64,-42,0.22,0,0,1,0,0.15,-0.4,21,18.3,25.3,-0.5,7,43.5,26,0,0,0,0,0,0,0,0,0,0,0,0,0,0,0,0,0,0,0,0,0.2,0.1,0.1,64,0.49,0.01,7.9,200,7.9,1.13,25,0.25,0,40,20,-0.6,-1300,1.44,0.1,14,0.09,0.38,21,WR,6,0,0,0,0,1,0,12,9,15.8,0.2,8.1,0,0,0.042,0.111,0.055,0,0,0,0,0,0,0,0,0,0,smith,vyncint smith,v,smith4700wrv,39142-84101:Vyncint Smith,39142-84101,WR,v,Vyncint Smith,smith,7.900000095,1,4700,DAL@NYJ,NYJ,DAL,,,,ryland,ryland,vyncint,smith4700wrv
snead5000wrw,0,Willie Snead,5000,BAL,CIN,,,7.8,16,0.6,2.47,1.6,0.5,3.3,5.33,22,0.94,1,0.7,3,0,0.98,-0.2,52,28.8,18.3,-0.2,-10.5,47,58,0,0,0,0,0,0,0,0,0,0,0,0,0,0,0,0,0,0,0,0,0.5,0,0,64,0.49,0.01,6.9,0,2.11,0.13,75,0.25,0.25,40,6.2,0.5,-1000,1.26,0.12,61,0.14,0.19,21,WR,6,0,0,0,0,4,3,37,19,11.8,0.1,8.1,0,0,0.172,0.091,0.174,0,0,0,0,0,0,0,0,0,0,snead,willie snead,w,snead5000wrw,39142-44449:Willie Snead IV,39142-44449,WR,w,Willie Snead IV,snead,7.7,5,5000,CIN@BAL,BAL,CIN,,,,ryland,ryland,willie,snead5000wrw
sutton5900wrc,0,Courtland Sutton,5900,DEN,TEN,,,10.1,16.2,1.4,2.72,1.7,6.5,9.6,7.38,-12,0.64,1,2.3,3,0,0.58,0.5,54,21,20,-0.3,-1,41,46,0,0,0,0,0,0,0,0,0,0,0,0,0,0,0,0,0,0,0,0,0.75,0.31,0.19,71,0.05,0,13.9,0,1.85,0.23,100,0.75,0,40,9.7,2.7,-100,1.68,0.18,71,0.38,0.14,21,WR,6,0,0,0,0,5,3,59,29,16.3,0.4,9.8,0.25,0,0.18,0.3,0.243,0,0,0,0,0,0,0,0,0,0,sutton,courtland sutton,c,sutton5900wrc,39142-57403:Courtland Sutton,39142-57403,WR,c,Courtland Sutton,sutton,14.21999969,5,5900,TEN@DEN,DEN,TEN,,,,ryland,ryland,courtland,sutton5900wrc
tate5400wra,0,Auden Tate,5400,CIN,@BAL,,,7.5,13.1,0.2,1.26,1.4,0.5,11.6,6.24,-6,0.79,1,3,0,0,0.58,1.1,35,18.3,28.8,-0.2,10.5,47,42,0,0,0,0,0,0,0,0,0,0,0,0,0,0,0,0,0,0,0,0,1.13,0.38,0.38,64,0.49,0.01,7,900,1.17,0.13,80,0.4,0.2,50,4.5,-0.1,-600,1.24,0.13,28,0.09,0.14,21,WR,6,0,0,0,0,3,2,25,13,11.4,0.1,4.3,0.111,0,0.124,0.1,0.115,0,0,0,0,0,0,0,0,0,0,tate,auden tate,a,tate5400wra,39142-64339:Auden Tate,39142-64339,WR,a,Auden Tate,tate,7,4,5400,CIN@BAL,CIN,BAL,,,,ryland,ryland,auden,tate5400wra
thielen7200wra,0,Adam Thielen,7200,MIN,PHI,,,12.9,20.6,1.8,2.55,1.8,18.5,14.7,10.35,-5,0.32,1,5,5,0,0.94,3.5,59,23.8,20.3,0.3,-3.5,44,43,0,0,0,0,0,0,0,0,0,0,0,0,0,0,0,0,0,0,0,0,1.19,0.56,0.38,0,0,0,14.8,-100,2.11,0.25,75,0.5,0.25,40,13.7,1.2,1200,1.89,0.23,52,0.21,0.34,23,WR,6,0,0,0,0,6,5,68,24,12.7,0.6,8.7,0.389,0,0.245,0.417,0.299,0,0,0,0,0,0,0,0,0,0,thielen,adam thielen,a,thielen7200wra,39142-39716:Adam Thielen,39142-39716,WR,a,Adam Thielen,thielen,14.2,5,7200,PHI@MIN,MIN,PHI,Q,Illness,,ryland,ryland,adam,thielen7200wra
thomas4800wrd,0,Demaryius Thomas,4800,NYJ,DAL,,,6.4,11.9,0.1,1.53,1.3,0.5,8.2,4.87,-14,0.69,1,1,2,0,0.4,-0.4,46,18.3,25.3,-0.5,7,43.5,26,0,0,0,0,0,0,0,0,0,0,0,0,0,0,0,0,0,0,0,0,0.53,0.13,0.07,64,0.49,0.01,1.9,100,0.34,0.07,20,0.2,0.6,50,5.8,-0.1,-1200,1.28,0.13,47,0.13,0.26,23,WR,6,0,0,0,0,4,3,39,18,12.2,0.2,7.7,0.375,0,0.161,0.167,0.16,0,0,0,0,0,0,0,0,0,0,thomas,demaryius thomas,d,thomas4800wrd,39142-11432:Demaryius Thomas,39142-11432,WR,d,Demaryius Thomas,thomas,3.549999952,2,4800,DAL@NYJ,NYJ,DAL,Q,Hamstring,,ryland,ryland,demaryius,thomas4800wrd
thomas8200wrm,0,Michael Thomas,8200,NO,@JAX,,,14.8,23.5,2,2.17,1.8,18.5,12.9,12.63,0,0.39,0.92,3.7,9,0,0.94,1.2,57,20,22.5,-2,2.5,42.5,59,0,0,0,0,0,0,0,0,0,0,0,0,0,0,0,0,0,0,0,0,1.63,0.69,0.5,83,0.56,0.01,19.4,-300,1.85,0.31,100,0.25,0,40,15.2,1.6,2200,1.59,0.27,48,0.2,0.36,25,WR,6,0,0,0,0,9,7,89,25,11.5,0.6,9.5,0.308,0,0.317,0.3,0.377,0,0,0,0,0,0,0,0,0,0,thomas,michael thomas,m,thomas8200wrm,39142-28573:Michael Thomas,39142-28573,WR,m,Michael Thomas,thomas,18.96000061,5,8200,NO@JAC,NO,JAC,,,,ryland,ryland,michael,thomas8200wrm
westbrook5400wrd,0,Dede Westbrook,5400,JAX,NO,,,9.4,18.1,1.2,3.16,1.7,6.5,6.8,6.24,-2,0.74,1,5.3,4,0,0.95,2,51,22.5,20,0.5,-2.5,42.5,41,0,0,0,0,0,0,0,0,0,0,0,0,0,0,0,0,0,0,0,0,1.06,0.5,0.06,83,0.56,0.01,7.3,-500,0.92,0.14,80,0.2,0.2,50,90,2.2,-600,1.14,0.18,63,0.36,0.18,22,WR,6,0,0,0,0,6,4,37,18,9.2,0.3,4.9,0.25,0,0.218,0.294,0.183,0,0,0,0,0,0,0,0,0,0,westbrook,dede westbrook,d,westbrook5400wrd,39142-60910:Dede Westbrook,39142-60910,WR,d,Dede Westbrook,westbrook,8.159999847,5,5400,NO@JAC,JAC,NO,,,,ryland,ryland,dede,westbrook5400wrd
williams5600wrp,0,Preston Williams,5600,MIA,WAS,,,9.1,16.1,1,2.4,1.6,3,4.1,6.7,-5,0.8,1,7.3,3,0,0.4,3.4,43,18,24,-0.3,6,42,47,0,0,0,0,0,0,0,0,0,0,0,0,0,0,0,0,0,0,0,0,1.25,0.25,0,83,0.74,0.03,7.9,800,0.95,0.15,100,0.33,0,30,8.4,1.6,-400,1.12,0.2,50,0.25,0,80,WR,6,0,0,0,0,7,3,50,19,13.4,0.3,6.9,0.2,0,0.221,0.5,0.256,0,0,0,0,0,0,0,0,0,0,williams,preston williams,p,williams5600wrp,39142-62967:Preston Williams,39142-62967,WR,p,Preston Williams,williams,8.399999619,4,5600,WAS@MIA,MIA,WAS,,,,ryland,ryland,preston,williams5600wrp
willis4500wrd,0,Damion Willis,4500,CIN,@BAL,,,3.3,6.2,0,-0.89,0.7,0.5,0,4.19,-35,0.31,0,0,0,0,0.4,1.1,44,18.3,28.8,-0.2,10.5,47,42,0,0,0,0,0,0,0,0,0,0,0,0,0,0,0,0,0,0,0,0,0,0,0,64,0.49,0.01,2.1,0,0.77,0.06,50,0,0.5,40,2.5,-0.6,-1500,0.78,0.06,33,0,0.22,90,WR,6,0,0,0,0,3,2,20,10,9.1,0,6.4,0,0,0.079,0,0.069,0,0,0,0,0,0,0,0,0,0,willis,damion willis,d,willis4500wrd,39142-92168:Damion Willis,39142-92168,WR,d,Damion Willis,willis,3.174999952,4,4500,CIN@BAL,CIN,BAL,,,,ryland,ryland,damion,willis4500wrd
wilson4500wrc,0,Cedrick Wilson,4500,DAL,@NYJ,,,2.9,6.2,0,-1.29,0.6,0,7.1,4.19,0,0.02,0,0,0,0,0.4,2.8,10,25.3,18.3,-1,-7,43.5,74,0,0,0,0,0,0,0,0,0,0,0,0,0,0,0,0,0,0,0,0,0,0,0,64,0.49,0.01,0,0,0,0,0,0,1,40,0,-0.4,-1500,0,0,0,0,0.44,90,WR,6,0,0,0,0,0,0,0,0,0,0,0,0,0,0.017,0,0,0,0,0,0,0,0,0,0,0,0,wilson,cedrick wilson,c,wilson4500wrc,39142-69581:Cedrick Wilson,39142-69581,WR,c,Cedrick Wilson,wilson,0,2,4500,DAL@NYJ,DAL,NYJ,,,,ryland,ryland,cedrick,wilson4500wrc
wilson4900wra,0,Albert Wilson,4900,MIA,WAS,,,5.6,11.8,0,0.5,1.1,0.5,4,5.1,-14,0.69,0,0,2,0,0.58,3.4,23,18,24,-0.3,6,42,47,0,0,0,0,0,0,0,0,0,0,0,0,0,0,0,0,0,0,0,0,0,0,0,83,0.74,0.03,0,0,0,0,0,0,1,30,4.7,1.4,-1100,0.7,0.2,14,0.07,0.42,14,WR,6,0,0,0,0,5,3,66,37,18.2,0.7,10.4,0,0,0.157,0.333,0.247,0,0,0,0,0,0,0,0,0,0,wilson,albert wilson,a,wilson4900wra,39142-48344:Albert Wilson,39142-48344,WR,a,Albert Wilson,wilson,2.400000095,1,4900,WAS@MIA,MIA,WAS,Q,Calf,,ryland,ryland,albert,wilson4900wra
woods7100wrr,0,Robert Woods,7100,LA,SF,,,10.8,22.2,1.2,0.68,1.5,3,7.6,10.12,16,0.97,1,5.3,2,0,0.4,-0.5,67,26.3,23.3,0.5,-3,49.5,62,0,0,0,0,0,0,0,0,0,0,0,0,0,0,0,0,0,0,0,0,0.75,0.31,0.06,72,0.54,0.01,10,-200,1.08,0.14,20,0.2,0.8,50,11.7,0.7,1100,1.22,0.17,62,0.07,0.22,27,WR,6,0,0,0,0,8,5,72,25,13.2,0.2,9.3,0.222,0,0.226,0.111,0.249,0,0,0,0,0,0,0,0,0,0,woods,robert woods,r,woods7100wrr,39142-29685:Robert Woods,39142-29685,WR,r,Robert Woods,woods,11.05999985,5,7100,SF@LAR,LAR,SF,,,,ryland,ryland,robert,woods7100wrr
