,rating,name,salary,team,opp,, ,proj,ceil,floor,proj+-,pts/sal,proj_own,impld_pts,lev_rank,leverage,sr,buzz,pro,my,bargain,opp+-,snaps,pts,opppts,delta,spread,o/u,spread%,comp,att,yards,%,y/a,adj ypa,td,long,CAY,IAY,%rb,%wr,%te,%td,int%,sack%,rush-att,not sure,rush_yards,rush_y/a,rush_td,success,rz_opp,rz_opp10,rz-opp5,temp,humidity,precip%,month_ppg,month_change,month_fpo,month_fps,consistency,upside,duds,count,year_ppg,year+-,year_change,year_fpo,year_fps,year_consistency,year_upside,year_duds,year_count,pos,week,rush_td%,rush_yards%,snaps%,rush_att,rec_trgts,not_sure2,rec_yards,rec_long,rec_yr,rec_td,rec_yt,rz_td_pct,rz_succ%,rec_trgts%,rec_td%,rec_yds%,rec_TAY,rec_TAY%,proj_sacks,pass_succ,rush_succ,takeaway%,td%,ypp,rz_snaps,rz_snaps10,rz_snaps5,TD%,Last Name_master,City Name_master,First Name_master,RylandID_master,Id,Position,First Name,Nickname,Last Name,FPPG,Played,Salary,Game,Team,Opponent,Injury Indicator,Injury Details,Tier,Unnamed: 28,Unnamed: 29,Roster Position,City Name,City Name2,City Name3,RylandID
adams8100wrd,72.81,Davante Adams,8100,LV,@JAX,,,14.86,20.5,9.2,0.26,1.8,11.5,14.6,1,0.82,0,0,6,0,0.5,-0.6,58,25,22.5,0,-2.5,47.5,62,0,0,0,0,0,0,0,0,0,0,0,0,0,0,0,0,0,0,0,0,0,0,1.88,1.06,0.69,76,0.88,0.12,16.5,0,2.25,0.31,75,0.5,0.25,40,16.4,0.7,2100,1.57,0.28,57,0.33,0.28,21,WR,11/2/2022,0,0,0,0,10,6,82,26,12.1,0.8,0,0.333,0,0.296,0.419,0.313,48.9,33.5,0,0,0,0,0,0,0,0,0,0,adams,davante adams,d,adams8100wrd,82608-45889,WR,d,Davante Adams,adams,14.29999978,7,8100,LV@JAC,LV,JAC,,,,,,WR/FLEX,ryland,ryland,davante,adams8100wrd
agholor5200wrn,38.49,Nelson Agholor,5200,NE,IND,,,3.09,4.6,1.6,-4.89,0.6,0.2,7.98,3,0.87,0,0,2,0,0.04,-2.7,35,22.8,17.3,2.3,-5.5,40,53,0,0,0,0,0,0,0,0,0,0,0,0,0,0,0,0,0,0,0,0,0,0,0.18,0,0,70,0.76,0,0.7,-300,0.7,0.08,0,0,0.25,40,6.4,-0.6,-800,2.05,0.18,43,0.17,0.26,23,WR,11/2/2022,0,0,0,0,3,2,26,13,12.2,0.1,0,0.333,0,0.115,0.118,0.121,18.1,16.2,0,0,0,0,0,0,0,0,0,0,agholor,nelson agholor,n,agholor5200wrn,82608-29683,WR,n,Nelson Agholor,agholor,4.600000109,7,5200,IND@NE,NE,IND,,,,,,WR/FLEX,ryland,ryland,nelson,agholor5200wrn
aliecox4600tem,53.59,Mo Alie-Cox,4600,IND,@NE,,,2.12,3.2,1,-3.18,0.5,0.1,5.3,-4,0.63,0,0,1,0,0.16,0.1,35,17.3,22.8,-3.2,5.5,40,47,0,0,0,0,0,0,0,0,0,0,0,0,0,0,0,0,0,0,0,0,0,0,0.5,0.31,0.19,70,0.76,0,0,-200,0,0,0,0,0,30,3.8,-1,-1400,1.75,0.11,42,0.04,0.14,21,TE,11/2/2022,0,0,0,0,2,1,15,9,11.8,0.1,0,0.25,0,0.068,0.105,0.069,8.9,7.1,0,0,0,0,0,0,0,0,0,0,aliecox,mo alie-cox,m,aliecox4600tem,82608-24533,TE,m,Mo Alie-Cox,aliecox,5.183333397,6,4600,IND@NE,IND,NE,,,,,,TE/FLEX,ryland,ryland,mo,aliecox4600tem
allen9300qbj,78.54,Josh Allen,9300,BUF,@NYJ,,,26.12,37,15.3,2.81,2.8,19.6,23.31,0,0.5,0,0,2,0,0.77,-5.2,65,28.8,17.3,1.5,-11.5,46,59,23,37,272,63,7.3,6.63,2.2,37,164.1,326.5,10.2,47,8.6,5.9,3,4.4,7,18,47,6.5,0.3,0.659,9,4.06,2.47,72,0.72,0.04,27.4,300,0.67,0.46,100,0.66,0,30,26.3,4.1,3300,0.57,0.4,85,0.74,0.03,27,QB,11/2/2022,0,0,0,0,0,0,0,0,0,0,0,0,0,0,0,0,,0,0,0,0,0,0,0,0,0,0,0,allen,josh allen,j,allen9300qbj,82608-62239,QB,j,Josh Allen,allen,28.07428632,7,9300,BUF@NYJ,BUF,NYJ,,,,,,QB,ryland,ryland,josh,allen9300qbj
allgeier6400rbt,63.61,Tyler Allgeier,6400,ATL,LAC,,,6.26,8.3,4.2,-3.91,1,0.8,10.17,0,0.81,0,0,2,0,0.16,-0.1,29,23.3,26.3,3.3,3,49.5,52,0,0,0,0,0,0,0,0,0,0,0,0,0,0,0,0,0,15,46,3.9,0.1,0.429,2.13,0.88,0.38,0,0,0,9.2,700,0.6,0.26,100,0.5,0,40,6.6,-0.3,400,0.52,0.23,80,0.3,0.1,10,RB,11/2/2022,0.143,0.305,0.499,12,0,0,10,7,14.2,0.1,0,0.059,0.412,0,0,0,,0,0,0,0,0,0,0,0,0,0,0,allgeier,tyler allgeier,t,allgeier6400rbt,82608-90428,RB,t,Tyler Allgeier,allgeier,7.714285714,7,6400,LAC@ATL,ATL,LAC,,,,,,RB/FLEX,ryland,ryland,tyler,allgeier6400rbt
anderson5100wrr,37.92,Robbie Anderson,5100,ARI,SEA,,,2.61,4.1,1.1,-5.15,0.5,0.1,7.76,6,0.91,0,0,1,0,0.61,-2.6,48,25.5,23.5,-2.3,-2,49,21,0,0,0,0,0,0,0,0,0,0,0,0,0,0,0,0,0,0,0,0,0,0,0.44,0.22,0.11,0,0,0,3.7,-400,1.64,0.16,20,0,0,50,6.9,-1.3,-900,1.27,0.14,40,0.18,0.27,22,WR,11/2/2022,0,0,0,0,5,2,30,16,10.9,0.2,0,0.429,0,0.167,0.267,0.153,23.3,25.7,0,0,0,0,0,0,0,0,0,0,anderson,robbie anderson,r,anderson5100wrr,82608-26251,WR,r,Robbie Anderson,anderson,4.442857197,7,5100,SEA@ARI,ARI,SEA,,,,,,WR/FLEX,ryland,ryland,robbie,anderson5100wrr
arizona4000,46.67,Arizona,4000,ARI,SEA,,,6.18,13.3,-0.9,-0.2,1.5,1.1,6.38,9,0.97,0,0,1,0,0.45,-1.4,0,25.5,23.5,-2.3,-2,49,21,0,0,0,0,0,0,0,0,0,0,0,0,0,0,2.07,6.03,0,0,0,0,0,0,0,0,0,0,0,0,12.2,600,0,0,100,0.8,0,50,7.1,1.3,-2000,0,0,87,0.45,0.08,24,D,11/2/2022,0,0,0,0,0,0,0,0,0,0,0,0,0,0,0,0,,0,2.5,0.5483,0.5,0.0121,0.0518,7.41,11,6.25,3.85,0.2139,arizona,arizona,a,arizona4000,82608-12546,D,a,Arizona Cardinals,cardinals,7.875,8,4000,SEA@ARI,ARI,SEA,,,,,,DEF,Cardinals,Cardinals,arizona,arizona4000
atlanta3100,86.99,Atlanta,3100,ATL,LAC,,,5.26,11.7,-1.2,1.78,1.7,2.1,3.48,-5,0.34,0,0,1,0,0.97,3,0,23.3,26.3,3.3,3,49.5,52,0,0,0,0,0,0,0,0,0,0,0,0,0,0,2.42,3.03,0,0,0,0,0,0,0,0,0,0,0,0,4,100,0,0,50,0.5,0.5,40,5.5,1.1,-2900,0,0,76,0.57,0.23,21,D,11/2/2022,0,0,0,0,0,0,0,0,0,0,0,0,0,0,0,0,,0,1.6,0.5401,0.5349,0.0137,0.0484,7.48,12.22,5.88,3.57,0.2136,atlanta,atlanta,a,atlanta3100,82608-12525,D,a,Atlanta Falcons,falcons,5.75,8,3100,LAC@ATL,ATL,LAC,,,,,,DEF,Falcons,Falcons,atlanta,atlanta3100
bandy4600wrm,60.73,Michael Bandy,4600,LAC,@ATL,,,5.22,7.7,2.8,-1.4,1.1,0.8,6.62,1,0.82,0,0,0,0,0.65,1.6,18,26.3,23.3,-1.2,-3,49.5,48,0,0,0,0,0,0,0,0,0,0,0,0,0,0,0,0,0,0,0,0,0,0,0,0,0,0,0,0,0.9,-100,0.34,0.05,0,0,0.33,30,90,0,-1400,3.6,0.5,15,0.1,0.1,20,WR,11/2/2022,0,0,0,0,2,1,12,6,12,0,0,0,0,0.057,0,0.044,14,8.8,0,0,0,0,0,0,0,0,0,0,bandy,michael bandy,m,bandy4600wrm,82608-154661,WR,m,Michael Bandy,bandy,2.26666673,3,4600,LAC@ATL,LAC,ATL,,,,,,WR/FLEX,ryland,ryland,michael,bandy4600wrm
benjamin6600rbe,72.57,Eno Benjamin,6600,ARI,SEA,,,8.66,11.5,5.8,-2.01,1.3,1.3,10.67,3,0.9,0,0,1,0,0.31,0.1,25,25.5,23.5,-2.3,-2,49,21,0,0,0,0,0,0,0,0,0,0,0,0,0,0,0,0,0,10,26,4.1,0.2,0.48,1.29,0.41,0.18,0,0,0,14,1200,0.89,0.27,80,0.6,0.2,50,6.7,0.1,600,0.74,0.27,47,0.3,0.39,23,RB,11/2/2022,0.176,0.228,0.361,6,2,1,14,8,7.3,0,0,0.125,0.625,0,0,0,,0,0,0,0,0,0,0,0,0,0,0,benjamin,eno benjamin,e,benjamin6600rbe,82608-85762,RB,e,Eno Benjamin,benjamin,8.887499809,8,6600,SEA@ARI,ARI,SEA,,,,,,RB/FLEX,ryland,ryland,eno,benjamin6600rbe
berrios4900wrb,53.53,Braxton Berrios,4900,NYJ,BUF,,,4.76,6.6,2.9,-2.54,1,0.7,7.3,0,0.8,0,0,0,0,0.56,-4.7,24,17.3,28.8,-3,11.5,46,41,0,0,0,0,0,0,0,0,0,0,0,0,0,0,0,0,0,0,0,0,0,0,0.76,0.41,0.24,72,0.72,0.04,7.6,300,2.75,0.33,75,0.5,0,40,70,-0.3,-1100,1.4,0.29,75,0.35,0.05,20,WR,11/2/2022,0,0,0,0,3,2,20,8,8.6,0.1,0,0.125,0,0.098,0.067,0.088,4.7,5.7,0,0,0,0,0,0,0,0,0,0,berrios,braxton berrios,b,berrios4900wrb,82608-52495,WR,b,Braxton Berrios,berrios,4.510000229,8,4900,BUF@NYJ,NYJ,BUF,,,,,,WR/FLEX,ryland,ryland,braxton,berrios4900wrb
bourne5000wrk,58.85,Kendrick Bourne,5000,NE,IND,,,6.08,8.9,3.3,-1.45,1.2,0.4,7.53,15,0.97,0,0,1,0,0.24,-2.7,28,22.8,17.3,2.3,-5.5,40,53,0,0,0,0,0,0,0,0,0,0,0,0,0,0,0,0,0,0,0,0,0,0,0.65,0.18,0.18,70,0.76,0,1.4,-200,1.02,0.05,0,0,0.5,40,7.1,-1,-1000,1.84,0.26,54,0.16,0.29,24,WR,11/2/2022,0,0,0,0,3,2,35,21,14.2,0.2,0,0.375,0,0.113,0.143,0.159,21.5,11.8,0,0,0,0,0,0,0,0,0,0,bourne,kendrick bourne,k,bourne5000wrk,82608-80289,WR,k,Kendrick Bourne,bourne,3.214285714,7,5000,IND@NE,NE,IND,,,,,,WR/FLEX,ryland,ryland,kendrick,bourne5000wrk
boyd6900wrt,64.58,Tyler Boyd,6900,CIN,CAR,,,11.05,15.2,6.9,-0.81,1.6,8.3,11.86,7,0.92,0,0,1,0,0.75,-2.9,55,25,17.5,-0.5,-7.5,42.5,43,0,0,0,0,0,0,0,0,0,0,0,0,0,0,0,0,0,0,0,0,0,0,0.47,0.35,0.24,70,0.5,0,12.8,1000,2.13,0.24,100,0.25,0,40,9.5,-0.2,900,1.29,0.17,72,0.24,0.12,25,WR,11/2/2022,0,0,0,0,5,3,57,30,14.9,0.4,0,0.5,0,0.147,0.226,0.194,35.9,18.8,0,0,0,0,0,0,0,0,0,0,boyd,tyler boyd,t,boyd6900wrt,82608-40669,WR,t,Tyler Boyd,boyd,11.52750015,8,6900,CAR@CIN,CIN,CAR,,,,,,WR/FLEX,ryland,ryland,tyler,boyd6900wrt
brady6900qbt,64.51,Tom Brady,6900,TB,LA,,,18.18,28.9,7.4,-0.42,2.6,7.3,18.6,-3,0.45,0,0,1,0,0.76,-5.5,67,22.8,19.8,0.5,-3,42.5,59,28,42,290,66,6.9,6.69,1.6,38,155.8,318.4,11.2,33.7,15.2,3.8,1.2,3.2,1,2,2,1.4,0.1,0.308,7.59,3.53,1.76,80,0.73,0.1,15.9,-900,0.32,0.22,100,0.2,0,50,16.7,-2.8,900,0.37,0.25,80,0.32,0.12,25,QB,11/2/2022,0,0,0,0,0,0,0,0,0,0,0,0,0,0,0,0,,0,0,0,0,0,0,0,0,0,0,0,brady,tom brady,t,brady6900qbt,82608-6498,QB,t,Tom Brady,brady,15.39750004,8,6900,LAR@TB,TB,LAR,,,,,,QB,ryland,ryland,tom,brady6900qbt
brown4900rbs,53.49,Spencer Brown,4900,CAR,@CIN,,,2.94,4,1.9,-3.49,0.6,0,6.43,0,0.5,0,0,1,0,0.2,-1.1,18,17.5,25,-1,7.5,42.5,57,0,0,0,0,0,0,0,0,0,0,0,0,0,0,0,0,0,7,27,4.5,0,0.5,0.25,0.25,0.13,70,0.5,0,2.7,400,0.39,0.15,50,0,0,20,50,0,-1100,0.71,0.28,33,0,0.16,60,RB,11/2/2022,0,0.16,0.225,6,1,0,0,0,0,0,0,0,0.5,0,0,0,,0,0,0,0,0,0,0,0,0,0,0,brown,spencer brown,s,brown4900rbs,82608-89785,RB,s,Spencer Brown,brown,2.700000048,1,4900,CAR@CIN,CAR,CIN,,,,,,RB/FLEX,ryland,ryland,spencer,brown4900rbs
brown5200rbm,52.3,Malcolm Brown,5200,LA,@TB,,,2.88,3.9,1.8,-4.3,0.6,0.1,7.18,4,0.92,0,0,0,0,0.12,-1.8,9,19.8,22.8,-1,3,42.5,41,0,0,0,0,0,0,0,0,0,0,0,0,0,0,0,0,0,3,6,2.1,0,0.25,0.2,0.2,0.2,80,0.73,0.1,2.2,700,0.46,0.18,33,0,0.33,30,2.2,-0.5,-800,0.61,0.24,5,0,0.05,17,RB,11/2/2022,0,0.095,0.149,3,0,0,3,3,13,0,0,0,0,0,0,0,,0,0,0,0,0,0,0,0,0,0,0,brown,malcolm brown,m,brown5200rbm,82608-32234,RB,m,Malcolm Brown,brown,2.150000095,2,5200,LAR@TB,LAR,TB,,,,,,RB/FLEX,ryland,ryland,malcolm,brown5200rbm
brown5200wre,33.67,E. St. Brown,5200,CHI,MIA,,,2.34,3.6,1.1,-5.64,0.5,0.4,7.98,-14,0.47,0,0,0,0,0.56,-1.7,33,20.5,25,1,4.5,45.5,41,0,0,0,0,0,0,0,0,0,0,0,0,0,0,0,0,0,0,0,0,0,0,0.29,0,0,60,0.54,0,2.9,0,0.88,0.08,25,0,0.5,40,3.1,-2.6,-800,1.18,0.09,38,0.09,0.33,21,WR,11/2/2022,0,0,0,0,2,1,16,11,14.7,0.1,0,0.2,0,0.084,0.038,0.078,13.5,12.7,0,0,0,0,0,0,0,0,0,0,brown,e. st. brown,e,brown5200wre,82608-64841,WR,e,Equanimeous St. Brown,brown,4.037499905,8,5200,MIA@CHI,CHI,MIA,,,,,,WR/FLEX,ryland,ryland,equanimeous,brown5200wre
brown7100wra,82.82,Amon-Ra St. Brown,7100,DET,GB,,,14.14,19,9.3,1.82,2,16.9,12.32,-4,0.67,0,0,7,0,0.9,-2.8,47,23,26.5,1,3.5,49.5,50,0,0,0,0,0,0,0,0,0,0,0,0,0,0,0,0,0,0,0,0,0,0,1,0.31,0.25,0,0,0,5,-1100,0.89,0.17,33,0,0.66,30,14.6,3.7,1100,1.57,0.31,75,0.45,0.15,20,WR,11/2/2022,0,0,0,0,8,6,67,23,10.3,0.5,0,0.438,0,0.274,0.364,0.296,33.2,21.5,0,0,0,0,0,0,0,0,0,0,brown,amon-ra st. brown,a,brown7100wra,82608-86997,WR,a,Amon-Ra St. Brown,brown,12.78333282,6,7100,GB@DET,DET,GB,,,,,,WR/FLEX,ryland,ryland,amonra,brown7100wra
buffalo5000,29.35,Buffalo,5000,BUF,@NYJ,,,8.1,16.3,-0.1,-1.49,1.6,17.4,9.59,0,0.69,0,0,2,0,0.77,-3.1,0,28.8,17.3,1.5,-11.5,46,59,0,0,0,0,0,0,0,0,0,0,0,0,0,0,3.63,8.99,0,0,0,0,0,0,0,0,0,72,0.72,0.04,8.3,0,0,0,100,0.66,0,30,10.1,20,-1000,0,0,79,0.65,0.17,29,D,11/2/2022,0,0,0,0,0,0,0,0,0,0,0,0,0,0,0,0,,0,2.8,0.4379,0.4856,0.0195,0.0329,6.21,8.75,4.57,2.92,0.1786,buffalo,buffalo,b,buffalo5000,82608-12526,D,b,Buffalo Bills,bills,10.71428571,7,5000,BUF@NYJ,BUF,NYJ,,,,,,DEF,Bills,Bills,buffalo,buffalo5000
burrow8500qbj,58.05,Joe Burrow,8500,CIN,CAR,,,19.6,30.7,8.5,-2.14,2.3,4.2,21.74,4,0.94,0,0,1,0,0.35,-3.1,67,25,17.5,-0.5,-7.5,42.5,43,25,36,295,70,8.2,6.95,1.9,42,150.8,289.3,11.9,38,11.4,5.3,1.9,9.5,3,8,12,4,0.3,0.5,5.53,2.53,1.47,70,0.5,0,26.1,700,0.6,0.44,100,0.75,0,40,20.8,0.6,2500,0.48,0.31,80,0.48,0.04,25,QB,11/2/2022,0,0,0,0,0,0,0,0,0,0,0,0,0,0,0,0,,0,0,0,0,0,0,0,0,0,0,0,burrow,joe burrow,j,burrow8500qbj,82608-63336,QB,j,Joe Burrow,burrow,23.29500008,8,8500,CAR@CIN,CIN,CAR,,,,,,QB,ryland,ryland,joe,burrow8500qbj
byrd5400wrd,34.74,Damiere Byrd,5400,ATL,LAC,,,3.12,4.7,1.5,-5.32,0.6,0.6,8.44,-8,0.58,0,0,2,0,0.06,-1.9,36,23.3,26.3,3.3,3,49.5,52,0,0,0,0,0,0,0,0,0,0,0,0,0,0,0,0,0,0,0,0,0,0,0.24,0.06,0.06,0,0,0,14.1,800,7.05,0.71,50,0.5,0,40,7.1,-0.6,-600,2.35,0.2,47,0.26,0.1,19,WR,11/2/2022,0,0,0,0,3,1,31,20,17,0.2,0,0,0,0.101,0.158,0.14,22.8,15.6,0,0,0,0,0,0,0,0,0,0,byrd,damiere byrd,d,byrd5400wrd,82608-30678,WR,d,Damiere Byrd,byrd,7.050000191,4,5400,LAC@ATL,ATL,LAC,,,,,,WR/FLEX,ryland,ryland,damiere,byrd5400wrd
campbell5400wrp,51.02,Parris Campbell,5400,IND,@NE,,,5.28,7.5,3.1,-3.16,1,0.9,8.44,-3,0.7,0,0,0,0,0.63,-2.3,54,17.3,22.8,-3.2,5.5,40,47,0,0,0,0,0,0,0,0,0,0,0,0,0,0,0,0,0,0,0,0,0,0,0.25,0.25,0.13,70,0.76,0,13.8,300,1.9,0.21,100,0.66,0,30,7.7,0,-600,1.56,0.14,33,0.14,0.04,21,WR,11/2/2022,0,0,0,0,4,3,31,13,9.4,0.2,0,0.5,0,0.128,0.2,0.118,12.7,15.2,0,0,0,0,0,0,0,0,0,0,campbell,parris campbell,p,campbell5400wrp,82608-56262,WR,p,Parris Campbell,campbell,7.25,8,5400,IND@NE,IND,NE,,,,,,WR/FLEX,ryland,ryland,parris,campbell5400wrp
carolina3300,83.1,Carolina,3300,CAR,@CIN,,,6.36,13.2,-0.5,2.23,1.9,8.8,4.13,-4,0.39,0,0,2,0,0.54,0.1,0,17.5,25,-1,7.5,42.5,57,0,0,0,0,0,0,0,0,0,0,0,0,0,0,1.66,5.73,0,0,0,0,0,0,0,0,0,70,0.5,0,7.3,-300,0,0,100,0.75,0,40,6.2,-0.6,-2700,0,0,85,0.42,0.14,21,D,11/2/2022,0,0,0,0,0,0,0,0,0,0,0,0,0,0,0,0,,0,2.9,0.4917,0.4559,0.0085,0.0423,7.08,9.76,4.38,3.23,0.2169,carolina,carolina,c,carolina3300,82608-12553,D,c,Carolina Panthers,panthers,7.125,8,3300,CAR@CIN,CAR,CIN,,,,,,DEF,Panthers,Panthers,carolina,carolina3300
carr6800qbd,62.88,Derek Carr,6800,LV,@JAX,,,17.42,26.6,8.2,-0.98,2.6,4.2,18.4,-3,0.45,0,0,1,0,0.54,-3.3,63,25,22.5,0,-2.5,47.5,62,23,35,244,66,7,5.89,1.2,33,125.4,304,16.1,42.9,16.9,3.4,2.3,5.9,1,5,8,4.2,0,0.486,5.72,2.56,1.11,76,0.88,0.12,11.5,-300,0.37,0.21,66,0.33,0.33,30,14.3,-4.5,800,0.36,0.23,85,0.38,0.04,21,QB,11/2/2022,0,0,0,0,0,0,0,0,0,0,0,0,0,0,0,0,,0,0,0,0,0,0,0,0,0,0,0,carr,derek carr,d,carr6800qbd,82608-45859,QB,d,Derek Carr,carr,14.64857156,7,6800,LV@JAC,LV,JAC,,,,,,QB,ryland,ryland,derek,carr6800qbd
carter5500wrd,72.76,DeAndre Carter,5500,LAC,@ATL,,,8.99,12.6,5.4,0.32,1.6,4.3,8.67,5,0.9,0,0,1,0,0.63,1.6,41,26.3,23.3,-1.2,-3,49.5,48,0,0,0,0,0,0,0,0,0,0,0,0,0,0,0,0,0,0,0,0,0,0,0.39,0.11,0.06,0,0,0,3.4,400,0.74,0.06,33,0,0.66,30,4.3,-2.9,-500,1.12,0.11,32,0.12,0.4,25,WR,11/2/2022,0,0,0,0,3,2,24,13,11.3,0.2,0,0.286,0,0.097,0.136,0.1,17.7,12.4,0,0,0,0,0,0,0,0,0,0,carter,deandre carter,d,carter5500wrd,82608-62628,WR,d,DeAndre Carter,carter,5.128571647,7,5500,LAC@ATL,LAC,ATL,Q,Illness,,,,WR/FLEX,ryland,ryland,deandre,carter5500wrd
carter6000rbm,69.12,Michael Carter,6000,NYJ,BUF,,,8.22,10.9,5.5,-0.95,1.4,3,9.17,-4,0.64,0,0,1,0,0.84,-3.7,32,17.3,28.8,-3,11.5,46,41,0,0,0,0,0,0,0,0,0,0,0,0,0,0,0,0,0,17,40,4.2,0.2,0.455,1.82,1,0.53,72,0.72,0.04,9.5,500,0.79,0.3,100,0.25,0,40,7.4,-0.4,0,0.57,0.23,63,0.21,0.21,19,RB,11/2/2022,0.2,0.351,0.518,9,3,2,17,10,7.5,0,0,0.115,0.423,0,0,0,,0,0,0,0,0,0,0,0,0,0,0,carter,michael carter,m,carter6000rbm,82608-93539,RB,m,Michael Carter,carter,8.5,8,6000,BUF@NYJ,NYJ,BUF,,,,,,RB/FLEX,ryland,ryland,michael,carter6000rbm
chicago3000,83.51,Chicago,3000,CHI,MIA,,,6.26,13,-0.5,3.1,2.1,2.4,3.16,1,0.75,0,0,1,0,0.95,-1.3,0,20.5,25,1,4.5,45.5,41,0,0,0,0,0,0,0,0,0,0,0,0,0,0,2.91,9.17,0,0,0,0,0,0,0,0,0,60,0.54,0,5,-300,0,0,75,0.5,0.25,40,6.3,0.3,-3000,0,0,85,0.5,0.15,20,D,11/2/2022,0,0,0,0,0,0,0,0,0,0,0,0,0,0,0,0,,0,2.4,0.4966,0.5078,0.0136,0.0459,7.14,8.8,4.93,30,0.2348,chicago,chicago,c,chicago3000,82608-12527,D,c,Chicago Bears,bears,5.875,8,3000,MIA@CHI,CHI,MIA,,,,,,DEF,Bears,Bears,chicago,chicago3000
cincinnati4400,61.27,Cincinnati,4400,CIN,CAR,,,7.7,15.8,-0.4,0.04,1.8,10,7.66,0,0.69,0,0,5,0,0.96,0.3,0,25,17.5,-0.5,-7.5,42.5,43,0,0,0,0,0,0,0,0,0,0,0,0,0,0,2.14,6.25,0,0,0,0,0,0,0,0,0,70,0.5,0,4,600,0,0,100,0.25,0,40,6.3,1.2,-1600,0,0,84,0.52,0.16,25,D,11/2/2022,0,0,0,0,0,0,0,0,0,0,0,0,0,0,0,0,,0,2.2,0.4696,0.5147,0.0121,0.0379,7.15,7.47,4.71,3.7,0.2205,cincinnati,cincinnati,c,cincinnati4400,82608-12528,D,c,Cincinnati Bengals,bengals,5.75,8,4400,CAR@CIN,CIN,CAR,,,,,,DEF,Bengals,Bengals,cincinnati,cincinnati4400
claypool5900wrc,34.6,Chase Claypool,5900,CHI,MIA,,,4.11,5.9,2.3,-5.47,0.7,0.8,9.58,-8,0.58,0,0,0,0,0.65,-1.7,56,20.5,25,1,4.5,45.5,41,0,0,0,0,0,0,0,0,0,0,0,0,0,0,0,0,0,0,0,0,0,0,0.94,0.67,0.39,60,0.54,0,11.1,300,1.27,0.18,100,0.25,0,40,7.8,-1.5,-100,0.93,0.14,66,0.14,0.11,27,WR,11/2/2022,0,0,0,0,6,3,45,20,11.8,0.1,0,0.154,0,0.173,0.1,0.204,31.2,24.7,0,0,0,0,0,0,0,0,0,0,claypool,chase claypool,c,claypool5900wrc,82608-73111,WR,c,Chase Claypool,claypool,7.829999924,8,5900,MIA@CHI,CHI,MIA,,,,,,WR/FLEX,ryland,ryland,chase,claypool5900wrc
conklin5200tet,77.63,Tyler Conklin,5200,NYJ,BUF,,,6.63,8.9,4.3,-0.07,1.3,4.6,6.7,-2,0.72,0,0,5,0,0.07,-4,53,17.3,28.8,-3,11.5,46,41,0,0,0,0,0,0,0,0,0,0,0,0,0,0,0,0,0,0,0,0,0,0,0.89,0.39,0.28,72,0.72,0.04,9.8,-100,1.95,0.24,75,0.25,0,40,6.5,0,-800,1.17,0.12,65,0.13,0.3,23,TE,11/2/2022,0,0,0,0,5,3,33,14,9.1,0.3,0,0.333,0,0.165,0.172,0.135,14.2,12,0,0,0,0,0,0,0,0,0,0,conklin,tyler conklin,t,conklin5200tet,82608-60451,TE,t,Tyler Conklin,conklin,8.125,8,5200,BUF@NYJ,NYJ,BUF,,,,,,TE/FLEX,ryland,ryland,tyler,conklin5200tet
conner6600rbj,76.13,James Conner,6600,ARI,SEA,,,9.18,11.9,6.4,-1.49,1.4,2.1,10.67,3,0.9,0,0,2,0,0.25,0.1,46,25.5,23.5,-2.3,-2,49,21,0,0,0,0,0,0,0,0,0,0,0,0,0,0,0,0,0,14,49,3.7,0.7,0.512,1.88,1.35,0.94,0,0,0,6.8,-100,0.68,0.28,20,0,0,50,14.8,1.6,600,0.83,0.32,39,0.21,0.21,23,RB,11/2/2022,0.533,0.435,0.651,13,4,3,37,18,9.7,0.3,0,0.276,0.517,0,0,0,,0,0,0,0,0,0,0,0,0,0,0,conner,james conner,j,conner6600rbj,82608-40687,RB,j,James Conner,conner,8.659999847,5,6600,SEA@ARI,ARI,SEA,Q,Ribs,,,,RB/FLEX,ryland,ryland,james,conner6600rbj
cook5500rbj,61.62,James Cook,5500,BUF,@NYJ,,,4.27,5.8,2.7,-3.66,0.8,0.4,7.93,0,0.81,0,0,5,0,0.87,-1.4,9,28.8,17.3,1.5,-11.5,46,59,0,0,0,0,0,0,0,0,0,0,0,0,0,0,0,0,0,11,18,5.5,0.1,0.5,0.86,0.14,0,72,0.72,0.04,6,800,1.5,0.55,66,0.66,0.33,30,4.6,-1.4,-500,1,0.51,70,0.11,0.23,17,RB,11/2/2022,0.25,0.153,0.146,3,1,0,11,7,15.6,0,0,0,0.667,0,0,0,,0,0,0,0,0,0,0,0,0,0,0,cook,james cook,j,cook5500rbj,82608-91626,RB,j,James Cook,cook,3.928571429,7,5500,BUF@NYJ,BUF,NYJ,,,,,,RB/FLEX,ryland,ryland,james,cook5500rbj
cook8500rbd,79.87,Dalvin Cook,8500,MIN,@WAS,,,15,19.3,10.7,-0.41,1.8,9.1,15.41,9,0.97,0,0,7,0,0.31,-1.1,45,23.3,20.3,1,-3,43.5,47,0,0,0,0,0,0,0,0,0,0,0,0,0,0,0,0,0,22,85,4.8,0.6,0.494,3.12,1.94,1.06,74,0.75,0.2,20.8,1200,1.04,0.43,100,0.66,0,30,12.7,-1.9,2500,0.6,0.28,35,0.17,0.5,28,RB,11/2/2022,0.563,0.771,0.705,17,3,2,17,10,6.7,0,0,0.146,0.5,0,0,0,,0,0,0,0,0,0,0,0,0,0,0,cook,dalvin cook,d,cook8500rbd,82608-54140,RB,d,Dalvin Cook,cook,14.79999978,7,8500,MIN@WAS,MIN,WAS,,,,,,RB/FLEX,ryland,ryland,dalvin,cook8500rbd
cousins7900qbk,50.51,Kirk Cousins,7900,MIN,@WAS,,,17.38,29.4,5.4,-3.18,2.2,1.6,20.56,7,0.98,0,0,0,0,0.39,-0.7,65,23.3,20.3,1,-3,43.5,47,22,34,250,64,7.3,6.86,1.9,39,145,295.4,12.9,39.7,11.3,5.6,1.8,5.6,1,4,5,2.6,0.2,0.452,6.35,3.18,1.53,74,0.75,0.2,21.1,800,0.51,0.31,100,0.66,0,30,16.6,-2.8,1900,0.43,0.25,84,0.34,0.03,26,QB,11/2/2022,0,0,0,0,0,0,0,0,0,0,0,0,0,0,0,0,,0,0,0,0,0,0,0,0,0,0,0,cousins,kirk cousins,k,cousins7900qbk,82608-22038,QB,k,Kirk Cousins,cousins,18.05142866,7,7900,MIN@WAS,MIN,WAS,,,,,,QB,ryland,ryland,kirk,cousins7900qbk
davis6600wrg,66.64,Gabe Davis,6600,BUF,@NYJ,,,10.51,14.8,6.2,-0.67,1.6,9.6,11.18,-4,0.67,0,0,4,0,0.95,-1.4,50,28.8,17.3,1.5,-11.5,46,59,0,0,0,0,0,0,0,0,0,0,0,0,0,0,0,0,0,0,0,0,0,0,0.94,0.41,0.35,72,0.72,0.04,16.7,600,2.63,0.3,66,0.66,0.33,30,13.1,2.3,600,2.43,0.26,48,0.31,0.1,29,WR,11/2/2022,0,0,0,0,5,2,55,29,20.3,0.5,0,0.25,0,0.15,0.258,0.206,43.3,25.9,0,0,0,0,0,0,0,0,0,0,davis,gabe davis,g,davis6600wrg,82608-94534,WR,g,Gabe Davis,davis,12.30000051,6,6600,BUF@NYJ,BUF,NYJ,,,,,,WR/FLEX,ryland,ryland,gabe,davis6600wrg
deguara4300tej,54.75,Josiah Deguara,4300,GB,@DET,,,2.38,3.3,1.5,-2.22,0.6,0.1,4.6,-3,0.67,0,0,1,0,0.16,1.4,21,26.5,23,-0.5,-3.5,49.5,50,0,0,0,0,0,0,0,0,0,0,0,0,0,0,0,0,0,0,0,0,0,0,0.47,0.06,0.06,0,0,0,1.9,200,1.9,0.16,75,0,0,40,3.8,-0.1,-1700,1.81,0.18,59,0.09,0.09,22,TE,11/2/2022,0,0,0,0,2,1,16,12,10.4,0.1,0,0,0,0.062,0.057,0.064,4.5,3.7,0,0,0,0,0,0,0,0,0,0,deguara,josiah deguara,j,deguara4300tej,82608-61112,TE,j,Josiah Deguara,deguara,1.9,5,4300,GB@DET,GB,DET,,,,,,TE/FLEX,ryland,ryland,josiah,deguara4300tej
detroit3200,70.29,Detroit,3200,DET,GB,,,4.76,10.1,-0.6,0.95,1.5,0.7,3.81,-1,0.59,0,0,1,0,0.81,1.1,0,23,26.5,1,3.5,49.5,50,0,0,0,0,0,0,0,0,0,0,0,0,0,0,1.63,5.06,0,0,0,0,0,0,0,0,0,0,0,0,3,-1500,0,0,100,0,0,30,4.2,-0.2,-2800,0,0,70,0.4,0.2,20,D,11/2/2022,0,0,0,0,0,0,0,0,0,0,0,0,0,0,0,0,,0,2.1,0.528,0.5439,0.0088,0.0475,7.64,11.81,60,3.64,0.2169,detroit,detroit,d,detroit3200,82608-12532,D,d,Detroit Lions,lions,2.571428571,7,3200,GB@DET,DET,GB,,,,,,DEF,Lions,Lions,detroit,detroit3200
diggs8900wrs,69.55,Stefon Diggs,8900,BUF,@NYJ,,,16.1,22,10.2,-0.32,1.8,12.2,16.42,4,0.89,0,0,7,0,0.9,-1.4,55,28.8,17.3,1.5,-11.5,46,59,0,0,0,0,0,0,0,0,0,0,0,0,0,0,0,0,0,0,0,0,0,0,2,0.94,0.53,72,0.72,0.04,21.9,300,2.06,0.43,100,0.33,0,30,21.4,6.6,2900,2.13,0.39,65,0.44,0.27,29,WR,11/2/2022,0,0,0,0,10,6,87,30,12.8,0.8,0,0.324,0,0.275,0.368,0.318,61.5,36.7,0,0,0,0,0,0,0,0,0,0,diggs,stefon diggs,s,diggs8900wrs,82608-25079,WR,s,Stefon Diggs,diggs,20.84285627,7,8900,BUF@NYJ,BUF,NYJ,,,,,,WR/FLEX,ryland,ryland,stefon,diggs8900wrs
dillon6100rba,74.78,AJ Dillon,6100,GB,@DET,,,8.2,10.9,5.5,-1.22,1.3,2.8,9.42,-3,0.67,0,0,1,0,0.87,0.6,32,26.5,23,-0.5,-3.5,49.5,50,0,0,0,0,0,0,0,0,0,0,0,0,0,0,0,0,0,11,49,4.1,0.4,0.583,2.65,1.29,0.76,0,0,0,4.7,-600,0.51,0.19,50,0,0.5,40,10.1,-0.1,100,0.68,0.32,68,0.22,0.18,22,RB,11/2/2022,0.545,0.421,0.503,12,2,2,18,10,8.2,0.1,0,0.15,0.55,0,0,0,,0,0,0,0,0,0,0,0,0,0,0,dillon,aj dillon,a,dillon6100rba,82608-93107,RB,a,AJ Dillon,dillon,7.175000191,8,6100,GB@DET,GB,DET,,,,,,RB/FLEX,ryland,ryland,aj,dillon6100rba
dissly4900tew,74.24,Will Dissly,4900,SEA,@ARI,,,5.16,7.1,3.2,-0.84,1.1,0.6,6,3,0.94,0,0,2,0,0.1,1.5,35,23.5,25.5,2.2,2,49,79,0,0,0,0,0,0,0,0,0,0,0,0,0,0,0,0,0,0,0,0,0,0,0.28,0.06,0,0,0,0,3.4,-200,1.35,0.08,50,0.25,0.5,40,4.6,-0.3,-1100,1.93,0.13,57,0.23,0.23,21,TE,11/2/2022,0,0,0,0,2,2,21,15,10,0.2,0,0.4,0,0.079,0.13,0.093,9.3,3.5,0,0,0,0,0,0,0,0,0,0,dissly,will dissly,w,dissly4900tew,82608-56708,TE,w,Will Dissly,dissly,6.137499809,8,4900,SEA@ARI,SEA,ARI,,,,,,TE/FLEX,ryland,ryland,will,dissly4900tew
dortch4700wrg,45.08,Greg Dortch,4700,ARI,SEA,,,2.36,3.5,1.2,-4.48,0.5,0.2,6.84,-8,0.58,0,0,0,0,0.65,-2.6,25,25.5,23.5,-2.3,-2,49,21,0,0,0,0,0,0,0,0,0,0,0,0,0,0,0,0,0,0,0,0,0,0,0.24,0.12,0.12,0,0,0,4.8,-200,3.84,0.32,40,0.4,0.2,50,7.7,0.5,-1300,2.79,0.31,47,0.3,0.08,23,WR,11/2/2022,0,0,0,0,2,2,19,9,8.7,0.2,0,0.5,0,0.069,0.143,0.08,9.6,3.6,0,0,0,0,0,0,0,0,0,0,dortch,greg dortch,g,dortch4700wrg,82608-69558,WR,g,Greg Dortch,dortch,5.525000095,8,4700,SEA@ARI,ARI,SEA,,,,,,WR/FLEX,ryland,ryland,greg,dortch4700wrg
doubs6100wrr,62.95,Romeo Doubs,6100,GB,@DET,,,8.94,12.4,5.5,-1.1,1.5,11.2,10.04,-18,0.4,0,0,1,0,0.72,1.7,51,26.5,23,-0.5,-3.5,49.5,50,0,0,0,0,0,0,0,0,0,0,0,0,0,0,0,0,0,0,0,0,0,0,0.75,0.13,0.13,0,0,0,7.6,400,1.21,0.14,75,0.25,0,40,8.1,-0.3,100,1.3,0.16,83,0.25,0.08,12,WR,11/2/2022,0,0,0,0,6,3,37,17,9.9,0.4,0,0.5,0,0.181,0.231,0.158,17.6,24.4,0,0,0,0,0,0,0,0,0,0,doubs,romeo doubs,r,doubs6100wrr,82608-94370,WR,r,Romeo Doubs,doubs,7.712500095,8,6100,GB@DET,GB,DET,,,,,,WR/FLEX,ryland,ryland,romeo,doubs6100wrr
ehlinger6300qbs,58.12,Sam Ehlinger,6300,IND,@NE,,,15.06,22.1,8,-2.36,2.4,1,17.42,-2,0.53,0,0,1,0,0.61,-2,25,17.3,22.8,-3.2,5.5,40,47,17,23,201,73,8.7,7.56,0,47,110,226,0,0,0,0,0,8,2,5,7,2.9,0,0.375,0.19,0.13,0.13,70,0.76,0,7.5,300,0.24,0.13,33,0,0,30,8.2,-0.5,300,0.3,0.33,21,0.15,0.1,19,QB,11/2/2022,0,0,0,0,0,0,0,0,0,0,0,0,0,0,0,0,,0,0,0,0,0,0,0,0,0,0,0,ehlinger,sam ehlinger,s,ehlinger6300qbs,82608-92560,QB,s,Sam Ehlinger,ehlinger,7.539999962,1,6300,IND@NE,IND,NE,,,,,,QB,ryland,ryland,sam,ehlinger6300qbs
ekeler9400rba,89.7,Austin Ekeler,9400,LAC,@ATL,,,18.7,24.1,13.3,1.05,2,21.7,17.65,3,0.9,0,0,7,0,0.41,-1.2,45,26.3,23.3,-1.2,-3,49.5,48,0,0,0,0,0,0,0,0,0,0,0,0,0,0,0,0,0,15,54,4.2,0.8,0.495,3.47,1.59,0.76,0,0,0,25.8,400,1.09,0.5,100,0.5,0,40,19.5,2.5,3400,0.98,0.43,69,0.21,0.13,23,RB,11/2/2022,0.75,0.532,0.63,12,7,5,43,16,7.8,0.5,0,0.289,0.579,0,0,0,,0,0,0,0,0,0,0,0,0,0,0,ekeler,austin ekeler,a,ekeler9400rba,82608-80001,RB,a,Austin Ekeler,ekeler,21.17142814,7,9400,LAC@ATL,LAC,ATL,,,,,,RB/FLEX,ryland,ryland,austin,ekeler9400rba
engram5200tee,73.46,Evan Engram,5200,JAX,LV,,,7.61,10.3,4.9,0.91,1.5,8.7,6.7,-1,0.78,0,0,6,0,0.1,2.8,51,22.5,25,0.5,2.5,47.5,38,0,0,0,0,0,0,0,0,0,0,0,0,0,0,0,0,0,0,0,0,0,0,0.29,0.18,0,76,0.88,0.12,9.7,300,1.33,0.17,100,0.5,0,40,5.8,-0.5,-800,1.14,0.11,61,0.23,0.33,21,TE,11/2/2022,0,0,0,0,5,3,32,15,10,0.2,0,0.25,0,0.158,0.188,0.177,18.3,16.6,0,0,0,0,0,0,0,0,0,0,engram,evan engram,e,engram5200tee,82608-41872,TE,e,Evan Engram,engram,7.125,8,5200,LV@JAC,JAC,LV,,,,,,TE/FLEX,ryland,ryland,evan,engram5200tee
ertz6600tez,59.11,Zach Ertz,6600,ARI,SEA,,,8.27,11.1,5.5,-1.71,1.3,4.5,9.98,6,0.98,0,0,8,0,0.72,4.4,61,25.5,23.5,-2.3,-2,49,21,0,0,0,0,0,0,0,0,0,0,0,0,0,0,0,0,0,0,0,0,0,0,1.53,0.88,0.53,0,0,0,8.7,700,1.2,0.14,100,0,0,40,9.1,1.4,600,1.18,0.15,80,0.28,0.04,21,TE,11/2/2022,0,0,0,0,7,5,48,16,9.1,0.3,0,0.192,0,0.206,0.25,0.189,29.3,21.2,0,0,0,0,0,0,0,0,0,0,ertz,zach ertz,z,ertz6600tez,82608-29780,TE,z,Zach Ertz,ertz,9.737500191,8,6600,SEA@ARI,ARI,SEA,,,,,,TE/FLEX,ryland,ryland,zach,ertz6600tez
eskridge4800wrd,51.86,Dee Eskridge,4800,SEA,@ARI,,,4.36,6.1,2.6,-2.71,0.9,0.1,7.07,18,0.98,0,0,1,0,0.14,-3.2,17,23.5,25.5,2.2,2,49,79,0,0,0,0,0,0,0,0,0,0,0,0,0,0,0,0,0,0,0,0,0,0,0.39,0.11,0,0,0,0,2.2,100,1.1,0.1,25,0,0.5,40,2.4,-2.3,-1200,1.19,0.14,30,0.05,0.4,20,WR,11/2/2022,0,0,0,0,1,0,6,4,7.3,0.1,0,0.143,0,0.059,0.036,0.03,3,7.2,0,0,0,0,0,0,0,0,0,0,eskridge,dee eskridge,d,eskridge4800wrd,82608-72182,WR,d,Dee Eskridge,eskridge,1.471428599,7,4800,SEA@ARI,SEA,ARI,,,,,,WR/FLEX,ryland,ryland,dee,eskridge4800wrd
etienne7600rbt,90.55,T. Etienne Jr.,7600,JAX,LV,,,16.67,21.5,11.8,3.51,2.2,23,13.16,0,0.81,0,0,8,0,0.08,-2.7,37,22.5,25,0.5,2.5,47.5,38,0,0,0,0,0,0,0,0,0,0,0,0,0,0,0,0,0,28,71,6.2,0.3,0.522,1.28,0.5,0.39,76,0.88,0.12,16.7,2000,0.92,0.37,100,0.75,0,40,9.7,0.9,1600,0.66,0.26,38,0.14,0.14,21,RB,11/2/2022,0.222,0.495,0.554,11,3,2,19,13,9.2,0,0,0.105,0.579,0,0,0,,0,0,0,0,0,0,0,0,0,0,0,etienne,t. etienne jr.,t,etienne7600rbt,82608-89956,RB,t,Travis Etienne Jr.,etienne,11.66250038,8,7600,LV@JAC,JAC,LV,,,,,,RB/FLEX,ryland,ryland,travis,etienne7600rbt
evans7700wrm,60.12,Mike Evans,7700,TB,LA,,,11.94,16.8,7.1,-1.75,1.6,9.5,13.69,3,0.87,0,0,4,0,0.9,0,55,22.8,19.8,0.5,-3,42.5,59,0,0,0,0,0,0,0,0,0,0,0,0,0,0,0,0,0,0,0,0,0,0,0.94,0.47,0.35,80,0.73,0.1,12.2,200,1.28,0.19,80,0,0.2,50,14.2,0.4,1700,1.93,0.26,60,0.2,0.2,25,WR,11/2/2022,0,0,0,0,7,4,71,28,14.4,0.6,0,0.5,0,0.172,0.36,0.24,54.1,28.8,0,0,0,0,0,0,0,0,0,0,evans,mike evans,m,evans7700wrm,82608-32384,WR,m,Mike Evans,evans,13.59999956,7,7700,LAR@TB,TB,LAR,,,,,,WR/FLEX,ryland,ryland,mike,evans7700wrm
everett5800teg,81.36,Gerald Everett,5800,LAC,@ATL,,,7.89,10.7,5,-0.22,1.4,13.8,8.11,-1,0.78,0,0,7,0,0.77,0.4,46,26.3,23.3,-1.2,-3,49.5,48,0,0,0,0,0,0,0,0,0,0,0,0,0,0,0,0,0,0,0,0,0,0,1,0.59,0.41,0,0,0,5.1,-500,0.8,0.11,75,0,0.25,40,7.7,0.5,-200,1.33,0.17,76,0.38,0.09,21,TE,11/2/2022,0,0,0,0,5,3,40,17,10.6,0.3,0,0.294,0,0.16,0.185,0.165,21.4,12,0,0,0,0,0,0,0,0,0,0,everett,gerald everett,g,everett5800teg,82608-57299,TE,g,Gerald Everett,everett,8,7,5800,LAC@ATL,LAC,ATL,,,,,,TE/FLEX,ryland,ryland,gerald,everett5800teg
fant4800ten,77.05,Noah Fant,4800,SEA,@ARI,,,5.66,7.7,3.7,-0.11,1.2,2.4,5.77,-3,0.67,0,0,1,0,0.1,1.5,44,23.5,25.5,2.2,2,49,79,0,0,0,0,0,0,0,0,0,0,0,0,0,0,0,0,0,0,0,0,0,0,0.53,0.24,0.12,0,0,0,4.5,0,1.06,0.1,75,0.5,0.25,40,5.2,-1.3,-1200,1.29,0.12,57,0.19,0.33,21,TE,11/2/2022,0,0,0,0,4,3,32,17,9.9,0.1,0,0.222,0,0.139,0.105,0.15,17.8,9.8,0,0,0,0,0,0,0,0,0,0,fant,noah fant,n,fant4800ten,82608-71705,TE,n,Noah Fant,fant,4.324999809,8,4800,SEA@ARI,SEA,ARI,,,,,,TE/FLEX,ryland,ryland,noah,fant4800ten
fields7400qbj,67.24,Justin Fields,7400,CHI,MIA,,,17.48,26.8,8.2,-2.1,2.4,1.4,19.58,3,0.91,0,0,2,0,0.09,1.6,60,20.5,25,1,4.5,45.5,41,13,22,173,58,7.7,5.31,0.9,38,102.9,235.3,10.3,25.8,13.7,4.1,3.6,13.4,8,17,50,5.8,0.3,0.567,3.59,1.41,0.76,60,0.54,0,21.7,800,0.58,0.32,100,1,0,40,15.1,-1.9,1400,0.43,0.25,63,0.45,0.13,22,QB,11/2/2022,0,0,0,0,0,0,0,0,0,0,0,0,0,0,0,0,,0,0,0,0,0,0,0,0,0,0,0,fields,justin fields,j,fields7400qbj,82608-91591,QB,j,Justin Fields,fields,16.04500008,8,7400,MIA@CHI,CHI,MIA,,,,,,QB,ryland,ryland,justin,fields7400qbj
foreman7300rbd,74.92,D'Onta Foreman,7300,CAR,@CIN,,,11.8,15.7,7.9,-0.62,1.6,11.6,12.42,-1,0.76,0,0,2,0,0.08,-1.1,20,17.5,25,-1,7.5,42.5,57,0,0,0,0,0,0,0,0,0,0,0,0,0,0,0,0,0,14,49,4.5,0.4,0.489,1.94,0.83,0.5,70,0.5,0,12.4,2100,0.97,0.54,75,0.5,0.25,40,7.9,1.1,1300,0.67,0.39,59,0.27,0.31,22,RB,11/2/2022,0.353,0.399,0.323,10,0,0,8,7,13.6,0,0,0.152,0.545,0,0,0,,0,0,0,0,0,0,0,0,0,0,0,foreman,d'onta foreman,d,foreman7300rbd,82608-55830,RB,d,D'Onta Foreman,foreman,7.285714286,7,7300,CAR@CIN,CAR,CIN,,,,,,RB/FLEX,ryland,ryland,d'onta,foreman7300rbd
fournette7100rbl,84.25,Leonard Fournette,7100,TB,LA,,,12.72,16.4,9,0.8,1.8,7.5,11.92,6,0.95,0,0,5,0,0.84,-3.5,49,22.8,19.8,0.5,-3,42.5,59,0,0,0,0,0,0,0,0,0,0,0,0,0,0,0,0,0,13,54,4,0.4,0.508,2.65,1.59,1.06,80,0.73,0.1,16,-700,0.86,0.33,80,0.2,0.2,50,14.7,20,1100,0.74,0.3,60,0.2,0.2,25,RB,11/2/2022,0.6,0.693,0.724,13,6,5,34,13,6.4,0.4,0,0.133,0.467,0,0,0,,0,0,0,0,0,0,0,0,0,0,0,fournette,leonard fournette,l,fournette7100rbl,82608-52922,RB,l,Leonard Fournette,fournette,14.30000019,8,7100,LAR@TB,TB,LAR,,,,,,RB/FLEX,ryland,ryland,leonard,fournette7100rbl
gesicki5500tem,59.44,Mike Gesicki,5500,MIA,@CHI,,,6.04,8.4,3.7,-1.37,1.1,0.9,7.41,4,0.96,0,0,3,0,0.72,-2.4,42,25,20.5,2.5,-4.5,45.5,59,0,0,0,0,0,0,0,0,0,0,0,0,0,0,0,0,0,0,0,0,0,0,0.94,0.35,0.18,60,0.54,0,10.2,500,2.05,0.27,100,0.5,0,40,6.1,-0.8,-500,1,0.15,52,0.17,0.39,23,TE,11/2/2022,0,0,0,0,5,3,31,15,10,0.2,0,0.25,0,0.152,0.16,0.121,21.3,14.9,0,0,0,0,0,0,0,0,0,0,gesicki,mike gesicki,m,gesicki5500tem,82608-56265,TE,m,Mike Gesicki,gesicki,7.25,8,5500,MIA@CHI,MIA,CHI,,,,,,TE/FLEX,ryland,ryland,mike,gesicki5500tem
gibson6100rba,75.27,Antonio Gibson,6100,WAS,MIN,,,9.19,11.9,6.4,-0.23,1.5,11.2,9.42,-5,0.6,0,0,3,0,0.41,-3.7,35,20.3,23.3,-2,3,43.5,53,0,0,0,0,0,0,0,0,0,0,0,0,0,0,0,0,0,14,55,3.9,0.4,0.489,3.39,1.78,1.17,74,0.75,0.2,10.3,-200,0.93,0.49,100,0.4,0,50,12.5,2.1,100,0.69,0.36,78,0.42,0.07,28,RB,11/2/2022,0.545,0.478,0.538,14,4,3,23,11,70,0.3,0,0.137,0.451,0,0,0,,0,0,0,0,0,0,0,0,0,0,0,gibson,antonio gibson,a,gibson6100rba,82608-90933,RB,a,Antonio Gibson,gibson,11.3125,8,6100,MIN@WAS,WAS,MIN,,,,,,RB/FLEX,ryland,ryland,antonio,gibson6100rba
godwin6700wrc,78.78,Chris Godwin,6700,TB,LA,,,12.43,16.8,8,1.03,1.9,17.5,11.4,-9,0.56,0,0,4,0,0.9,0,52,22.8,19.8,0.5,-3,42.5,59,0,0,0,0,0,0,0,0,0,0,0,0,0,0,0,0,0,0,0,0,0,0,1.06,0.41,0.06,80,0.73,0.1,10.2,-300,0.92,0.18,60,0.2,0.2,50,10.7,-1.1,700,1.09,0.21,29,0.08,0.2,24,WR,11/2/2022,0,0,0,0,9,6,67,21,9.8,0.1,0,0.059,0,0.219,0.056,0.231,35.1,18.4,0,0,0,0,0,0,0,0,0,0,godwin,chris godwin,c,godwin6700wrc,82608-55635,WR,c,Chris Godwin,godwin,9.116666794,6,6700,LAR@TB,TB,LAR,,,,,,WR/FLEX,ryland,ryland,chris,godwin6700wrc
goff7100qbj,53.77,Jared Goff,7100,DET,GB,,,15.94,25.3,6.6,-3.05,2.2,1.1,18.99,0,0.75,0,0,1,0,0.43,-7.8,64,23,26.5,1,3.5,49.5,50,21,33,242,65,7.3,6.74,1.8,38,125.9,272.5,10.1,36.1,10.8,5.5,1.8,5.7,1,3,3,2.6,0,0.125,3.69,1.81,1.06,0,0,0,9.5,-900,0.25,0.16,33,0.33,0.66,30,15.8,-1.3,1100,0.43,0.25,55,0.5,0.2,20,QB,11/2/2022,0,0,0,0,0,0,0,0,0,0,0,0,0,0,0,0,,0,0,0,0,0,0,0,0,0,0,0,goff,jared goff,j,goff7100qbj,82608-38435,QB,j,Jared Goff,goff,17.16571481,7,7100,GB@DET,DET,GB,,,,,,QB,ryland,ryland,jared,goff7100qbj
granson4400tek,64.78,Kylen Granson,4400,IND,@NE,,,2.88,4.2,1.6,-1.96,0.7,0.2,4.84,-3,0.67,0,0,1,0,0.25,0.1,25,17.3,22.8,-3.2,5.5,40,47,0,0,0,0,0,0,0,0,0,0,0,0,0,0,0,0,0,0,0,0,0,0,0.38,0.13,0,70,0.76,0,3.2,0,1.15,0.11,66,0,0.33,30,2.7,-0.8,-1600,1.28,0.11,55,0.05,0.3,20,TE,11/2/2022,0,0,0,0,2,1,14,9,90,0,0,0,0,0.066,0,0.065,8.7,4.4,0,0,0,0,0,0,0,0,0,0,granson,kylen granson,k,granson4400tek,82608-71143,TE,k,Kylen Granson,granson,3.450000048,8,4400,IND@NE,IND,NE,,,,,,TE/FLEX,ryland,ryland,kylen,granson4400tek
green bay4100,50.23,Green Bay,4100,GB,@DET,,,6.28,12.5,0.1,-0.42,1.5,3.1,6.7,-2,0.52,0,0,1,0,0.96,1.1,0,26.5,23,-0.5,-3.5,49.5,50,0,0,0,0,0,0,0,0,0,0,0,0,0,0,2.41,6.67,0,0,0,0,0,0,0,0,0,0,0,0,5,-500,0,0,100,0.5,0,40,6.9,-0.1,-1900,0,0,72,0.5,0.27,22,D,11/2/2022,0,0,0,0,0,0,0,0,0,0,0,0,0,0,0,0,,0,2.2,0.4574,0.5301,0.0134,0.0422,6.74,9.59,5.8,3.21,0.1595,bay,green bay,g,green bay4100,82608-12533,D,g,Green Bay Packers,packers,6,8,4100,GB@DET,GB,DET,,,,,,DEF,Bay,Bay,green bay,green bay4100
green5000wra,42.95,A.J. Green,5000,ARI,SEA,,,2.89,4.2,1.6,-4.64,0.6,0.5,7.53,-10,0.54,0,0,0,0,0.14,-2.6,51,25.5,23.5,-2.3,-2,49,21,0,0,0,0,0,0,0,0,0,0,0,0,0,0,0,0,0,0,0,0,0,0,0.65,0.41,0.24,0,0,0,2.6,-100,0.78,0.06,20,0,0.2,50,5.3,-2.2,-700,1.04,0.1,45,0.1,0.2,20,WR,11/2/2022,0,0,0,0,5,2,32,16,12.8,0,0,0,0,0.13,0,0.123,9,6.4,0,0,0,0,0,0,0,0,0,0,green,a.j. green,a,green5000wra,82608-14187,WR,a,A.J. Green,green,2.100000064,6,5000,SEA@ARI,ARI,SEA,,,,,,WR/FLEX,ryland,ryland,a.j.,green5000wra
harris6200rbd,74.37,Damien Harris,6200,NE,IND,,,8.66,11.5,5.9,-1.01,1.4,1.1,9.67,5,0.93,0,0,4,0,0.41,-1.1,22,22.8,17.3,2.3,-5.5,40,53,0,0,0,0,0,0,0,0,0,0,0,0,0,0,0,0,0,16,51,4.6,0.9,0.523,2.18,1.35,0.59,70,0.76,0,3.1,-1000,0.41,0.21,0,0,0.75,40,11.1,0.7,200,0.88,0.5,58,0.25,0.2,24,RB,11/2/2022,0.667,0.364,0.36,11,1,1,8,6,6.3,0,0,0.367,0.7,0,0,0,,0,0,0,0,0,0,0,0,0,0,0,harris,damien harris,d,harris6200rbd,82608-64576,RB,d,Damien Harris,harris,8.342857361,7,6200,IND@NE,NE,IND,Q,Illness,,,,RB/FLEX,ryland,ryland,damien,harris6200rbd
harry5100wrn,40.86,N'Keal Harry,5100,CHI,MIA,,,3.24,4.8,1.7,-4.52,0.6,0.3,7.76,-1,0.76,0,0,0,0,0.06,-1.7,32,20.5,25,1,4.5,45.5,41,0,0,0,0,0,0,0,0,0,0,0,0,0,0,0,0,0,0,0,0,0,0,0.12,0.06,0,60,0.54,0,5.7,600,3.77,0.14,50,0.25,0,40,3.2,-0.7,-900,1.62,0.1,33,0.09,0.04,21,WR,11/2/2022,0,0,0,0,2,1,16,13,14.5,0.1,0,0.5,0,0.077,0.077,0.078,16,11.7,0,0,0,0,0,0,0,0,0,0,harry,n'keal harry,n,harry5100wrn,82608-69168,WR,n,N'Keal Harry,harry,5.650000095,2,5100,MIA@CHI,CHI,MIA,,,,,,WR/FLEX,ryland,ryland,n'keal,harry5100wrn
hasty4900rbj,63.18,JaMycal Hasty,4900,JAX,LV,,,4.45,6,2.9,-1.98,0.9,0.2,6.43,6,0.95,0,0,1,0,0.93,-2.7,8,22.5,25,0.5,2.5,47.5,38,0,0,0,0,0,0,0,0,0,0,0,0,0,0,0,0,0,7,7,8,0.1,0.385,0.26,0.05,0,76,0.88,0.12,3.9,300,1.18,0.48,50,0.25,0.5,40,3.3,-0.8,-1100,1.31,0.41,32,0.04,0.28,25,RB,11/2/2022,0.067,0.057,0.13,0,1,1,6,4,5.3,0,0,0,0.5,0,0,0,,0,0,0,0,0,0,0,0,0,0,0,hasty,jamycal hasty,j,hasty4900rbj,82608-65724,RB,j,JaMycal Hasty,hasty,3.100000064,6,4900,LV@JAC,JAC,LV,,,,,,RB/FLEX,ryland,ryland,jamycal,hasty4900rbj
heinicke7200qbt,53.64,Taylor Heinicke,7200,WAS,MIN,,,15.82,24.9,6.8,-3.37,2.2,0.8,19.19,2,0.87,0,0,0,0,0.37,4.6,63,20.3,23.3,-2,3,43.5,53,18,28,197,66,6.9,5.41,1.2,35,95.9,207.9,16.9,41.5,14.4,4.3,2.9,8.8,3,6,11,3.6,0.1,0.406,2.17,1.17,0.44,74,0.75,0.2,19.3,1100,0.51,0.29,50,0.5,0,40,12.1,-2.2,1200,0.35,0.19,42,0.15,0.07,26,QB,11/2/2022,0,0,0,0,0,0,0,0,0,0,0,0,0,0,0,0,,0,0,0,0,0,0,0,0,0,0,0,heinicke,taylor heinicke,t,heinicke7200qbt,82608-53331,QB,t,Taylor Heinicke,heinicke,19.25,2,7200,MIN@WAS,WAS,MIN,,,,,,QB,ryland,ryland,taylor,heinicke7200qbt
henderson5700rbd,64.94,D. Henderson Jr.,5700,LA,@TB,,,6.56,8.8,4.3,-1.87,1.2,0.8,8.43,1,0.87,0,0,2,0,0.41,-1.8,35,19.8,22.8,-1,3,42.5,41,0,0,0,0,0,0,0,0,0,0,0,0,0,0,0,0,0,10,31,4.2,0.2,0.494,0.88,0.53,0.12,80,0.73,0.1,7.1,-400,0.82,0.2,66,0.33,0.33,30,6.7,-1.9,-300,0.64,0.19,30,0.08,0.3,23,RB,11/2/2022,0.286,0.388,0.553,7,3,2,10,5,4.3,0.1,0,0.2,0.8,0,0,0,,0,0,0,0,0,0,0,0,0,0,0,henderson,d. henderson jr.,d,henderson5700rbd,82608-70157,RB,d,Darrell Henderson Jr.,henderson,6.971428462,7,5700,LAR@TB,LAR,TB,,,,,,RB/FLEX,ryland,ryland,darrell,henderson5700rbd
henry4700teh,68.21,Hunter Henry,4700,NE,IND,,,5.59,7.8,3.4,0.05,1.2,0.7,5.54,4,0.96,0,0,1,0,0.25,-1.2,44,22.8,17.3,2.3,-5.5,40,53,0,0,0,0,0,0,0,0,0,0,0,0,0,0,0,0,0,0,0,0,0,0,1,0.47,0.29,70,0.76,0,6.5,200,1.73,0.12,50,0.5,0.5,40,6.4,-0.3,-1300,1.71,0.15,50,0.2,0.25,24,TE,11/2/2022,0,0,0,0,3,2,29,15,12.4,0.4,0,0.294,0,0.136,0.273,0.132,26.1,15.9,0,0,0,0,0,0,0,0,0,0,henry,hunter henry,h,henry4700teh,82608-40845,TE,h,Hunter Henry,henry,4.0625,8,4700,IND@NE,NE,IND,,,,,,TE/FLEX,ryland,ryland,hunter,henry4700teh
herbert7000rbk,58.19,Khalil Herbert,7000,CHI,MIA,,,7.34,9.8,4.9,-4.33,1,1.1,11.67,1,0.84,0,0,1,0,0.1,-1.5,17,20.5,25,1,4.5,45.5,41,0,0,0,0,0,0,0,0,0,0,0,0,0,0,0,0,0,16,38,5.7,0.3,0.487,1.12,0.47,0.47,60,0.54,0,9.4,-100,0.92,0.47,60,0.4,0.4,50,6.6,-1.8,1000,0.89,0.39,45,0.18,0.45,22,RB,11/2/2022,0.333,0.266,0.266,6,0,0,6,5,10.4,0.1,0,0.263,0.526,0,0,0,,0,0,0,0,0,0,0,0,0,0,0,herbert,khalil herbert,k,herbert7000rbk,82608-72412,RB,k,Khalil Herbert,herbert,11.9375,8,7000,MIA@CHI,CHI,MIA,,,,,,RB/FLEX,ryland,ryland,khalil,herbert7000rbk
herbert7800qbj,75.06,Justin Herbert,7800,LAC,@ATL,,,20.6,30.8,10.4,0.23,2.6,10,20.37,1,0.82,0,0,1,0,0.79,1.9,71,26.3,23.3,-1.2,-3,49.5,48,27,41,295,66,7.2,6.78,2,40,146.4,306.4,13.6,37.1,14.4,4.9,2,3.8,3,8,15,4.4,0.1,0.541,8.47,4.06,2.41,0,0,0,14.2,-400,0.27,0.18,66,0,0.33,30,21.7,0.6,1800,0.47,0.31,80,0.52,0.04,21,QB,11/2/2022,0,0,0,0,0,0,0,0,0,0,0,0,0,0,0,0,,0,0,0,0,0,0,0,0,0,0,0,herbert,justin herbert,j,herbert7800qbj,82608-69189,QB,j,Justin Herbert,herbert,17.83714294,7,7800,LAC@ATL,LAC,ATL,,,,,,QB,ryland,ryland,justin,herbert7800qbj
higbee6100tet,61,Tyler Higbee,6100,LA,@TB,,,7.9,10.7,5.1,-0.91,1.3,4.1,8.81,6,0.98,0,0,6,0,0.02,-0.9,59,19.8,22.8,-1,3,42.5,41,0,0,0,0,0,0,0,0,0,0,0,0,0,0,0,0,0,0,0,0,0,0,0.88,0.59,0.24,80,0.73,0.1,3.9,600,0.66,0.08,33,0,0.66,30,7.7,0.1,100,1.02,0.13,60,0.21,0.17,23,TE,11/2/2022,0,0,0,0,7,4,42,14,8.9,0.2,0,0.2,0,0.201,0.143,0.164,19.6,12,0,0,0,0,0,0,0,0,0,0,higbee,tyler higbee,t,higbee6100tet,82608-47870,TE,t,Tyler Higbee,higbee,7.028571538,7,6100,LAR@TB,LAR,TB,,,,,,TE/FLEX,ryland,ryland,tyler,higbee6100tet
higgins8000wrt,66.84,Tee Higgins,8000,CIN,CAR,,,13.79,19,8.6,-0.58,1.7,9.8,14.37,5,0.9,0,0,4,0,0.74,-2.9,49,25,17.5,-0.5,-7.5,42.5,43,0,0,0,0,0,0,0,0,0,0,0,0,0,0,0,0,0,0,0,0,0,0,0.71,0.29,0.18,70,0.5,0,10.6,800,1.85,0.25,50,0.25,0.25,40,13.6,1.5,2000,1.94,0.28,56,0.36,0.24,25,WR,11/2/2022,0,0,0,0,7,4,77,27,15.7,0.4,0,0.25,0,0.196,0.226,0.261,59.6,30.6,0,0,0,0,0,0,0,0,0,0,higgins,tee higgins,t,higgins8000wrt,82608-89981,WR,t,Tee Higgins,higgins,12.20000022,7,8000,CAR@CIN,CIN,CAR,,,,,,WR/FLEX,ryland,ryland,tee,higgins8000wrt
hill8700wrt,81.25,Tyreek Hill,8700,MIA,@CHI,,,17.75,24.5,11,1.78,2,18.6,15.97,0,0.8,0,0,7,0,0.93,-3.8,47,25,20.5,2.5,-4.5,45.5,59,0,0,0,0,0,0,0,0,0,0,0,0,0,0,0,0,0,0,0,0,0,0,1.06,0.35,0.29,60,0.54,0,17.4,300,1.33,0.34,50,0.5,0.5,40,16.2,1.3,2700,1.62,0.35,57,0.38,0.34,26,WR,11/2/2022,0,0,0,0,9,6,86,27,12.6,0.3,0,0.188,0,0.269,0.152,0.296,59.8,40.1,0,0,0,0,0,0,0,0,0,0,hill,tyreek hill,t,hill8700wrt,82608-53681,WR,t,Tyreek Hill,hill,18.13750076,8,8700,MIA@CHI,MIA,CHI,,,,,,WR/FLEX,ryland,ryland,tyreek,hill8700wrt
hines5900rbn,40.69,Nyheim Hines,5900,BUF,@NYJ,,,2.09,2.8,1.3,-6.84,0.4,0.2,8.93,-3,0.67,0,0,4,0,0.87,-1.4,18,28.8,17.3,1.5,-11.5,46,59,0,0,0,0,0,0,0,0,0,0,0,0,0,0,0,0,0,4,8,3.7,0.1,0.333,0.75,0.25,0.06,72,0.72,0.04,9.4,400,1.48,0.58,66,0.33,0,30,4.8,-2.2,-100,0.86,0.26,52,0.04,0.33,21,RB,11/2/2022,0.077,0.062,0.277,2,3,2,20,10,7.6,0.1,0,0.25,0.25,0,0,0,,0,0,0,0,0,0,0,0,0,0,0,hines,nyheim hines,n,hines5900rbn,82608-63625,RB,n,Nyheim Hines,hines,5.842857361,7,5900,BUF@NYJ,BUF,NYJ,,,,,,RB/FLEX,ryland,ryland,nyheim,hines5900rbn
hockenson6200tet,61.81,T.J. Hockenson,6200,MIN,@WAS,,,6.18,8.4,3.9,-2.86,1,0.8,9.04,6,0.98,0,0,4,0,0.76,-3,55,23.3,20.3,1,-3,43.5,47,0,0,0,0,0,0,0,0,0,0,0,0,0,0,0,0,0,0,0,0,0,0,0.63,0.38,0.19,74,0.75,0.2,5.8,-800,1.34,0.11,66,0,0.33,30,9.2,0.8,200,1.61,0.17,50,0.1,0.1,20,TE,11/2/2022,0,0,0,0,5,3,48,24,13.6,0.5,0,0.4,0,0.179,0.294,0.206,26.7,18.4,0,0,0,0,0,0,0,0,0,0,hockenson,t.j. hockenson,t,hockenson6200tet,82608-71706,TE,t,T.J. Hockenson,hockenson,10.35714286,7,6200,MIN@WAS,MIN,WAS,,,,,,TE/FLEX,ryland,ryland,t.j.,hockenson6200tet
hollins5700wrm,56.53,Mack Hollins,5700,LV,@JAX,,,6.8,10,3.6,-2.32,1.2,2,9.12,0,0.8,0,0,0,0,0.63,-0.6,36,25,22.5,0,-2.5,47.5,62,0,0,0,0,0,0,0,0,0,0,0,0,0,0,0,0,0,0,0,0,0,0,0.94,0.56,0.31,76,0.88,0.12,10.7,0,2.13,0.19,66,0.66,0,30,9.8,1.1,-300,2.18,0.27,57,0.36,0,19,WR,11/2/2022,0,0,0,0,3,2,32,17,15.8,0.3,0,0.2,0,0.106,0.263,0.14,24.9,19.7,0,0,0,0,0,0,0,0,0,0,hollins,mack hollins,m,hollins5700wrm,82608-25267,WR,m,Mack Hollins,hollins,9.037142617,7,5700,LV@JAC,LV,JAC,,,,,,WR/FLEX,ryland,ryland,mack,hollins5700wrm
homer4800rbt,59.5,Travis Homer,4800,SEA,@ARI,,,3.13,4.3,2,-3.05,0.7,0.1,6.18,6,0.95,0,0,2,0,0.87,-1.1,15,23.5,25.5,2.2,2,49,79,0,0,0,0,0,0,0,0,0,0,0,0,0,0,0,0,0,11,14,8.1,0.1,0.722,0.28,0.11,0.06,0,0,0,3.6,200,1.2,0.26,25,0,0,40,4.4,-1.1,-1200,1.26,0.29,38,0.04,0.23,21,RB,11/2/2022,0.125,0.117,0.256,1,1,1,11,7,8.5,0,0,0,1,0,0,0,,0,0,0,0,0,0,0,0,0,0,0,homer,travis homer,t,homer4800rbt,82608-71444,RB,t,Travis Homer,homer,2.674999952,4,4800,SEA@ARI,SEA,ARI,,,,,,RB/FLEX,ryland,ryland,travis,homer4800rbt
hopkins8600wrd,68.47,DeAndre Hopkins,8600,ARI,SEA,,,15.44,21,9.9,-0.3,1.8,16.3,15.74,0,0.8,0,0,6,0,0.74,-2.6,61,25.5,23.5,-2.3,-2,49,21,0,0,0,0,0,0,0,0,0,0,0,0,0,0,0,0,0,0,0,0,0,0,0.35,0.18,0.12,0,0,0,19.5,3600,1.44,0.28,60,0.4,0,50,15.3,0.7,2600,1.49,0.25,18,0.09,0.04,22,WR,11/2/2022,0,0,0,0,10,7,87,21,12,0.5,0,0.333,0,0.304,0.333,0.336,76.8,43.8,0,0,0,0,0,0,0,0,0,0,hopkins,deandre hopkins,d,hopkins8600wrd,82608-16606,WR,d,DeAndre Hopkins,hopkins,21.60000038,2,8600,SEA@ARI,ARI,SEA,,,,,,WR/FLEX,ryland,ryland,deandre,hopkins8600wrd
huntley6000rbc,58.03,Caleb Huntley,6000,ATL,LAC,,,4.56,6.1,3,-4.61,0.8,0.5,9.17,4,0.92,0,0,1,0,0.12,-0.1,14,23.3,26.3,3.3,3,49.5,52,0,0,0,0,0,0,0,0,0,0,0,0,0,0,0,0,0,15,44,4.6,0.2,0.614,0.78,0.33,0.17,0,0,0,5.2,400,0.45,0.3,50,0,0.25,40,4.9,-0.6,0,0.52,0.35,15,0.05,0.15,19,RB,11/2/2022,0.2,0.299,0.243,9,0,0,0,0,0,0,0,0.071,0.786,0,0,0,,0,0,0,0,0,0,0,0,0,0,0,huntley,caleb huntley,c,huntley6000rbc,82608-89157,RB,c,Caleb Huntley,huntley,5.416666667,6,6000,LAC@ATL,ATL,LAC,,,,,,RB/FLEX,ryland,ryland,caleb,huntley6000rbc
hurst5300teh,73.88,Hayden Hurst,5300,CIN,CAR,,,7.91,10.6,5.2,0.97,1.5,11.4,6.94,-1,0.78,0,0,4,0,0.25,-0.9,36,25,17.5,-0.5,-7.5,42.5,43,0,0,0,0,0,0,0,0,0,0,0,0,0,0,0,0,0,0,0,0,0,0,0.61,0.28,0.22,70,0.5,0,8,300,1.45,0.19,100,0.5,0,40,6.3,0.2,-700,1.69,0.17,58,0.29,0.04,24,TE,11/2/2022,0,0,0,0,3,2,24,13,8.5,0.3,0,0.364,0,0.111,0.174,0.094,16.8,7.7,0,0,0,0,0,0,0,0,0,0,hurst,hayden hurst,h,hurst5300teh,82608-64031,TE,h,Hayden Hurst,hurst,6.912499905,8,5300,CAR@CIN,CIN,CAR,,,,,,TE/FLEX,ryland,ryland,hayden,hurst5300teh
indianapolis4200,34.26,Indianapolis,4200,IND,@NE,,,5.88,13,-1.2,-1.14,1.4,1.7,7.02,5,0.9,0,0,1,0,0.14,-1,0,17.3,22.8,-3.2,5.5,40,47,0,0,0,0,0,0,0,0,0,0,0,0,0,0,2.48,6.3,0,0,0,0,0,0,0,0,0,70,0.76,0,6.3,100,0,0,100,0.66,0,30,7.7,10,-1800,0,0,85,0.42,0.04,21,D,11/2/2022,0,0,0,0,0,0,0,0,0,0,0,0,0,0,0,0,,0,1.8,0.5038,0.4964,0.0138,0.0349,6.6,9.2,4.86,3.18,0.1957,indianapolis,indianapolis,i,indianapolis4200,82608-12535,D,i,Indianapolis Colts,colts,6,8,4200,IND@NE,IND,NE,,,,,,DEF,Colts,Colts,indianapolis,indianapolis4200
irwin4700wrt,43.31,Trenton Irwin,4700,CIN,CAR,,,2.47,3.7,1.2,-4.37,0.5,0.1,6.84,2,0.85,0,0,0,0,0.14,-2.9,20,25,17.5,-0.5,-7.5,42.5,43,0,0,0,0,0,0,0,0,0,0,0,0,0,0,0,0,0,0,0,0,0,0,0.06,0,0,70,0.5,0,3.7,200,1.23,0.16,25,0,0,40,4.5,0,-1300,1.91,0.22,13,0.04,0.08,23,WR,11/2/2022,0,0,0,0,2,1,12,9,12,0,0,0,0,0.069,0,0.054,13,10.4,0,0,0,0,0,0,0,0,0,0,irwin,trenton irwin,t,irwin4700wrt,82608-64905,WR,t,Trenton Irwin,irwin,3.700000048,1,4700,CAR@CIN,CIN,CAR,,,,,,WR/FLEX,ryland,ryland,trenton,irwin4700wrt
jackson5000rbd,86.88,Deon Jackson,5000,IND,@NE,,,10.76,14.3,7.3,4.08,2.2,32.2,6.68,-11,0.42,0,0,3,0,0.95,-3.4,15,17.3,22.8,-3.2,5.5,40,47,0,0,0,0,0,0,0,0,0,0,0,0,0,0,0,0,0,5,16,3,0.3,0.372,0.56,0.13,0.13,70,0.76,0,7.7,-600,0.73,0.29,33,0.33,0.66,30,5.7,0.7,-1000,0.8,0.38,23,0.19,0.28,21,RB,11/2/2022,0.2,0.127,0.243,5,1,1,13,5,7.7,0,0,0.286,0.714,0,0,0,,0,0,0,0,0,0,0,0,0,0,0,jackson,deon jackson,d,jackson5000rbd,82608-93134,RB,d,Deon Jackson,jackson,6.759999847,5,5000,IND@NE,IND,NE,,,,,,RB/FLEX,ryland,ryland,deon,jackson5000rbd
jacksonville3800,64.7,Jacksonville,3800,JAX,LV,,,6.06,12.4,-0.3,0.33,1.6,1.7,5.73,1,0.75,0,0,1,0,0.77,1.1,0,22.5,25,0.5,2.5,47.5,38,0,0,0,0,0,0,0,0,0,0,0,0,0,0,2.17,5.84,0,0,0,0,0,0,0,0,0,76,0.88,0.12,2.5,-800,0,0,50,0,0.5,40,6.2,1.1,-2200,0,0,77,0.4,0.22,22,D,11/2/2022,0,0,0,0,0,0,0,0,0,0,0,0,0,0,0,0,,0,2.2,0.4908,0.4862,0.0118,0.0407,6.8,9.28,5.17,3.13,0.2096,jacksonville,jacksonville,j,jacksonville3800,82608-12554,D,j,Jacksonville Jaguars,jaguars,6.875,8,3800,LV@JAC,JAC,LV,,,,,,DEF,Jaguars,Jaguars,jacksonville,jacksonville3800
jacobs8800rbj,86.88,Josh Jacobs,8800,LV,@JAX,,,16.32,22,10.7,0.16,1.9,12.3,16.16,6,0.95,0,0,10,0,0.04,-0.9,44,25,22.5,0,-2.5,47.5,62,0,0,0,0,0,0,0,0,0,0,0,0,0,0,0,0,0,16,74,4.8,0.6,0.615,2.72,1.61,0.78,76,0.88,0.12,24.3,1600,1.14,0.56,75,0.75,0.25,40,15.6,3.3,2800,0.79,0.35,72,0.36,0.18,22,RB,11/2/2022,0.833,0.736,0.69,15,4,3,21,10,6.3,0,0,0.222,0.489,0,0,0,,0,0,0,0,0,0,0,0,0,0,0,jacobs,josh jacobs,j,jacobs8800rbj,82608-72731,RB,j,Josh Jacobs,jacobs,18.54285758,7,8800,LV@JAC,LV,JAC,,,,,,RB/FLEX,ryland,ryland,josh,jacobs8800rbj
jefferson5800wrv,46.1,Van Jefferson,5800,LA,@TB,,,5.36,7.7,3,-3.99,0.9,0.9,9.35,-1,0.76,0,0,0,0,0.01,-1,52,19.8,22.8,-1,3,42.5,41,0,0,0,0,0,0,0,0,0,0,0,0,0,0,0,0,0,0,0,0,0,0,0.65,0.35,0.18,80,0.73,0.1,0,800,0,0,0,0,0,30,7.2,-1.1,-200,1.38,0.14,40,0.13,0.13,22,WR,11/2/2022,0,0,0,0,5,2,41,28,15.8,0.3,0,0.091,0,0.139,0.15,0.158,34.1,24.8,0,0,0,0,0,0,0,0,0,0,jefferson,van jefferson,v,jefferson5800wrv,82608-64581,WR,v,Van Jefferson,jefferson,7.5904759,21,5800,LAR@TB,LAR,TB,Q,Knee,,,,WR/FLEX,ryland,ryland,van,jefferson5800wrv
jefferson9000wrj,64.81,Justin Jefferson,9000,MIN,@WAS,,,15.67,21.6,9.7,-0.98,1.7,8.9,16.65,15,0.97,0,0,7,0,0.91,1.9,60,23.3,20.3,1,-3,43.5,47,0,0,0,0,0,0,0,0,0,0,0,0,0,0,0,0,0,0,0,0,0,0,1.82,1,0.41,74,0.75,0.2,16.9,200,1.59,0.26,66,0.33,0.33,30,14.9,-1.1,3000,1.27,0.25,48,0.22,0.44,27,WR,11/2/2022,0,0,0,0,10,6,106,33,15.4,0.5,0,0.179,0,0.311,0.29,0.424,70.9,45,0,0,0,0,0,0,0,0,0,0,jefferson,justin jefferson,j,jefferson9000wrj,82608-85671,WR,j,Justin Jefferson,jefferson,17.48857117,7,9000,MIN@WAS,MIN,WAS,,,,,,WR/FLEX,ryland,ryland,justin,jefferson9000wrj
jones5300wrj,57.38,Julio Jones,5300,TB,LA,,,5.94,8.6,3.3,-2.27,1.1,2.6,8.21,-10,0.54,0,0,2,0,0.92,0,33,22.8,19.8,0.5,-3,42.5,59,0,0,0,0,0,0,0,0,0,0,0,0,0,0,0,0,0,0,0,0,0,0,0.41,0.24,0.12,80,0.73,0.1,9.1,-400,1.82,0.23,40,0,0,50,6.8,-0.8,-700,1.54,0.2,30,0.08,0.13,23,WR,11/2/2022,0,0,0,0,4,2,28,15,11.5,0.3,0,0.286,0,0.118,0.182,0.121,21.5,19.6,0,0,0,0,0,0,0,0,0,0,jones,julio jones,j,jones5300wrj,82608-14190,WR,j,Julio Jones,jones,6.799999873,3,5300,LAR@TB,TB,LAR,,,,,,WR/FLEX,ryland,ryland,julio,jones5300wrj
jones5300wrm,60.96,Marvin Jones Jr.,5300,JAX,LV,,,7.07,10.1,4,-1.14,1.3,1.4,8.21,5,0.9,0,0,0,0,0.65,-2.8,53,22.5,25,0.5,2.5,47.5,38,0,0,0,0,0,0,0,0,0,0,0,0,0,0,0,0,0,0,0,0,0,0,0.89,0.5,0.33,76,0.88,0.12,10.8,100,1.47,0.23,50,0.25,0,40,7.4,-1,-700,1.18,0.14,66,0.23,0.14,21,WR,11/2/2022,0,0,0,0,6,3,42,17,11.6,0.1,0,0.125,0,0.188,0.154,0.197,38.1,31.8,0,0,0,0,0,0,0,0,0,0,jones,marvin jones jr.,m,jones5300wrm,82608-22103,WR,m,Marvin Jones Jr.,jones,6.214285714,7,5300,LV@JAC,JAC,LV,,,,,,WR/FLEX,ryland,ryland,marvin,jones5300wrm
jones5500wrz,68.3,Zay Jones,5500,JAX,LV,,,8.5,11.7,5.3,-0.17,1.5,7,8.67,-3,0.7,0,0,1,0,0.58,-2.8,57,22.5,25,0.5,2.5,47.5,38,0,0,0,0,0,0,0,0,0,0,0,0,0,0,0,0,0,0,0,0,0,0,0.89,0.26,0.11,76,0.88,0.12,5.8,-200,0.83,0.09,75,0,0.25,40,6.8,-0.8,-500,1.04,0.12,81,0.22,0.13,22,WR,11/2/2022,0,0,0,0,6,4,41,17,9.9,0.1,0,0.067,0,0.191,0.053,0.176,30.8,27,0,0,0,0,0,0,0,0,0,0,jones,zay jones,z,jones5500wrz,82608-41305,WR,z,Zay Jones,jones,8,7,5500,LV@JAC,JAC,LV,,,,,,WR/FLEX,ryland,ryland,zay,jones5500wrz
jones6400qbm,61.22,Mac Jones,6400,NE,IND,,,15.6,24.5,6.7,-2.02,2.4,1,17.62,-1,0.63,0,0,1,0,0.61,-3.6,59,22.8,17.3,2.3,-5.5,40,53,17,26,199,66,7.4,5.88,1.1,30,113.9,241.1,15.1,46.9,17,4.2,3.8,6.1,3,6,11,3,0.1,0.471,4.18,2,1,70,0.76,0,7.3,-200,0.26,0.15,25,0.25,0.25,40,11.2,-4.4,400,0.35,0.19,60,0.34,0.21,23,QB,11/2/2022,0,0,0,0,0,0,0,0,0,0,0,0,0,0,0,0,,0,0,0,0,0,0,0,0,0,0,0,jones,mac jones,m,jones6400qbm,82608-90584,QB,m,Mac Jones,jones,11.34400024,5,6400,IND@NE,NE,IND,,,,,,QB,ryland,ryland,mac,jones6400qbm
jones7800rba,91.53,Aaron Jones,7800,GB,@DET,,,15.52,20,11,1.86,2,29.5,13.66,-2,0.72,0,0,7,0,0.87,0.6,38,26.5,23,-0.5,-3.5,49.5,50,0,0,0,0,0,0,0,0,0,0,0,0,0,0,0,0,0,17,60,5.5,0.1,0.576,1.47,0.65,0.24,0,0,0,14.2,200,0.79,0.34,50,0.5,0.5,40,14.2,1.3,1800,0.93,0.37,45,0.31,0.31,22,RB,11/2/2022,0.2,0.507,0.586,11,4,3,22,11,70,0.3,0,0.133,0.467,0,0,0,,0,0,0,0,0,0,0,0,0,0,0,jones,aaron jones,a,jones7800rba,82608-40442,RB,a,Aaron Jones,jones,14.1875,8,7800,GB@DET,GB,DET,,,,,,RB/FLEX,ryland,ryland,aaron,jones7800rba
kennedy4700wrt,58.31,Tom Kennedy,4700,DET,GB,,,5.41,8.3,2.5,-1.43,1.2,0.1,6.84,27,0.99,0,0,0,0,0.14,-2.8,21,23,26.5,1,3.5,49.5,50,0,0,0,0,0,0,0,0,0,0,0,0,0,0,0,0,0,0,0,0,0,0,0.06,0,0,0,0,0,2.4,-200,1.2,0.08,33,0,0,30,7.1,0,-1300,2.79,0.34,31,0.21,0.05,19,WR,11/2/2022,0,0,0,0,1,0,9,5,10.7,0,0,0,0,0.049,0,0.041,13,5.8,0,0,0,0,0,0,0,0,0,0,kennedy,tom kennedy,t,kennedy4700wrt,82608-104388,WR,t,Tom Kennedy,kennedy,3.100000064,3,4700,GB@DET,DET,GB,,,,,,WR/FLEX,ryland,ryland,tom,kennedy4700wrt
kirk6300wrc,72.56,Christian Kirk,6300,JAX,LV,,,10.74,14.8,6.7,0.25,1.7,8.3,10.49,6,0.91,0,0,3,0,0.72,-2.8,60,22.5,25,0.5,2.5,47.5,38,0,0,0,0,0,0,0,0,0,0,0,0,0,0,0,0,0,0,0,0,0,0,0.94,0.59,0.41,76,0.88,0.12,7.4,-1300,0.95,0.12,50,0,0.5,40,10.5,-0.5,300,1.26,0.18,66,0.28,0.28,21,WR,11/2/2022,0,0,0,0,7,4,60,28,13.2,0.3,0,0.25,0,0.206,0.25,0.245,41,26,0,0,0,0,0,0,0,0,0,0,kirk,christian kirk,c,kirk6300wrc,82608-60858,WR,c,Christian Kirk,kirk,11.3125,8,6300,LV@JAC,JAC,LV,,,,,,WR/FLEX,ryland,ryland,christian,kirk6300wrc
kmet4700tec,62.83,Cole Kmet,4700,CHI,MIA,,,4.46,6.3,2.7,-1.08,0.9,1.2,5.54,-3,0.67,0,0,1,0,0.25,1.4,57,20.5,25,1,4.5,45.5,41,0,0,0,0,0,0,0,0,0,0,0,0,0,0,0,0,0,0,0,0,0,0,0.82,0.29,0.12,60,0.54,0,5.2,100,1.73,0.08,100,0.5,0,40,6.3,0,-1300,1.39,0.11,70,0.3,0.1,20,TE,11/2/2022,0,0,0,0,4,3,33,15,11,0.1,0,0.071,0,0.162,0.053,0.16,19.4,12.7,0,0,0,0,0,0,0,0,0,0,kmet,cole kmet,c,kmet4700tec,82608-91047,TE,c,Cole Kmet,kmet,3.612499952,8,4700,MIA@CHI,CHI,MIA,,,,,,TE/FLEX,ryland,ryland,cole,kmet4700tec
knox5100ted,70.52,Dawson Knox,5100,BUF,@NYJ,,,6.53,8.8,4.3,0.06,1.3,6.4,6.47,-4,0.63,0,0,4,0,0.39,-0.8,60,28.8,17.3,1.5,-11.5,46,59,0,0,0,0,0,0,0,0,0,0,0,0,0,0,0,0,0,0,0,0,0,0,0.94,0.53,0.24,72,0.72,0.04,9.6,100,3.2,0.17,66,0.33,0,30,7.3,-0.3,-900,1.63,0.12,63,0.16,0.16,30,TE,11/2/2022,0,0,0,0,4,3,30,15,10.2,0.4,0,0.313,0,0.124,0.176,0.115,15.4,11.5,0,0,0,0,0,0,0,0,0,0,knox,dawson knox,d,knox5100ted,82608-64585,TE,d,Dawson Knox,knox,6.049999873,6,5100,BUF@NYJ,BUF,NYJ,,,,,,TE/FLEX,ryland,ryland,dawson,knox5100ted
kupp9000wrc,63.72,Cooper Kupp,9000,LA,@TB,,,15.54,20.9,10.1,-1.11,1.7,12.4,16.65,0,0.8,0,0,8,0,0.93,-1,62,19.8,22.8,-1,3,42.5,41,0,0,0,0,0,0,0,0,0,0,0,0,0,0,0,0,0,0,0,0,0,0,2.12,1,0.53,80,0.73,0.1,18.2,-500,1.43,0.3,66,0,0.33,30,21.1,2.7,3000,1.61,0.34,78,0.3,0.08,23,WR,11/2/2022,0,0,0,0,11,9,106,31,11.7,0.7,0,0.314,0,0.318,0.423,0.409,54.6,32.8,0,0,0,0,0,0,0,0,0,0,kupp,cooper kupp,c,kupp9000wrc,82608-79970,WR,c,Cooper Kupp,kupp,19.95714242,7,9000,LAR@TB,LAR,TB,,,,,,WR/FLEX,ryland,ryland,cooper,kupp9000wrc
la chargers3900,32.5,LA Chargers,3900,LAC,@ATL,,,5.28,11.5,0,-0.78,1.4,2.3,6.06,-7,0.24,0,0,1,0,0.95,-2.5,0,26.3,23.3,-1.2,-3,49.5,48,0,0,0,0,0,0,0,0,0,0,0,0,0,0,2.09,6.62,0,0,0,0,0,0,0,0,0,0,0,0,5.3,0,0,0,100,0.5,0,40,4.2,-1.5,-2100,0,0,65,0.26,0.34,23,D,11/2/2022,0,0,0,0,0,0,0,0,0,0,0,0,0,0,0,0,,0,20,0.4739,0.5207,0.0117,0.0494,7.21,11.65,6.47,4.92,0.197,chargers,la chargers,l,la chargers3900,82608-12548,D,l,Los Angeles Chargers,chargers,4.285714286,7,3900,LAC@ATL,LAC,ATL,,,,,,DEF,Angeles,LA,la chargers,la chargers3900
la rams4300,20.32,LA Rams,4300,LA,@TB,,,5.38,12.4,-1.6,-1.96,1.3,0.5,7.34,6,0.93,0,0,1,0,0.54,-2.2,0,19.8,22.8,-1,3,42.5,41,0,0,0,0,0,0,0,0,0,0,0,0,0,0,2.42,7.64,0,0,0,0,0,0,0,0,0,80,0.73,0.1,6,400,0,0,100,0.33,0,30,7.2,0,-1700,0,0,78,0.56,0.21,23,D,11/2/2022,0,0,0,0,0,0,0,0,0,0,0,0,0,0,0,0,,0,1.7,0.4972,0.4664,0.0133,0.0335,7.33,8.44,4.73,2.67,0.1778,rams,la rams,l,la rams4300,82608-12538,D,l,Los Angeles Rams,rams,6.142857143,7,4300,LAR@TB,LAR,TB,,,,,,DEF,Angeles,LA,la rams,la rams4300
las vegas3500,69.35,Las Vegas,3500,LV,@JAX,,,5.98,12.5,-0.5,1.21,1.7,4.3,4.77,-3,0.45,0,0,2,0,0.97,-1,0,25,22.5,0,-2.5,47.5,62,0,0,0,0,0,0,0,0,0,0,0,0,0,0,0.84,4.38,0,0,0,0,0,0,0,0,0,76,0.88,0.12,4,300,0,0,66,0.33,0.33,30,4.1,-1.8,-2500,0,0,76,0.19,0.19,21,D,11/2/2022,0,0,0,0,0,0,0,0,0,0,0,0,0,0,0,0,,0,2.1,0.5185,0.4808,0.0049,0.0482,7.11,8.94,4.93,3.15,0.2434,vegas,las vegas,l,las vegas3500,82608-12537,D,l,Las Vegas Raiders,raiders,4.142857143,7,3500,LV@JAC,LV,JAC,,,,,,DEF,Vegas,Vegas,las vegas,las vegas3500
lawrence6800qbt,69.46,Trevor Lawrence,6800,JAX,LV,,,17.3,26.2,8.4,-1.1,2.5,3.5,18.4,-2,0.53,0,0,1,0,0.43,3.3,64,22.5,25,0.5,2.5,47.5,38,20,33,209,60,6.2,5.03,0.8,31,112.8,275.4,10.8,42.2,10.5,2.4,2.4,5.2,3,9,16,4.2,0.2,0.563,5,2.61,1.67,76,0.88,0.12,16.2,-800,0.39,0.23,75,0.5,0.25,40,12.8,-4.6,800,0.32,0.2,90,0.38,0.09,21,QB,11/2/2022,0,0,0,0,0,0,0,0,0,0,0,0,0,0,0,0,,0,0,0,0,0,0,0,0,0,0,0,lawrence,trevor lawrence,t,lawrence6800qbt,82608-89951,QB,t,Trevor Lawrence,lawrence,16.1875,8,6800,LV@JAC,JAC,LV,,,,,,QB,ryland,ryland,trevor,lawrence6800qbt
lazard6500wra,58.03,Allen Lazard,6500,GB,@DET,,,8.59,12.1,5.1,-2.36,1.3,11.1,10.95,-20,0.37,0,0,2,0,0.9,1.7,51,26.5,23,-0.5,-3.5,49.5,50,0,0,0,0,0,0,0,0,0,0,0,0,0,0,0,0,0,0,0,0,0,0,1.06,0.41,0.24,0,0,0,11.9,100,1.48,0.22,75,0.25,0,40,10.6,0.9,500,1.78,0.21,56,0.34,0.13,23,WR,11/2/2022,0,0,0,0,5,3,47,21,13.1,0.7,0,0.444,0,0.163,0.345,0.188,33.3,26.2,0,0,0,0,0,0,0,0,0,0,lazard,allen lazard,a,lazard6500wra,82608-56809,WR,a,Allen Lazard,lazard,11.83333333,6,6500,GB@DET,GB,DET,Q,Shoulder,,,,WR/FLEX,ryland,ryland,allen,lazard6500wra
lindsay4600rbp,53.27,Phillip Lindsay,4600,IND,@NE,,,2.62,3.4,1.8,-3.06,0.6,0,5.68,0,0.5,0,0,1,0,0.41,-3.4,16,17.3,22.8,-3.2,5.5,40,47,0,0,0,0,0,0,0,0,0,0,0,0,0,0,0,0,0,5,23,3.1,0,0.41,0.35,0.12,0.06,70,0.76,0,4.7,-800,0.45,0.17,33,0,0,30,4.1,-1,-1400,0.47,0.25,33,0.04,0.23,21,RB,11/2/2022,0,0.247,0.232,7,1,0,3,2,3.9,0,0,0,0.167,0,0,0,,0,0,0,0,0,0,0,0,0,0,0,lindsay,phillip lindsay,p,lindsay4600rbp,82608-41426,RB,p,Phillip Lindsay,lindsay,5.800000191,2,4600,IND@NE,IND,NE,,,,,,RB/FLEX,ryland,ryland,phillip,lindsay4600rbp
lockett7600wrt,56.58,Tyler Lockett,7600,SEA,@ARI,,,11.34,15.5,7.2,-2.12,1.5,9,13.46,1,0.82,0,0,3,0,0.56,-3.2,50,23.5,25.5,2.2,2,49,79,0,0,0,0,0,0,0,0,0,0,0,0,0,0,0,0,0,0,0,0,0,0,0.5,0.17,0.11,0,0,0,12.1,800,1.79,0.25,75,0.25,0.25,40,11.7,0.3,1600,1.67,0.23,61,0.33,0.28,21,WR,11/2/2022,0,0,0,0,6,4,70,29,14.4,0.5,0,0.333,0,0.228,0.286,0.305,57,34.2,0,0,0,0,0,0,0,0,0,0,lockett,tyler lockett,t,lockett7600wrt,82608-27050,WR,t,Tyler Lockett,lockett,11.26249981,8,7600,SEA@ARI,SEA,ARI,,,,,,WR/FLEX,ryland,ryland,tyler,lockett7600wrt
london5600wrd,65.95,Drake London,5600,ATL,LAC,,,8.29,11.5,5.1,-0.61,1.5,8.6,8.9,-11,0.52,0,0,3,0,0.74,-1.9,47,23.3,26.3,3.3,3,49.5,52,0,0,0,0,0,0,0,0,0,0,0,0,0,0,0,0,0,0,0,0,0,0,0.5,0.13,0.13,0,0,0,4.4,-600,1.03,0.1,75,0,0.25,40,9.1,0,-400,1.48,0.19,72,0.45,0.27,11,WR,11/2/2022,0,0,0,0,6,3,43,19,11.5,0.3,0,0.5,0,0.285,0.2,0.242,32.4,25.8,0,0,0,0,0,0,0,0,0,0,london,drake london,d,london5600wrd,82608-112745,WR,d,Drake London,london,7.949999809,8,5600,LAC@ATL,ATL,LAC,,,,,,WR/FLEX,ryland,ryland,drake,london5600wrd
mariota7100qbm,56.73,Marcus Mariota,7100,ATL,LAC,,,16.52,26.1,7,-2.47,2.3,3.5,18.99,-2,0.53,0,0,1,0,0.37,-3.5,32,23.3,26.3,3.3,3,49.5,52,11,18,143,62,8,6.18,1,32,81.4,205.3,4.4,19.4,8.9,5.6,3.3,9.5,4,10,20,5,0.3,0.576,2.21,0.95,0.58,0,0,0,19.7,300,0.67,0.33,100,0.75,0,40,11.2,-0.8,1100,0.46,0.35,45,0.2,0.25,20,QB,11/2/2022,0,0,0,0,0,0,0,0,0,0,0,0,0,0,0,0,,0,0,0,0,0,0,0,0,0,0,0,mariota,marcus mariota,m,mariota7100qbm,82608-29358,QB,m,Marcus Mariota,mariota,16.90999985,8,7100,LAC@ATL,ATL,LAC,,,,,,QB,ryland,ryland,marcus,mariota7100qbm
marshall5400wrt,55.04,T. Marshall Jr.,5400,CAR,@CIN,,,6.51,9.3,3.7,-1.93,1.2,1.8,8.44,-3,0.7,0,0,0,0,0.56,-2.6,28,17.5,25,-1,7.5,42.5,57,0,0,0,0,0,0,0,0,0,0,0,0,0,0,0,0,0,0,0,0,0,0,0.18,0.12,0.12,70,0.5,0,6.6,800,1.55,0.17,75,0.25,0,40,3.8,-0.9,-600,1.88,0.13,25,0.05,0.1,20,WR,11/2/2022,0,0,0,0,2,1,14,7,13.1,0,0,0,0,0.065,0,0.072,10.9,9,0,0,0,0,0,0,0,0,0,0,marshall,t. marshall jr.,t,marshall5400wrt,82608-85672,WR,t,Terrace Marshall Jr.,marshall,4.949999809,4,5400,CAR@CIN,CAR,CIN,,,,,,WR/FLEX,ryland,ryland,terrace,marshall5400wrt
mattison5400rba,55.62,A. Mattison,5400,MIN,@WAS,,,3.57,4.8,2.3,-4.11,0.7,0.2,7.68,2,0.87,0,0,1,0,0.95,-1.1,22,23.3,20.3,1,-3,43.5,47,0,0,0,0,0,0,0,0,0,0,0,0,0,0,0,0,0,7,22,3.6,0.3,0.505,2,1.18,0.24,74,0.75,0.2,5.3,-1900,0.83,0.28,33,0.33,0.66,30,50,-5,-600,0.61,0.23,17,0.1,0.71,28,RB,11/2/2022,0.278,0.21,0.35,6,1,1,10,7,7.4,0.1,0,0.192,0.5,0,0,0,,0,0,0,0,0,0,0,0,0,0,0,mattison,a. mattison,a,mattison5400rba,82608-72776,RB,a,Alexander Mattison,mattison,5.928571429,7,5400,MIN@WAS,MIN,WAS,,,,,,RB/FLEX,ryland,ryland,alexander,mattison5400rba
mckenzie5500wri,56.55,Isaiah McKenzie,5500,BUF,@NYJ,,,6.15,8.5,3.8,-2.52,1.1,1,8.67,1,0.82,0,0,1,0,0.75,-1.4,27,28.8,17.3,1.5,-11.5,46,59,0,0,0,0,0,0,0,0,0,0,0,0,0,0,0,0,0,0,0,0,0,0,0.94,0.59,0.24,72,0.72,0.04,4.7,-600,1.18,0.14,33,0,0.33,30,5.7,-1.1,-500,1.45,0.21,62,0.17,0.2,29,WR,11/2/2022,0,0,0,0,3,2,22,10,9.6,0.3,0,0.4,0,0.089,0.133,0.086,17.2,6.5,0,0,0,0,0,0,0,0,0,0,mckenzie,isaiah mckenzie,i,mckenzie5500wri,82608-53639,WR,i,Isaiah McKenzie,mckenzie,8.46666654,6,5500,BUF@NYJ,BUF,NYJ,,,,,,WR/FLEX,ryland,ryland,isaiah,mckenzie5500wri
mclaurin7200wrt,60.94,Terry McLaurin,7200,WAS,MIN,,,11.25,15.8,6.7,-1.3,1.6,6.6,12.55,16,0.98,0,0,1,0,0.61,0.2,60,20.3,23.3,-2,3,43.5,53,0,0,0,0,0,0,0,0,0,0,0,0,0,0,0,0,0,0,0,0,0,0,0.5,0,0,74,0.75,0.2,10.6,700,1.46,0.17,100,0.4,0,50,8.5,-2.3,1200,1.29,0.14,53,0.14,0.32,28,WR,11/2/2022,0,0,0,0,6,3,60,28,15.4,0.2,0,0.111,0,0.197,0.13,0.274,38.4,34.1,0,0,0,0,0,0,0,0,0,0,mclaurin,terry mclaurin,t,mclaurin7200wrt,82608-56250,WR,t,Terry McLaurin,mclaurin,10.61250019,8,7200,MIN@WAS,WAS,MIN,,,,,,WR/FLEX,ryland,ryland,terry,mclaurin7200wrt
metcalf7400wrd,64.61,DK Metcalf,7400,SEA,@ARI,,,12.38,17,7.7,-0.62,1.7,10.5,13,1,0.82,0,0,3,0,0.68,-3.2,48,23.5,25.5,2.2,2,49,79,0,0,0,0,0,0,0,0,0,0,0,0,0,0,0,0,0,0,0,0,0,0,1.28,0.33,0.11,0,0,0,9,300,1.33,0.22,50,0,0.5,40,90,-3,1400,1.13,0.19,47,0.14,0.42,21,WR,11/2/2022,0,0,0,0,7,4,50,23,11.8,0.4,0,0.217,0,0.264,0.25,0.224,43.4,38.2,0,0,0,0,0,0,0,0,0,0,metcalf,dk metcalf,d,metcalf7400wrd,82608-73048,WR,d,DK Metcalf,metcalf,9.975000381,8,7400,SEA@ARI,SEA,ARI,,,,,,WR/FLEX,ryland,ryland,dk,metcalf7400wrd
meyers6800wrj,59.7,Jakobi Meyers,6800,NE,IND,,,10.17,13.9,6.5,-1.46,1.5,7.6,11.63,6,0.91,0,0,2,0,0.58,-2.7,52,22.8,17.3,2.3,-5.5,40,53,0,0,0,0,0,0,0,0,0,0,0,0,0,0,0,0,0,0,0,0,0,0,0.82,0.53,0.35,70,0.76,0,13.9,800,2.13,0.25,100,0.5,0,40,9.5,0.7,800,1.36,0.18,69,0.3,0.13,23,WR,11/2/2022,0,0,0,0,6,4,57,21,11.7,0.3,0,0.214,0,0.247,0.238,0.259,45.9,31.3,0,0,0,0,0,0,0,0,0,0,meyers,jakobi meyers,j,meyers6800wrj,82608-63634,WR,j,Jakobi Meyers,meyers,12.94999949,6,6800,IND@NE,NE,IND,,,,,,WR/FLEX,ryland,ryland,jakobi,meyers6800wrj
miami3600,81.99,Miami,3600,MIA,@CHI,,,6.58,13.8,-0.7,1.49,1.8,22.9,5.09,-5,0.34,0,0,3,0,0.5,1,0,25,20.5,2.5,-4.5,45.5,59,0,0,0,0,0,0,0,0,0,0,0,0,0,0,2.59,8.81,0,0,0,0,0,0,0,0,0,60,0.54,0,3.5,-1300,0,0,50,0.25,0.5,40,9.1,2.1,-2400,0,0,72,0.5,0.27,22,D,11/2/2022,0,0,0,0,0,0,0,0,0,0,0,0,0,0,0,0,,0,2.7,0.487,0.4623,0.0155,0.0389,6.95,7.65,4.87,3.23,0.2077,miami,miami,m,miami3600,82608-12539,D,m,Miami Dolphins,dolphins,5.125,8,3600,MIA@CHI,MIA,CHI,,,,,,DEF,Dolphins,Dolphins,miami,miami3600
michel4900rbs,68.1,Sony Michel,4900,LAC,@ATL,,,4.67,6.3,3.1,-1.76,1,0.3,6.43,4,0.92,0,0,1,0,0.94,-1.2,31,26.3,23.3,-1.2,-3,49.5,48,0,0,0,0,0,0,0,0,0,0,0,0,0,0,0,0,0,11,42,3.9,0.2,0.506,2.72,1.44,0.5,0,0,0,3.8,-400,0.66,0.25,33,0,0.33,30,6.6,-1.1,-1100,0.49,0.21,54,0.12,0.33,24,RB,11/2/2022,0.333,0.465,0.462,11,2,1,9,7,6.1,0.1,0,0.067,0.378,0,0,0,,0,0,0,0,0,0,0,0,0,0,0,michel,sony michel,s,michel4900rbs,82608-53640,RB,s,Sony Michel,michel,2.699999946,7,4900,LAC@ATL,LAC,ATL,,,,,,RB/FLEX,ryland,ryland,sony,michel4900rbs
miller4800wrs,47.89,Scotty Miller,4800,TB,LA,,,3.05,4.5,1.6,-4.02,0.6,0.1,7.07,9,0.94,0,0,0,0,0.56,0,20,22.8,19.8,0.5,-3,42.5,59,0,0,0,0,0,0,0,0,0,0,0,0,0,0,0,0,0,0,0,0,0,0,0.18,0.12,0,80,0.73,0.1,2.9,100,1.06,0.18,80,0,0,50,3.8,-0.8,-1200,1.25,0.19,36,0.04,0.16,25,WR,11/2/2022,0,0,0,0,2,1,10,6,7.9,0,0,0,0,0.067,0,0.039,12,15,0,0,0,0,0,0,0,0,0,0,miller,scotty miller,s,miller4800wrs,82608-61273,WR,s,Scotty Miller,miller,3.2,5,4800,LAR@TB,TB,LAR,,,,,,WR/FLEX,ryland,ryland,scotty,miller4800wrs
mims5200wrd,45.67,Denzel Mims,5200,NYJ,BUF,,,4.14,6.2,2.1,-3.84,0.8,0.3,7.98,8,0.93,0,0,0,0,0.02,-4.7,28,17.3,28.8,-3,11.5,46,41,0,0,0,0,0,0,0,0,0,0,0,0,0,0,0,0,0,0,0,0,0,0,0.06,0.06,0.06,72,0.72,0.04,4.8,700,1.9,0.14,25,0,0.25,40,6.7,-0.3,-800,3.36,0.24,10,0.05,0.15,19,WR,11/2/2022,0,0,0,0,2,0,12,10,21,0,0,0,0,0.072,0,0.067,4.7,9.1,0,0,0,0,0,0,0,0,0,0,mims,denzel mims,d,mims5200wrd,82608-72453,WR,d,Denzel Mims,mims,4.75,2,5200,BUF@NYJ,NYJ,BUF,,,,,,WR/FLEX,ryland,ryland,denzel,mims5200wrd
minnesota4500,52.92,Minnesota,4500,MIN,@WAS,,,7.48,15.8,-0.9,-0.51,1.7,5.2,7.99,3,0.85,0,0,2,0,0.54,1.7,0,23.3,20.3,1,-3,43.5,47,0,0,0,0,0,0,0,0,0,0,0,0,0,0,2.85,7.59,0,0,0,0,0,0,0,0,0,74,0.75,0.2,8.3,200,0,0,100,0.66,0,30,7.1,0.2,-1500,0,0,92,0.64,0.07,28,D,11/2/2022,0,0,0,0,0,0,0,0,0,0,0,0,0,0,0,0,,0,2.6,0.5332,0.5563,0.0164,0.0444,7.68,9.59,40,2.42,0.2454,minnesota,minnesota,m,minnesota4500,82608-12540,D,m,Minnesota Vikings,vikings,7.714285714,7,4500,MIN@WAS,MIN,WAS,,,,,,DEF,Vikings,Vikings,minnesota,minnesota4500
mixon8100rbj,83.8,Joe Mixon,8100,CIN,CAR,,,14.37,18.6,10.2,-0.04,1.8,11.6,14.41,3,0.9,0,0,7,0,0.03,-1.6,48,25,17.5,-0.5,-7.5,42.5,43,0,0,0,0,0,0,0,0,0,0,0,0,0,0,0,0,0,15,66,3.8,0.6,0.496,3.71,2.53,1.35,70,0.5,0,12.8,400,0.76,0.3,100,0,0,40,14.8,0.4,2100,0.67,0.31,56,0.2,0.28,25,RB,11/2/2022,0.667,0.7,0.716,17,4,3,23,11,6.4,0.1,0,0.189,0.509,0,0,0,,0,0,0,0,0,0,0,0,0,0,0,mixon,joe mixon,j,mixon8100rbj,82608-52442,RB,j,Joe Mixon,mixon,12.44999981,8,8100,CAR@CIN,CIN,CAR,,,,,,RB/FLEX,ryland,ryland,joe,mixon8100rbj
montgomery7000rbd,70.33,David Montgomery,7000,CHI,MIA,,,9.75,12.7,6.8,-1.92,1.4,2.4,11.67,3,0.9,0,0,2,0,0.16,-1.5,46,20.5,25,1,4.5,45.5,41,0,0,0,0,0,0,0,0,0,0,0,0,0,0,0,0,0,13,56,3.6,0.4,0.44,3.41,1.71,0.82,60,0.54,0,10.5,-100,0.64,0.23,80,0,0.2,50,10.9,-0.1,1000,0.55,0.24,65,0.17,0.26,23,RB,11/2/2022,0.4,0.394,0.707,15,3,3,24,11,7.9,0,0,0.125,0.521,0,0,0,,0,0,0,0,0,0,0,0,0,0,0,montgomery,david montgomery,d,montgomery7000rbd,82608-73273,RB,d,David Montgomery,montgomery,9.442856925,7,7000,MIA@CHI,CHI,MIA,,,,,,RB/FLEX,ryland,ryland,david,montgomery7000rbd
mooney6100wrd,59.73,Darnell Mooney,6100,CHI,MIA,,,8.53,12.2,4.9,-1.51,1.4,4,10.04,3,0.87,0,0,2,0,0.58,-1.7,58,20.5,25,1,4.5,45.5,41,0,0,0,0,0,0,0,0,0,0,0,0,0,0,0,0,0,0,0,0,0,0,0.82,0.41,0.18,60,0.54,0,8.6,300,1.23,0.15,100,0.2,0,50,8.5,-0.9,100,1.06,0.15,68,0.31,0.31,22,WR,11/2/2022,0,0,0,0,7,4,59,26,13.8,0.2,0,0.182,0,0.275,0.158,0.282,35.4,36.2,0,0,0,0,0,0,0,0,0,0,mooney,darnell mooney,d,mooney6100wrd,82608-69777,WR,d,Darnell Mooney,mooney,6.112500191,8,6100,MIA@CHI,CHI,MIA,,,,,,WR/FLEX,ryland,ryland,darnell,mooney6100wrd
moore4700wrj,50,Jason Moore Jr.,4700,LAC,@ATL,,,3.43,5,1.8,-3.41,0.7,0.1,6.84,13,0.96,0,0,0,0,0.14,1.6,10,26.3,23.3,-1.2,-3,49.5,48,0,0,0,0,0,0,0,0,0,0,0,0,0,0,0,0,0,0,0,0,0,0,0,0,0,0,0,0,1,200,1.49,0.08,0,0,0.33,30,3.9,-0.3,-1300,7.73,0.39,6,0.06,0.12,16,WR,11/2/2022,0,0,0,0,0,0,1,1,50,0,0,0,0,0.011,0,0.005,5,1.9,0,0,0,0,0,0,0,0,0,0,moore,jason moore jr.,j,moore4700wrj,82608-104297,WR,j,Jason Moore Jr.,moore,1,1,4700,LAC@ATL,LAC,ATL,,,,,,WR/FLEX,ryland,ryland,jason,moore4700wrj
moore5000wre,45.44,Elijah Moore,5000,NYJ,BUF,,,3.29,5.1,1.5,-4.24,0.7,0.4,7.53,-1,0.76,0,0,1,0,0.74,-4.7,50,17.3,28.8,-3,11.5,46,41,0,0,0,0,0,0,0,0,0,0,0,0,0,0,0,0,0,0,0,0,0,0,0.53,0.12,0.12,72,0.72,0.04,1.6,-300,0.96,0.06,0,0,0.25,40,8.2,0.1,-1000,1.23,0.16,45,0.15,0.15,20,WR,11/2/2022,0,0,0,0,6,3,46,21,13.8,0.3,0,0.25,0,0.173,0.214,0.182,31.9,27.5,0,0,0,0,0,0,0,0,0,0,moore,elijah moore,e,moore5000wre,82608-88575,WR,e,Elijah Moore,moore,4.649999936,6,5000,BUF@NYJ,NYJ,BUF,,,,,,WR/FLEX,ryland,ryland,elijah,moore5000wre
moore5900wrr,65.73,Rondale Moore,5900,ARI,SEA,,,9.01,12.4,5.6,-0.57,1.5,8.1,9.58,-1,0.76,0,0,1,0,0.74,-2.6,47,25.5,23.5,-2.3,-2,49,21,0,0,0,0,0,0,0,0,0,0,0,0,0,0,0,0,0,0,0,0,0,0,0.59,0.24,0.06,0,0,0,8.9,700,1.12,0.13,100,0.4,0,50,5.9,-1.4,-100,0.88,0.13,34,0.13,0.21,23,WR,11/2/2022,0,0,0,0,5,4,32,16,7.3,0.1,0,0,0,0.16,0.077,0.129,-1.1,6.2,0,0,0,0,0,0,0,0,0,0,moore,rondale moore,r,moore5900wrr,82608-93408,WR,r,Rondale Moore,moore,8.640000153,5,5900,SEA@ARI,ARI,SEA,,,,,,WR/FLEX,ryland,ryland,rondale,moore5900wrr
moore7000wrd,63.17,DJ Moore,7000,CAR,@CIN,,,11.34,15.6,7.1,-0.75,1.6,9.4,12.09,1,0.82,0,0,2,0,0.63,-2.6,56,17.5,25,-1,7.5,42.5,57,0,0,0,0,0,0,0,0,0,0,0,0,0,0,0,0,0,0,0,0,0,0,0.71,0.18,0,70,0.5,0,12.9,1100,1.32,0.22,75,0.5,0.25,40,9.8,-0.7,1000,1.07,0.17,61,0.23,0.23,21,WR,11/2/2022,0,0,0,0,8,4,55,22,12.3,0.2,0,0.25,0,0.276,0.286,0.279,37.4,41.2,0,0,0,0,0,0,0,0,0,0,moore,dj moore,d,moore7000wrd,82608-63043,WR,d,DJ Moore,moore,10.11250019,8,7000,CAR@CIN,CAR,CIN,,,,,,WR/FLEX,ryland,ryland,dj,moore7000wrd
moreau5400tef,41.35,Foster Moreau,5400,LV,@JAX,,,4.04,5.7,2.4,-3.13,0.7,0.3,7.17,1,0.89,0,0,1,0,0.03,-2.3,48,25,22.5,0,-2.5,47.5,62,0,0,0,0,0,0,0,0,0,0,0,0,0,0,0,0,0,0,0,0,0,0,0.22,0,0,76,0.88,0.12,5.2,1000,0.74,0.09,66,0,0,30,5.2,-0.4,-600,1.48,0.11,47,0.09,0.14,21,TE,11/2/2022,0,0,0,0,3,2,24,14,11.2,0.1,0,0.25,0,0.106,0.056,0.103,12.3,7.4,0,0,0,0,0,0,0,0,0,0,moreau,foster moreau,f,moreau5400tef,82608-60712,TE,f,Foster Moreau,moreau,5.199999809,4,5400,LV@JAC,LV,JAC,,,,,,TE/FLEX,ryland,ryland,foster,moreau5400tef
mostert6500rbr,87.04,Raheem Mostert,6500,MIA,@CHI,,,11.61,15.4,7.8,1.19,1.8,11.2,10.42,1,0.84,0,0,5,0,0.87,1.9,39,25,20.5,2.5,-4.5,45.5,59,0,0,0,0,0,0,0,0,0,0,0,0,0,0,0,0,0,15,56,4.5,0.1,0.564,0.83,0.39,0.11,60,0.54,0,12.5,700,0.69,0.28,100,0.5,0,40,8.6,0.2,500,0.57,0.22,34,0.07,0.07,26,RB,11/2/2022,0.2,0.641,0.616,12,2,1,12,8,7.5,0.1,0,0.091,0.545,0,0,0,,0,0,0,0,0,0,0,0,0,0,0,mostert,raheem mostert,r,mostert6500rbr,82608-28744,RB,r,Raheem Mostert,mostert,9.175000191,8,6500,MIA@CHI,MIA,CHI,,,,,,RB/FLEX,ryland,ryland,raheem,mostert6500rbr
mundt4500tej,55.4,Johnny Mundt,4500,MIN,@WAS,,,3.17,4.3,2,-1.9,0.7,0.2,5.07,-2,0.72,0,0,1,0,0.25,-3,31,23.3,20.3,1,-3,43.5,47,0,0,0,0,0,0,0,0,0,0,0,0,0,0,0,0,0,0,0,0,0,0,0.18,0.12,0.06,74,0.75,0.2,3.1,200,1.86,0.09,66,0.33,0.33,30,3.6,-0.5,-1500,1.78,0.11,42,0.03,0.03,28,TE,11/2/2022,0,0,0,0,2,1,10,6,6.3,0.1,0,0.333,0,0.057,0.091,0.043,1.4,0.8,0,0,0,0,0,0,0,0,0,0,mundt,johnny mundt,j,mundt4500tej,82608-40371,TE,j,Johnny Mundt,mundt,2.800000054,7,4500,MIN@WAS,MIN,WAS,,,,,,TE/FLEX,ryland,ryland,johnny,mundt4500tej
murray8200qbk,77.56,Kyler Murray,8200,ARI,SEA,,,22.46,32.3,12.6,1.31,2.7,12.1,21.15,1,0.82,0,0,2,0,0.77,-4.8,71,25.5,23.5,-2.3,-2,49,21,25,39,250,65,6.4,5.5,1.2,31,123.5,289.6,11.1,30,12.5,3.1,1.5,5.6,6,17,41,6.4,0.3,0.578,5.59,2.82,1.53,0,0,0,18.8,100,0.39,0.26,100,0.2,0,50,19.6,-1.2,2200,0.41,0.28,69,0.34,0.04,23,QB,11/2/2022,0,0,0,0,0,0,0,0,0,0,0,0,0,0,0,0,,0,0,0,0,0,0,0,0,0,0,0,murray,kyler murray,k,murray8200qbk,82608-63484,QB,k,Kyler Murray,murray,20.20249939,8,8200,SEA@ARI,ARI,SEA,,,,,,QB,ryland,ryland,kyler,murray8200qbk
new england4900,44.94,New England,4900,NE,IND,,,7.7,15.6,-0.2,-1.57,1.6,4.6,9.27,2,0.81,0,0,4,0,0.71,5.8,0,22.8,17.3,2.3,-5.5,40,53,0,0,0,0,0,0,0,0,0,0,0,0,0,0,4.34,7.74,0,0,0,0,0,0,0,0,0,70,0.76,0,11.8,1300,0,0,100,0.75,0,40,10.1,2.5,-1100,0,0,79,0.58,0.2,24,D,11/2/2022,0,0,0,0,0,0,0,0,0,0,0,0,0,0,0,0,,0,2.4,0.4642,0.5184,0.0233,0.0323,6.28,8.94,5.55,4.11,0.1579,england,new england,n,new england4900,82608-12541,D,n,New England Patriots,patriots,9.5,8,4900,IND@NE,NE,IND,,,,,,DEF,England,England,new england,new england4900
ny jets3400,39.55,NY Jets,3400,NYJ,BUF,,,4.34,9.6,-0.9,-0.11,1.3,0.4,4.45,0,0.69,0,0,1,0,0.2,-6.2,0,17.3,28.8,-3,11.5,46,41,0,0,0,0,0,0,0,0,0,0,0,0,0,0,2.61,6.26,0,0,0,0,0,0,0,0,0,72,0.72,0.04,10.5,-600,0,0,100,1,0,40,5.7,0.7,-2600,0,0,90,0.4,0.1,20,D,11/2/2022,0,0,0,0,0,0,0,0,0,0,0,0,0,0,0,0,,0,1.7,0.5113,0.4846,0.0138,0.043,7.15,9.65,5.5,3.57,0.2195,jets,ny jets,n,ny jets3400,82608-12544,D,n,New York Jets,jets,8.25,8,3400,BUF@NYJ,NYJ,BUF,,,,,,DEF,York,NY,ny jets,ny jets3400
osborn5300wrk,59.13,K.J. Osborn,5300,MIN,@WAS,,,6.58,9.1,4,-1.63,1.2,1.2,8.21,0,0.8,0,0,0,0,0.65,1.9,48,23.3,20.3,1,-3,43.5,47,0,0,0,0,0,0,0,0,0,0,0,0,0,0,0,0,0,0,0,0,0,0,0.65,0.41,0.18,74,0.75,0.2,5.9,100,1.18,0.12,66,0,0.33,30,6.4,-2,-700,1.42,0.13,64,0.21,0.25,28,WR,11/2/2022,0,0,0,0,4,2,30,17,12.1,0.4,0,0.364,0,0.133,0.226,0.122,26,17.1,0,0,0,0,0,0,0,0,0,0,osborn,k.j. osborn,k,osborn5300wrk,82608-63855,WR,k,K.J. Osborn,osborn,5.842857361,7,5300,MIN@WAS,MIN,WAS,,,,,,WR/FLEX,ryland,ryland,k.j.,osborn5300wrk
otton4800tec,67.58,Cade Otton,4800,TB,LA,,,5.99,8,3.9,0.22,1.2,1.3,5.77,0,0.85,0,0,1,0,0.25,-3.8,48,22.8,19.8,0.5,-3,42.5,59,0,0,0,0,0,0,0,0,0,0,0,0,0,0,0,0,0,0,0,0,0,0,0.75,0.25,0,80,0.73,0.1,4.8,700,0.96,0.08,60,0.4,0.4,50,3.6,-0.4,-1200,0.98,0.08,38,0.15,0.38,13,TE,11/2/2022,0,0,0,0,3,2,25,12,9.9,0,0,0,0,0.09,0,0.089,17.2,4.8,0,0,0,0,0,0,0,0,0,0,otton,cade otton,c,otton4800tec,82608-86811,TE,c,Cade Otton,otton,4.46666654,6,4800,LAR@TB,TB,LAR,,,,,,TE/FLEX,ryland,ryland,cade,otton4800tec
palmer6200wrj,68.68,Joshua Palmer,6200,LAC,@ATL,,,9.95,13.6,6.3,-0.31,1.6,11,10.26,-11,0.52,0,0,1,0,0.65,1.6,43,26.3,23.3,-1.2,-3,49.5,48,0,0,0,0,0,0,0,0,0,0,0,0,0,0,0,0,0,0,0,0,0,0,0.82,0.47,0.24,0,0,0,8.1,700,0.9,0.12,75,0.5,0,40,7.4,-0.6,200,1.48,0.17,69,0.39,0.13,23,WR,11/2/2022,0,0,0,0,4,3,31,16,9.8,0.3,0,0.214,0,0.123,0.125,0.108,19.5,15.8,0,0,0,0,0,0,0,0,0,0,palmer,joshua palmer,j,palmer6200wrj,82608-87418,WR,j,Joshua Palmer,palmer,7.233333588,6,6200,LAC@ATL,LAC,ATL,,,,,,WR/FLEX,ryland,ryland,joshua,palmer6200wrj
patterson7200rbc,63.14,C. Patterson,7200,ATL,LAC,,,8.12,10.6,5.7,-4.05,1.1,0.7,12.17,4,0.92,0,0,1,0,0.06,-0.1,29,23.3,26.3,3.3,3,49.5,52,0,0,0,0,0,0,0,0,0,0,0,0,0,0,0,0,0,15,53,4.7,0.5,0.524,2.06,0.72,0.39,0,0,0,0,400,0,0,0,0,0,40,10.8,-1,600,0.77,0.37,38,0.14,0.28,21,RB,11/2/2022,0.5,0.468,0.515,11,2,1,18,11,10.1,0,0,0.212,0.606,0,0,0,,0,0,0,0,0,0,0,0,0,0,0,patterson,c. patterson,c,patterson7200rbc,82608-30733,RB,c,Cordarrelle Patterson,patterson,14.19999981,4,7200,LAC@ATL,ATL,LAC,,,,,,RB/FLEX,ryland,ryland,cordarrelle,patterson7200rbc
perine6000rbs,53.72,Samaje Perine,6000,CIN,CAR,,,4.03,5.5,2.6,-5.14,0.7,0.3,9.17,1,0.84,0,0,3,0,0.31,-1.6,18,25,17.5,-0.5,-7.5,42.5,43,0,0,0,0,0,0,0,0,0,0,0,0,0,0,0,0,0,6,11,4.4,0,0.512,0.41,0.06,0,70,0.5,0,3.8,800,0.84,0.24,25,0,0.75,40,4.2,-2.4,0,0.81,0.23,36,0.08,0.4,25,RB,11/2/2022,0,0.124,0.265,2,2,2,14,8,6.6,0.1,0,0,0.5,0,0,0,,0,0,0,0,0,0,0,0,0,0,0,perine,samaje perine,s,perine6000rbs,82608-52451,RB,s,Samaje Perine,perine,4.375,8,6000,CAR@CIN,CIN,CAR,,,,,,RB/FLEX,ryland,ryland,samaje,perine6000rbs
pettis5300wrd,32.03,Dante Pettis,5300,CHI,MIA,,,2.5,3.8,1.2,-5.71,0.5,0.3,8.21,-8,0.58,0,0,0,0,0.09,-1.7,32,20.5,25,1,4.5,45.5,41,0,0,0,0,0,0,0,0,0,0,0,0,0,0,0,0,0,0,0,0,0,0,0.17,0.06,0.06,60,0.54,0,7.9,400,1.98,0.23,75,0.25,0,40,8.3,0.1,-700,3.31,0.26,25,0.1,0.05,20,WR,11/2/2022,0,0,0,0,2,1,19,13,15.5,0.3,0,0,0,0.123,0.286,0.129,18.3,14.5,0,0,0,0,0,0,0,0,0,0,pettis,dante pettis,d,pettis5300wrd,82608-56698,WR,d,Dante Pettis,pettis,5.057143075,7,5300,MIA@CHI,CHI,MIA,,,,,,WR/FLEX,ryland,ryland,dante,pettis5300wrd
pierce5500wra,57.5,Alec Pierce,5500,IND,@NE,,,6.76,9.9,3.6,-1.91,1.2,0.8,8.67,12,0.96,0,0,1,0,0.65,-2.3,43,17.3,22.8,-3.2,5.5,40,47,0,0,0,0,0,0,0,0,0,0,0,0,0,0,0,0,0,0,0,0,0,0,0.5,0.25,0.13,70,0.76,0,8.5,-400,1.37,0.18,100,0.33,0,30,8.1,0.6,-500,1.48,0.19,53,0.38,0.15,13,WR,11/2/2022,0,0,0,0,5,3,53,27,15.5,0.1,0,0,0,0.137,0.111,0.185,46.3,28.6,0,0,0,0,0,0,0,0,0,0,pierce,alec pierce,a,pierce5500wra,82608-86312,WR,a,Alec Pierce,pierce,7.899999891,7,5500,IND@NE,IND,NE,,,,,,WR/FLEX,ryland,ryland,alec,pierce5500wra
pittman6400wrm,69.05,M. Pittman Jr.,6400,IND,@NE,,,10.54,14.3,6.8,-0.18,1.6,7.5,10.72,8,0.93,0,0,4,0,0.95,-2.3,61,17.3,22.8,-3.2,5.5,40,47,0,0,0,0,0,0,0,0,0,0,0,0,0,0,0,0,0,0,0,0,0,0,0.94,0.38,0.31,70,0.76,0,11.8,-300,1.13,0.17,33,0.33,0.66,30,9.6,-1.4,400,1.1,0.16,42,0.23,0.42,21,WR,11/2/2022,0,0,0,0,8,5,63,18,10.7,0.1,0,0.143,0,0.262,0.105,0.282,37.4,27.4,0,0,0,0,0,0,0,0,0,0,pittman,m. pittman jr.,m,pittman6400wrm,82608-69213,WR,m,Michael Pittman Jr.,pittman,11.75714329,7,6400,IND@NE,IND,NE,,,,,,WR/FLEX,ryland,ryland,michael,pittman6400wrm
pitts6300tek,59.89,Kyle Pitts,6300,ATL,LAC,,,8.18,11.2,5.2,-1.09,1.3,12.9,9.27,2,0.92,0,0,5,0,0.16,-1.8,43,23.3,26.3,3.3,3,49.5,52,0,0,0,0,0,0,0,0,0,0,0,0,0,0,0,0,0,0,0,0,0,0,0.72,0.39,0.22,0,0,0,9.4,700,1.66,0.24,50,0.25,0.25,40,6.7,-1.8,300,1.15,0.16,47,0.19,0.42,21,TE,11/2/2022,0,0,0,0,5,3,47,24,14.3,0.1,0,0.154,0,0.228,0.125,0.231,28.6,28.1,0,0,0,0,0,0,0,0,0,0,pitts,kyle pitts,k,pitts6300tek,82608-86080,TE,k,Kyle Pitts,pitts,6.899999891,7,6300,LAC@ATL,ATL,LAC,,,,,,TE/FLEX,ryland,ryland,kyle,pitts6300tek
raymond5400wrk,68.65,Kalif Raymond,5400,DET,GB,,,8.48,12,5,0.04,1.6,4,8.44,1,0.82,0,0,1,0,0.58,-2.8,37,23,26.5,1,3.5,49.5,50,0,0,0,0,0,0,0,0,0,0,0,0,0,0,0,0,0,0,0,0,0,0,0.31,0.25,0,0,0,0,9.4,300,1.48,0.17,100,0.33,0,30,6.4,-0.3,-600,1.58,0.17,45,0.15,0.25,20,WR,11/2/2022,0,0,0,0,3,2,32,17,12.4,0.1,0,0.2,0,0.117,0.08,0.137,20.4,17.8,0,0,0,0,0,0,0,0,0,0,raymond,kalif raymond,k,raymond5400wrk,82608-70422,WR,k,Kalif Raymond,raymond,4.657142639,7,5400,GB@DET,DET,GB,,,,,,WR/FLEX,ryland,ryland,kalif,raymond5400wrk
renfrow5400wrh,61.84,Hunter Renfrow,5400,LV,@JAX,,,7.09,9.7,4.5,-1.35,1.3,2.1,8.44,-3,0.7,0,0,1,0,0.69,-0.6,46,25,22.5,0,-2.5,47.5,62,0,0,0,0,0,0,0,0,0,0,0,0,0,0,0,0,0,0,0,0,0,0,1.33,0.67,0.17,76,0.88,0.12,4.2,-100,1.4,0.11,66,0,0.33,30,10.4,0,-600,1.59,0.23,71,0.28,0.09,21,WR,11/2/2022,0,0,0,0,6,5,50,17,9.7,0.4,0,0.292,0,0.198,0.389,0.215,31.5,14.9,0,0,0,0,0,0,0,0,0,0,renfrow,hunter renfrow,h,renfrow5400wrh,82608-57986,WR,h,Hunter Renfrow,renfrow,4.720000076,5,5400,LV@JAC,LV,JAC,,,,,,WR/FLEX,ryland,ryland,hunter,renfrow5400wrh
reynolds4900rbc,51.65,Craig Reynolds,4900,DET,GB,,,2.2,3,1.4,-4.23,0.4,0.1,6.43,3,0.9,0,0,1,0,0.41,-0.6,20,23,26.5,1,3.5,49.5,50,0,0,0,0,0,0,0,0,0,0,0,0,0,0,0,0,0,13,30,4.3,0,0.423,0.38,0.19,0.13,0,0,0,5.3,-600,0.84,0.29,66,0.33,0.33,30,50,-0.9,-1100,0.57,0.25,45,0.15,0.25,20,RB,11/2/2022,0,0.25,0.309,7,1,1,15,10,10.5,0,0,0,0.5,0,0,0,,0,0,0,0,0,0,0,0,0,0,0,reynolds,craig reynolds,c,reynolds4900rbc,82608-104424,RB,c,Craig Reynolds,reynolds,4.383333206,6,4900,GB@DET,DET,GB,,,,,,RB/FLEX,ryland,ryland,craig,reynolds4900rbc
rivers5300rbr,52.48,Ronnie Rivers,5300,LA,@TB,,,2.94,4,1.9,-4.49,0.6,0.2,7.43,0,0.81,0,0,0,0,0.84,-1.8,12,19.8,22.8,-1,3,42.5,41,0,0,0,0,0,0,0,0,0,0,0,0,0,0,0,0,0,2,10,2.3,0,0.444,0.29,0,0,80,0.73,0.1,3.8,800,0.54,0.31,66,0,0,30,3.8,-0.4,-700,0.54,0.31,22,0,0,90,RB,11/2/2022,0,0.126,0.195,4,2,2,14,10,5.8,0,0,0,1,0,0,0,,0,0,0,0,0,0,0,0,0,0,0,rivers,ronnie rivers,r,rivers5300rbr,82608-91971,RB,r,Ronnie Rivers,rivers,3.75,2,5300,LAR@TB,LAR,TB,,,,,,RB/FLEX,ryland,ryland,ronnie,rivers5300rbr
robinson5900rbb,67.41,Brian Robinson,5900,WAS,MIN,,,7.47,9.7,5.2,-1.46,1.3,0.6,8.93,6,0.95,0,0,1,0,0.84,-3.7,23,20.3,23.3,-2,3,43.5,53,0,0,0,0,0,0,0,0,0,0,0,0,0,0,0,0,0,13,43,3.2,0.3,0.426,1.13,0.5,0.25,74,0.75,0.2,6.5,400,0.46,0.28,50,0.25,0.5,40,6.7,-0.8,-100,0.48,0.29,27,0.09,0.27,11,RB,11/2/2022,0.5,0.404,0.373,13,0,0,3,1,6.5,0,0,0.111,0.444,0,0,0,,0,0,0,0,0,0,0,0,0,0,0,robinson,brian robinson,b,robinson5900rbb,82608-90562,RB,b,Brian Robinson Jr.,robinson,6.449999809,4,5900,MIN@WAS,WAS,MIN,,,,,,RB/FLEX,ryland,ryland,brian,robinson5900rbb
robinson6000rbj,52.72,James Robinson,6000,NYJ,BUF,,,4.7,6.3,3.1,-4.47,0.8,1,9.17,-4,0.64,0,0,1,0,0.41,-3.7,30,17.3,28.8,-3,11.5,46,41,0,0,0,0,0,0,0,0,0,0,0,0,0,0,0,0,0,15,42,4,0.4,0.401,1.53,0.84,0.58,72,0.72,0.04,3.6,-2000,0.45,0.18,20,0,0.6,50,90,-1.8,0,0.68,0.3,40,0.22,0.31,22,RB,11/2/2022,0.429,0.379,0.477,10,2,1,9,5,6.1,0.1,0,0.148,0.407,0,0,0,,0,0,0,0,0,0,0,0,0,0,0,robinson,james robinson,j,robinson6000rbj,82608-130288,RB,j,James Robinson,robinson,8.600000381,8,6000,BUF@NYJ,NYJ,BUF,Q,Knee,,,,RB/FLEX,ryland,ryland,james,robinson6000rbj
robinson7000wra,47.9,Allen Robinson II,7000,LA,@TB,,,8.4,11.5,5.3,-3.69,1.2,1.6,12.09,5,0.9,0,0,0,0,0.04,-1,54,19.8,22.8,-1,3,42.5,41,0,0,0,0,0,0,0,0,0,0,0,0,0,0,0,0,0,0,0,0,0,0,0.75,0.63,0.44,80,0.73,0.1,8.5,1300,1.41,0.16,66,0.33,0.33,30,6.9,-1.3,1000,1.3,0.13,38,0.14,0.23,21,WR,11/2/2022,0,0,0,0,5,3,33,17,10.7,0.2,0,0.167,0,0.147,0.167,0.131,26.6,20.6,0,0,0,0,0,0,0,0,0,0,robinson,allen robinson ii,a,robinson7000wra,82608-28643,WR,a,Allen Robinson II,robinson,6.485714504,7,7000,LAR@TB,LAR,TB,,,,,,WR/FLEX,ryland,ryland,allen,robinson7000wra
rodgers4900wra,37.55,Amari Rodgers,4900,GB,@DET,,,2.26,3.5,1.1,-5.04,0.5,0.2,7.3,-8,0.58,0,0,0,0,0.09,1.7,11,26.5,23,-0.5,-3.5,49.5,50,0,0,0,0,0,0,0,0,0,0,0,0,0,0,0,0,0,0,0,0,0,0,0.06,0,0,0,0,0,1.7,300,0.95,0.1,50,0,0.25,40,3.7,-0.5,-1100,4.03,0.33,19,0,0.14,21,WR,11/2/2022,0,0,0,0,0,0,5,4,11,0,0,0,0,0.026,0,0.019,9.5,2.8,0,0,0,0,0,0,0,0,0,0,rodgers,amari rodgers,a,rodgers4900wra,82608-89970,WR,a,Amari Rodgers,rodgers,0.625,8,4900,GB@DET,GB,DET,,,,,,WR/FLEX,ryland,ryland,amari,rodgers4900wra
rodgers7000qba,70.42,Aaron Rodgers,7000,GB,@DET,,,18.3,29.4,7.2,-0.5,2.6,13.7,18.8,-3,0.45,0,0,1,0,0.72,3.1,62,26.5,23,-0.5,-3.5,49.5,50,23,34,251,68,7.4,7.45,2.1,39,110.9,268.1,11.2,37.5,10.2,6.2,0.9,5.3,1,3,4,3,0.1,0.4,5.94,2.41,1.18,0,0,0,15.2,-300,0.39,0.24,100,0.25,0,40,17.8,-1.9,1000,0.47,0.29,72,0.27,0.09,22,QB,11/2/2022,0,0,0,0,0,0,0,0,0,0,0,0,0,0,0,0,,0,0,0,0,0,0,0,0,0,0,0,rodgers,aaron rodgers,a,rodgers7000qba,82608-6894,QB,a,Aaron Rodgers,rodgers,14.5,8,7000,GB@DET,GB,DET,,,,,,QB,ryland,ryland,aaron,rodgers7000qba
rogers4400tea,49.84,Armani Rogers,4400,WAS,MIN,,,2.18,3.2,1.1,-2.66,0.5,0.1,4.84,-4,0.63,0,0,1,0,0.1,2.2,14,20.3,23.3,-2,3,43.5,53,0,0,0,0,0,0,0,0,0,0,0,0,0,0,0,0,0,0,0,0,0,0,0,0,0,74,0.75,0.2,3.1,400,2.44,0.15,50,0,0,40,2.5,0,-1600,3.27,0.18,18,0,0.36,11,TE,11/2/2022,0,0,0,0,0,0,8,6,12.8,0,0,0,0,0.021,0,0.033,2.3,0.5,0,0,0,0,0,0,0,0,0,0,rogers,armani rogers,a,rogers4400tea,82608-72863,TE,a,Armani Rogers,rogers,2.96666654,3,4400,MIN@WAS,WAS,MIN,,,,,,TE/FLEX,ryland,ryland,armani,rogers4400tea
samuel5600wrc,77.71,Curtis Samuel,5600,WAS,MIN,,,9.83,13.4,6.3,0.93,1.8,8.7,8.9,-1,0.76,0,0,2,0,0.91,0.2,45,20.3,23.3,-2,3,43.5,53,0,0,0,0,0,0,0,0,0,0,0,0,0,0,0,0,0,0,0,0,0,0,0.61,0.33,0.11,74,0.75,0.2,6.4,-200,0.76,0.12,60,0.2,0.4,50,7.4,-0.2,-400,0.95,0.17,29,0.14,0.25,27,WR,11/2/2022,0,0,0,0,6,4,36,14,90,0.2,0,0.25,0,0.171,0.118,0.155,18.1,13,0,0,0,0,0,0,0,0,0,0,samuel,curtis samuel,c,samuel5600wrc,82608-52613,WR,c,Curtis Samuel,samuel,10.07499981,8,5600,MIN@WAS,WAS,MIN,,,,,,WR/FLEX,ryland,ryland,curtis,samuel5600wrc
seattle4100,38.44,Seattle,4100,SEA,@ARI,,,5.86,12.1,-0.4,-0.84,1.4,0.8,6.7,1,0.75,0,0,1,0,0.1,-0.9,0,23.5,25.5,2.2,2,49,79,0,0,0,0,0,0,0,0,0,0,0,0,0,0,1.65,6.94,0,0,0,0,0,0,0,0,0,0,0,0,8.5,1000,0,0,100,0.75,0,40,60,1.3,-1900,0,0,86,0.63,0.09,22,D,11/2/2022,0,0,0,0,0,0,0,0,0,0,0,0,0,0,0,0,,0,20,0.5157,0.4832,0.0091,0.0405,7.45,10.88,6.47,4.4,0.1838,seattle,seattle,s,seattle4100,82608-12550,D,s,Seattle Seahawks,seahawks,8.5,8,4100,SEA@ARI,SEA,ARI,,,,,,DEF,Seahawks,Seahawks,seattle,seattle4100
shakir5200wrk,38.61,Khalil Shakir,5200,BUF,@NYJ,,,2.99,4.4,1.6,-4.99,0.6,0.3,7.98,-4,0.67,0,0,1,0,0.14,-1.4,22,28.8,17.3,1.5,-11.5,46,59,0,0,0,0,0,0,0,0,0,0,0,0,0,0,0,0,0,0,0,0,0,0,0,0,0,72,0.72,0.04,8.5,200,2.82,0.37,33,0.33,0.33,30,7.9,0.1,-800,3.02,0.36,26,0.06,0.06,15,WR,11/2/2022,0,0,0,0,2,1,22,11,18.7,0.2,0,0,0,0.076,0.071,0.074,10.4,7.3,0,0,0,0,0,0,0,0,0,0,shakir,khalil shakir,k,shakir5200wrk,82608-86518,WR,k,Khalil Shakir,shakir,4.040000153,5,5200,BUF@NYJ,BUF,NYJ,,,,,,WR/FLEX,ryland,ryland,khalil,shakir5200wrk
shenault5100wrl,46.98,L. Shenault Jr.,5100,CAR,@CIN,,,4.16,6,2.3,-3.6,0.8,0.5,7.76,0,0.8,0,0,0,0,0.09,-2.6,30,17.5,25,-1,7.5,42.5,57,0,0,0,0,0,0,0,0,0,0,0,0,0,0,0,0,0,0,0,0,0,0,0.42,0.11,0.05,70,0.5,0,3.2,500,0.91,0.27,50,0,0,40,5.4,-1.6,-900,0.98,0.18,50,0.04,0.09,22,WR,11/2/2022,0,0,0,0,4,3,32,16,9.9,0.1,0,0,0,0.159,0.111,0.166,4.9,8.1,0,0,0,0,0,0,0,0,0,0,shenault,l. shenault jr.,l,shenault5100wrl,82608-87859,WR,l,Laviska Shenault Jr.,shenault,5.599999905,4,5100,CAR@CIN,CAR,CIN,,,,,,WR/FLEX,ryland,ryland,laviska,shenault5100wrl
sherfield5100wrt,48.84,Trent Sherfield,5100,MIA,@CHI,,,4.28,6.2,2.3,-3.48,0.8,0.6,7.76,0,0.8,0,0,1,0,0.09,-3.8,24,25,20.5,2.5,-4.5,45.5,59,0,0,0,0,0,0,0,0,0,0,0,0,0,0,0,0,0,0,0,0,0,0,0.44,0.17,0.11,60,0.54,0,2.9,100,0.96,0.07,50,0,0.5,40,2.9,-1.4,-900,1.56,0.12,32,0.08,0.32,25,WR,11/2/2022,0,0,0,0,1,1,11,7,10.2,0,0,0,0,0.058,0,0.04,14.2,5.9,0,0,0,0,0,0,0,0,0,0,sherfield,trent sherfield,t,sherfield5100wrt,82608-56059,WR,t,Trent Sherfield,sherfield,2.900000095,8,5100,MIA@CHI,MIA,CHI,,,,,,WR/FLEX,ryland,ryland,trent,sherfield5100wrt
sims4700wrc,54.27,Cam Sims,4700,WAS,MIN,,,4.49,6.7,2.3,-2.35,1,0.2,6.84,15,0.97,0,0,0,0,0.14,0.2,26,20.3,23.3,-2,3,43.5,53,0,0,0,0,0,0,0,0,0,0,0,0,0,0,0,0,0,0,0,0,0,0,0.33,0.11,0.06,74,0.75,0.2,1.7,200,0.83,0.04,50,0,0.25,40,4.2,-1.8,-1300,2.48,0.16,28,0.08,0.2,25,WR,11/2/2022,0,0,0,0,1,0,12,8,12.8,0.1,0,0.167,0,0.053,0.087,0.054,13.5,9.5,0,0,0,0,0,0,0,0,0,0,sims,cam sims,c,sims4700wrc,82608-54472,WR,c,Cam Sims,sims,1.099999984,6,4700,MIN@WAS,WAS,MIN,,,,,,WR/FLEX,ryland,ryland,cam,sims4700wrc
singletary6000rbd,87.95,Devin Singletary,6000,BUF,@NYJ,,,10.96,14.2,7.7,1.79,1.8,13.2,9.17,-6,0.57,0,0,5,0,0.9,-1.4,47,28.8,17.3,1.5,-11.5,46,59,0,0,0,0,0,0,0,0,0,0,0,0,0,0,0,0,0,17,50,4.4,0.4,0.5,2.94,1.59,0.88,72,0.72,0.04,8.9,0,0.58,0.2,100,0.33,0,30,9.3,0.3,0,0.62,0.2,66,0.26,0.26,30,RB,11/2/2022,0.375,0.391,0.699,11,3,2,21,9,7.6,0.1,0,0.15,0.425,0,0,0,,0,0,0,0,0,0,0,0,0,0,0,singletary,devin singletary,d,singletary6000rbd,82608-70603,RB,d,Devin Singletary,singletary,9.442856925,7,6000,BUF@NYJ,BUF,NYJ,,,,,,RB/FLEX,ryland,ryland,devin,singletary6000rbd
skowronek5400wrb,41.44,Ben Skowronek,5400,LA,@TB,,,3.84,5.5,2.2,-4.6,0.7,0.1,8.44,15,0.97,0,0,0,0,0.02,-1,33,19.8,22.8,-1,3,42.5,41,0,0,0,0,0,0,0,0,0,0,0,0,0,0,0,0,0,0,0,0,0,0,0.24,0.12,0,80,0.73,0.1,7.6,100,1.52,0.17,66,0.33,0.33,30,50,-1,-600,1.55,0.15,43,0.13,0.08,23,WR,11/2/2022,0,0,0,0,3,2,22,12,10.4,0,0,0,0,0.087,0,0.086,15.2,10.7,0,0,0,0,0,0,0,0,0,0,skowronek,ben skowronek,b,skowronek5400wrb,82608-71105,WR,b,Ben Skowronek,skowronek,6.114285605,7,5400,LAR@TB,LAR,TB,,,,,,WR/FLEX,ryland,ryland,ben,skowronek5400wrb
smith4400tej,71.86,Jonnu Smith,4400,NE,IND,,,3.95,5.4,2.5,-0.89,0.9,0.5,4.84,-1,0.78,0,0,0,0,0.72,-1.2,30,22.8,17.3,2.3,-5.5,40,53,0,0,0,0,0,0,0,0,0,0,0,0,0,0,0,0,0,0,0,0,0,0,0.35,0.06,0,70,0.76,0,3.5,0,1.17,0.11,50,0.25,0.25,40,2.9,-1.3,-1600,1.12,0.1,40,0.09,0.18,22,TE,11/2/2022,0,0,0,0,2,1,15,10,11.3,0,0,0,0,0.078,0,0.072,3.1,5.6,0,0,0,0,0,0,0,0,0,0,smith,jonnu smith,j,smith4400tej,82608-48116,TE,j,Jonnu Smith,smith,3.299999873,6,4400,IND@NE,NE,IND,,,,,,TE/FLEX,ryland,ryland,jonnu,smith4400tej
smith5000wrs,35.54,Shi Smith,5000,CAR,@CIN,,,2.5,3.8,1.2,-5.03,0.5,0.6,7.53,-16,0.43,0,0,0,0,0.09,-2.6,27,17.5,25,-1,7.5,42.5,57,0,0,0,0,0,0,0,0,0,0,0,0,0,0,0,0,0,0,0,0,0,0,0.18,0.06,0,70,0.5,0,8.9,200,4.45,0.28,25,0.25,0,40,4.6,-0.7,-1000,1.96,0.17,23,0.09,0.19,21,WR,11/2/2022,0,0,0,0,2,1,17,12,17.4,0,0,0,0,0.079,0,0.087,13.6,11.1,0,0,0,0,0,0,0,0,0,0,smith,shi smith,s,smith5000wrs,82608-91677,WR,s,Shi Smith,smith,1.8125,8,5000,CAR@CIN,CAR,CIN,,,,,,WR/FLEX,ryland,ryland,shi,smith5000wrs
smith7500qbg,63.29,Geno Smith,7500,SEA,@ARI,,,18.78,27.5,10.1,-1,2.5,7.1,19.78,-3,0.45,0,0,1,0,0.39,1.1,62,23.5,25.5,2.2,2,49,79,22,31,240,72,7.7,7.04,1.6,36,154.1,294.5,4,13.3,5.2,5.2,1.3,7.2,4,12,19,4.5,0.1,0.457,2.5,0.78,0.11,0,0,0,17.5,600,0.47,0.28,100,0.75,0,40,15.8,0,1500,0.42,0.26,47,0.31,0.05,19,QB,11/2/2022,0,0,0,0,0,0,0,0,0,0,0,0,0,0,0,0,,0,0,0,0,0,0,0,0,0,0,0,smith,geno smith,g,smith7500qbg,82608-26483,QB,g,Geno Smith,smith,18.21999931,8,7500,SEA@ARI,SEA,ARI,,,,,,QB,ryland,ryland,geno,smith7500qbg
stafford6700qbm,60.14,Matthew Stafford,6700,LA,@TB,,,15.76,25.7,5.8,-2.45,2.4,1.3,18.21,0,0.75,0,0,1,0,0.72,-4.9,63,19.8,22.8,-1,3,42.5,41,24,36,260,67,7.1,5.44,1.6,38,133.3,272.3,9.6,51.9,14.3,4.4,3.6,7.5,1,1,1,1.1,0.1,0.409,7.24,3.71,1.71,80,0.73,0.1,13.8,-700,0.35,0.22,100,0,0,30,17.3,-2.4,700,0.42,0.27,82,0.39,0.04,23,QB,11/2/2022,0,0,0,0,0,0,0,0,0,0,0,0,0,0,0,0,,0,0,0,0,0,0,0,0,0,0,0,stafford,matthew stafford,m,stafford6700qbm,82608-6654,QB,m,Matthew Stafford,stafford,13.01714325,7,6700,LAR@TB,LAR,TB,,,,,,QB,ryland,ryland,matthew,stafford6700qbm
stevenson8000rbr,81.71,R. Stevenson,8000,NE,IND,,,13.89,18,9.8,-0.27,1.7,16.8,14.16,-3,0.72,0,0,8,0,0.01,-1.1,33,22.8,17.3,2.3,-5.5,40,53,0,0,0,0,0,0,0,0,0,0,0,0,0,0,0,0,0,18,68,4.9,0.5,0.523,2.47,1.18,0.82,70,0.76,0,19.8,2000,0.84,0.4,100,0.5,0,40,10.8,20,2000,0.64,0.33,75,0.29,0.16,24,RB,11/2/2022,0.4,0.501,0.547,13,3,2,17,9,70,0,0,0.194,0.444,0,0,0,,0,0,0,0,0,0,0,0,0,0,0,stevenson,r. stevenson,r,stevenson8000rbr,82608-111540,RB,r,Rhamondre Stevenson,stevenson,14.6875,8,8000,IND@NE,NE,IND,,,,,,RB/FLEX,ryland,ryland,rhamondre,stevenson8000rbr
swift7500rbd,73.15,D'Andre Swift,7500,DET,GB,,,10.93,14.1,7.7,-1.99,1.5,2,12.92,7,0.96,0,0,4,0,0.12,-0.6,35,23,26.5,1,3.5,49.5,50,0,0,0,0,0,0,0,0,0,0,0,0,0,0,0,0,0,27,62,6.1,0.3,0.398,0.63,0.31,0.06,0,0,0,11.8,-800,1.18,0.36,33,0,0,30,12.6,-0.2,1500,0.86,0.36,40,0.1,0.15,20,RB,11/2/2022,0.231,0.453,0.576,10,4,3,15,10,50,0.2,0,0.333,0.5,0,0,0,,0,0,0,0,0,0,0,0,0,0,0,swift,d'andre swift,d,swift7500rbd,82608-91598,RB,d,D'Andre Swift,swift,14.64999962,4,7500,GB@DET,DET,GB,Q,Ankle,,,,RB/FLEX,ryland,ryland,d'andre,swift7500rbd
tagovailoa8000qbt,57.64,Tua Tagovailoa,8000,MIA,@CHI,,,18.96,29.1,8.8,-1.8,2.4,5.8,20.76,0,0.75,0,0,1,0,0.61,-5.9,59,25,20.5,2.5,-4.5,45.5,59,20,29,235,69,7.9,7.44,1.5,42,137.8,253.8,8.2,46.3,18.5,5.2,2.1,4.9,2,5,7,2.5,0.1,0.325,4.18,1.82,0.82,60,0.54,0,22.6,1000,0.55,0.35,50,0.25,0,40,15.2,-1.4,2000,0.45,0.26,69,0.3,0.13,23,QB,11/2/2022,0,0,0,0,0,0,0,0,0,0,0,0,0,0,0,0,,0,0,0,0,0,0,0,0,0,0,0,tagovailoa,tua tagovailoa,t,tagovailoa8000qbt,82608-90572,QB,t,Tua Tagovailoa,tagovailoa,19.27000046,6,8000,MIA@CHI,MIA,CHI,,,,,,QB,ryland,ryland,tua,tagovailoa8000qbt
tampa bay4700,58.37,Tampa Bay,4700,TB,LA,,,8.08,16.8,-0.6,-0.55,1.7,8.1,8.63,4,0.87,0,0,3,0,0.06,6.3,0,22.8,19.8,0.5,-3,42.5,59,0,0,0,0,0,0,0,0,0,0,0,0,0,0,2.07,8.77,0,0,0,0,0,0,0,0,0,80,0.73,0.1,4,-100,0,0,60,0,0.4,50,8.5,10,-1300,0,0,80,0.48,0.2,25,D,11/2/2022,0,0,0,0,0,0,0,0,0,0,0,0,0,0,0,0,,0,3.2,0.4514,0.4684,0.0124,0.0342,6.22,9.75,4.86,30,0.2115,bay,tampa bay,t,tampa bay4700,82608-12551,D,t,Tampa Bay Buccaneers,buccaneers,7.625,8,4700,LAR@TB,TB,LAR,,,,,,DEF,Bay,Bay,tampa bay,tampa bay4700
thielen6200wra,66.29,Adam Thielen,6200,MIN,@WAS,,,9.64,13.1,6.2,-0.62,1.6,9,10.26,-7,0.6,0,0,2,0,0.75,1.9,54,23.3,20.3,1,-3,43.5,47,0,0,0,0,0,0,0,0,0,0,0,0,0,0,0,0,0,0,0,0,0,0,0.94,0.53,0.29,74,0.75,0.2,9.3,-100,1.27,0.15,100,0.33,0,30,8.9,-1.3,200,1.35,0.17,59,0.18,0.14,27,WR,11/2/2022,0,0,0,0,6,4,46,17,10.3,0.5,0,0.375,0,0.191,0.261,0.173,35.2,25.5,0,0,0,0,0,0,0,0,0,0,thielen,adam thielen,a,thielen6200wra,82608-39716,WR,a,Adam Thielen,thielen,9.514285496,7,6200,MIN@WAS,MIN,WAS,,,,,,WR/FLEX,ryland,ryland,adam,thielen6200wra
thomas4300tei,65.33,Ian Thomas,4300,CAR,@CIN,,,2.72,4,1.4,-1.88,0.6,0.1,4.6,-1,0.78,0,0,1,0,0.25,-2.3,36,17.5,25,-1,7.5,42.5,57,0,0,0,0,0,0,0,0,0,0,0,0,0,0,0,0,0,0,0,0,0,0,0.06,0,0,70,0.5,0,1.6,-100,1.08,0.05,50,0,0.5,40,2.1,-1.4,-1700,1.15,0.06,35,0.05,0.25,20,TE,11/2/2022,0,0,0,0,1,1,10,8,9.4,0,0,1,0,0.059,0,0.053,2.6,3,0,0,0,0,0,0,0,0,0,0,thomas,ian thomas,i,thomas4300tei,82608-72515,TE,i,Ian Thomas,thomas,2.25,8,4300,CAR@CIN,CAR,CIN,,,,,,TE/FLEX,ryland,ryland,ian,thomas4300tei
thomas5000tel,67.84,Logan Thomas,5000,WAS,MIN,,,4.16,5.8,2.5,-2.08,0.8,0.9,6.24,-4,0.63,0,0,3,0,0.04,2.2,50,20.3,23.3,-2,3,43.5,53,0,0,0,0,0,0,0,0,0,0,0,0,0,0,0,0,0,0,0,0,0,0,0.28,0.17,0.11,74,0.75,0.2,0,-200,0,0,0,0,0,40,7.3,0,-1000,1.65,0.15,23,0.11,0.03,26,TE,11/2/2022,0,0,0,0,4,2,26,15,9.7,0.3,0,0.4,0,0.118,0.167,0.107,20.5,15.3,0,0,0,0,0,0,0,0,0,0,thomas,logan thomas,l,thomas5000tel,82608-26355,TE,l,Logan Thomas,thomas,5.775000095,4,5000,MIN@WAS,WAS,MIN,,,,,,TE/FLEX,ryland,ryland,logan,thomas5000tel
thomas5100wrm,36.13,Mike Thomas,5100,CIN,CAR,,,2.63,4,1.3,-5.13,0.5,0.2,7.76,-2,0.73,0,0,0,0,0.58,-2.9,13,25,17.5,-0.5,-7.5,42.5,43,0,0,0,0,0,0,0,0,0,0,0,0,0,0,0,0,0,0,0,0,0,0,0.18,0.06,0,70,0.5,0,3.8,400,3.8,0.18,25,0,0,40,2.7,0,-900,3.77,0.21,16,0,0.04,25,WR,11/2/2022,0,0,0,0,0,0,4,4,20.3,0,0,0,0,0.022,0,0.016,6,3.5,0,0,0,0,0,0,0,0,0,0,thomas,mike thomas,m,thomas5100wrm,82608-55694,WR,m,Mike Thomas,thomas,2.26666673,3,5100,CAR@CIN,CIN,CAR,,,,,,WR/FLEX,ryland,ryland,mike,thomas5100wrm
thornton5600wrt,49.88,Tyquan Thornton,5600,NE,IND,,,5.89,8.2,3.5,-3.01,1.1,1.2,8.9,-5,0.65,0,0,1,0,0.01,-2.7,42,22.8,17.3,2.3,-5.5,40,53,0,0,0,0,0,0,0,0,0,0,0,0,0,0,0,0,0,0,0,0,0,0,0.5,0.38,0.38,70,0.76,0,6.3,1100,1.4,0.15,50,0.25,0.5,40,5.8,-0.1,-400,1.29,0.14,25,0.08,0.25,12,WR,11/2/2022,0,0,0,0,3,2,19,14,9.5,0.3,0,0.5,0,0.134,0.2,0.085,12.8,20.2,0,0,0,0,0,0,0,0,0,0,thornton,tyquan thornton,t,thornton5600wrt,82608-89220,WR,t,Tyquan Thornton,thornton,6.300000191,4,5600,IND@NE,NE,IND,,,,,,WR/FLEX,ryland,ryland,tyquan,thornton5600wrt
tonyan5000ter,86.93,Robert Tonyan,5000,GB,@DET,,,7.52,10.1,4.9,1.28,1.5,20.6,6.24,-6,0.55,0,0,5,0,0.76,1.4,33,26.5,23,-0.5,-3.5,49.5,50,0,0,0,0,0,0,0,0,0,0,0,0,0,0,0,0,0,0,0,0,0,0,0.29,0,0,0,0,0,7.3,-100,1.12,0.19,100,0.25,0,40,60,-0.1,-1000,1.15,0.18,40,0.13,0,22,TE,11/2/2022,0,0,0,0,5,4,35,15,8.2,0.1,0,0.2,0,0.155,0.077,0.153,16,11.6,0,0,0,0,0,0,0,0,0,0,tonyan,robert tonyan,r,tonyan5000ter,82608-80353,TE,r,Robert Tonyan,tonyan,6.512499809,8,5000,GB@DET,GB,DET,,,,,,TE/FLEX,ryland,ryland,robert,tonyan5000ter
toure4600wrs,44.81,Samori Toure,4600,GB,@DET,,,2.32,3.6,1.1,-4.3,0.5,0.2,6.62,-6,0.62,0,0,1,0,0.24,1.7,16,26.5,23,-0.5,-3.5,49.5,50,0,0,0,0,0,0,0,0,0,0,0,0,0,0,0,0,0,0,0,0,0,0,0,0,0,0,0,0,5.6,100,2.22,0.35,25,0.25,0.25,40,5.6,0.4,-1400,2.23,0.35,27,0.09,0.18,11,WR,11/2/2022,0,0,0,0,2,1,20,20,20.5,0.5,0,0,0,0.081,0.25,0.103,20.5,13.2,0,0,0,0,0,0,0,0,0,0,toure,samori toure,s,toure4600wrs,82608-152631,WR,s,Samori Toure,toure,5.550000191,2,4600,GB@DET,GB,DET,,,,,,WR/FLEX,ryland,ryland,samori,toure4600wrs
tremble4500tet,64.77,Tommy Tremble,4500,CAR,@CIN,,,3.14,4.5,1.8,-1.93,0.7,0.2,5.07,0,0.85,0,0,1,0,0.16,-2.3,32,17.5,25,-1,7.5,42.5,57,0,0,0,0,0,0,0,0,0,0,0,0,0,0,0,0,0,0,0,0,0,0,0.24,0.24,0.12,70,0.5,0,6.1,-100,4.03,0.17,50,0.25,0,40,2.7,-1.3,-1500,1.17,0.08,38,0.04,0.28,21,TE,11/2/2022,0,0,0,0,2,1,12,8,9.8,0.1,0,0,0,0.071,0.071,0.061,7.9,7.3,0,0,0,0,0,0,0,0,0,0,tremble,tommy tremble,t,tremble4500tet,82608-91101,TE,t,Tommy Tremble,tremble,3.133333206,6,4500,CAR@CIN,CAR,CIN,,,,,,TE/FLEX,ryland,ryland,tommy,tremble4500tet
uzomah4400tec,54.25,C.J. Uzomah,4400,NYJ,BUF,,,2.69,3.9,1.4,-2.15,0.6,0.1,4.84,-2,0.72,0,0,0,0,0.1,-4,44,17.3,28.8,-3,11.5,46,41,0,0,0,0,0,0,0,0,0,0,0,0,0,0,0,0,0,0,0,0,0,0,0.35,0.12,0.06,72,0.72,0.04,2.3,100,1.3,0.06,75,0,0.25,40,4.5,-0.6,-1600,1.37,0.1,43,0.08,0.26,23,TE,11/2/2022,0,0,0,0,3,2,18,10,7.7,0,0,0,0,0.097,0,0.067,7.2,4.7,0,0,0,0,0,0,0,0,0,0,uzomah,c.j. uzomah,c,uzomah4400tec,82608-31207,TE,c,C.J. Uzomah,uzomah,2.020000076,5,4400,BUF@NYJ,NYJ,BUF,,,,,,TE/FLEX,ryland,ryland,c.j.,uzomah4400tec
waddle8200wrj,62.34,Jaylen Waddle,8200,MIA,@CHI,,,13.68,19,8.3,-1.15,1.7,8.9,14.83,11,0.95,0,0,6,0,0.72,-3.8,53,25,20.5,2.5,-4.5,45.5,59,0,0,0,0,0,0,0,0,0,0,0,0,0,0,0,0,0,0,0,0,0,0,0.82,0.59,0.18,60,0.54,0,13.8,500,2.04,0.26,75,0.25,0.25,40,14.9,2.2,2200,1.74,0.28,65,0.39,0.17,23,WR,11/2/2022,0,0,0,0,8,6,83,31,13.6,0.5,0,0.462,0,0.245,0.348,0.311,50.6,27.5,0,0,0,0,0,0,0,0,0,0,waddle,jaylen waddle,j,waddle8200wrj,82608-90573,WR,j,Jaylen Waddle,waddle,15.42500019,8,8200,MIA@CHI,MIA,CHI,,,,,,WR/FLEX,ryland,ryland,jaylen,waddle8200wrj
walker6500qbp,43.7,PJ Walker,6500,CAR,@CIN,,,11.62,20.3,2.9,-6.2,1.8,0.5,17.82,-1,0.63,0,0,0,0,0.61,-8.7,39,17.5,25,-1,7.5,42.5,57,11,18,134,63,7.2,5.62,0.6,27,71.9,164.3,11.5,23.7,3.1,3.3,3.3,7.2,1,3,2,2.9,0,0.429,0.82,0.24,0.18,70,0.5,0,9.4,500,0.43,0.21,50,0.5,0.5,40,6.1,-1.4,500,0.29,0.16,25,0.1,0.25,20,QB,11/2/2022,0,0,0,0,0,0,0,0,0,0,0,0,0,0,0,0,,0,0,0,0,0,0,0,0,0,0,0,walker,pj walker,p,walker6500qbp,82608-41827,QB,p,P.J. Walker,walker,9.364999771,4,6500,CAR@CIN,CAR,CIN,,,,,,QB,ryland,ryland,p.j.,walker6500qbp
walker8300rbk,79.53,K. Walker III,8300,SEA,@ARI,,,13.86,18.3,9.4,-1.05,1.7,11.6,14.91,2,0.84,0,0,5,0,0.01,-1.1,40,23.5,25.5,2.2,2,49,79,0,0,0,0,0,0,0,0,0,0,0,0,0,0,0,0,0,41,86,5.6,1,0.295,2.13,0.5,0.13,0,0,0,18.3,3000,0.98,0.42,75,0.75,0,40,9.9,0.9,2300,0.59,0.25,33,0.25,0.33,12,RB,11/2/2022,0.625,0.515,0.625,15,1,0,1,0,2.3,0,0,0.176,0.294,0,0,0,,0,0,0,0,0,0,0,0,0,0,0,walker,k. walker iii,k,walker8300rbk,82608-103342,RB,k,Kenneth Walker III,walker,11.91428593,7,8300,SEA@ARI,SEA,ARI,,,,,,RB/FLEX,ryland,ryland,kenneth,walker8300rbk
waller6000ted,61.68,Darren Waller,6000,LV,@JAX,,,7.08,9.8,4.4,-1.49,1.2,3.4,8.57,2,0.92,0,0,3,0,0.77,-2.3,44,25,22.5,0,-2.5,47.5,62,0,0,0,0,0,0,0,0,0,0,0,0,0,0,0,0,0,0,0,0,0,0,0.72,0.44,0.11,76,0.88,0.12,0,100,0,0,0,0,0,40,8.8,-0.7,0,1.37,0.2,27,0.18,0.22,22,TE,11/2/2022,0,0,0,0,6,3,46,18,12.2,0.1,0,0.077,0,0.182,0.067,0.176,36.1,22.2,0,0,0,0,0,0,0,0,0,0,waller,darren waller,d,waller6000ted,82608-25011,TE,d,Darren Waller,waller,7.875,4,6000,LV@JAC,LV,JAC,Q,Hamstring,,,,TE/FLEX,ryland,ryland,darren,waller6000ted
washington3700,58.45,Washington,3700,WAS,MIN,,,5.38,12.3,-1.6,-0.03,1.5,2,5.41,-2,0.52,0,0,1,0,0.28,2,0,20.3,23.3,-2,3,43.5,53,0,0,0,0,0,0,0,0,0,0,0,0,0,0,1.66,7.55,0,0,0,0,0,0,0,0,0,74,0.75,0.2,6.3,500,0,0,100,0.75,0,40,5.4,0.4,-2300,0,0,77,0.48,0.14,27,D,11/2/2022,0,0,0,0,0,0,0,0,0,0,0,0,0,0,0,0,,0,1.9,0.4917,0.4633,0.0092,0.0418,7.34,8.82,4.44,4.45,0.1933,washington,washington,w,washington3700,82608-12552,D,w,Washington Commanders,commanders,5.25,8,3700,MIN@WAS,WAS,MIN,,,,,,DEF,Commanders,Commanders,washington,washington3700
watkins5400wrs,57.58,Sammy Watkins,5400,GB,@DET,,,6.6,9.6,3.6,-1.84,1.2,0.3,8.44,22,0.99,0,0,1,0,0.09,1.7,31,26.5,23,-0.5,-3.5,49.5,50,0,0,0,0,0,0,0,0,0,0,0,0,0,0,0,0,0,0,0,0,0,0,0.17,0.06,0,0,0,0,2.7,400,1.08,0.07,25,0,0.25,40,4.8,-1.5,-600,1.99,0.16,21,0.13,0.21,23,WR,11/2/2022,0,0,0,0,2,1,21,12,14,0.1,0,0.333,0,0.071,0.083,0.094,18,11.7,0,0,0,0,0,0,0,0,0,0,watkins,sammy watkins,s,watkins5400wrs,82608-24641,WR,s,Sammy Watkins,watkins,4.875,4,5400,GB@DET,GB,DET,,,,,,WR/FLEX,ryland,ryland,sammy,watkins5400wrs
watson5500wrc,13.47,Christian Watson,5500,GB,@DET,,,2.16,3.3,1,-6.51,0.4,0,8.67,0,0.5,0,0,0,0,0.04,1.7,20,26.5,23,-0.5,-3.5,49.5,50,0,0,0,0,0,0,0,0,0,0,0,0,0,0,0,0,0,0,0,0,0,0,0.63,0,0,0,0,0,1,100,0.67,0.08,0,0,0.5,40,3.5,-2.4,-500,1.15,0.17,16,0,0.33,12,WR,11/2/2022,0,0,0,0,2,1,12,11,80,0,0,0,0,0.075,0,0.055,-0.6,5.5,0,0,0,0,0,0,0,0,0,0,watson,christian watson,c,watson5500wrc,82608-169776,WR,c,Christian Watson,watson,3.659999847,5,5500,GB@DET,GB,DET,Q,Concussion,,,,WR/FLEX,ryland,ryland,christian,watson5500wrc
white5300rbr,65.8,Rachaad White,5300,TB,LA,,,5.72,7.7,3.8,-1.71,1.1,0.4,7.43,4,0.92,0,0,2,0,0.41,-3.5,18,22.8,19.8,0.5,-3,42.5,59,0,0,0,0,0,0,0,0,0,0,0,0,0,0,0,0,0,5,11,3,0.1,0.6,0.88,0.25,0.25,80,0.73,0.1,5,-500,0.62,0.22,100,0,0,50,4.1,-2,-700,0.63,0.23,53,0.07,0.38,13,RB,11/2/2022,0.333,0.182,0.276,3,2,2,16,8,7.5,0,0,0.333,0.667,0,0,0,,0,0,0,0,0,0,0,0,0,0,0,white,rachaad white,r,white5300rbr,82608-137902,RB,r,Rachaad White,white,4.287499905,8,5300,LAR@TB,TB,LAR,,,,,,RB/FLEX,ryland,ryland,rachaad,white5300rbr
williams7500rbj,71.25,Jamaal Williams,7500,DET,GB,,,10.15,13.5,6.8,-2.77,1.4,3.6,12.92,1,0.84,0,0,1,0,0.03,-0.6,25,23,26.5,1,3.5,49.5,50,0,0,0,0,0,0,0,0,0,0,0,0,0,0,0,0,0,15,57,4.1,0.7,0.522,1.75,1.19,0.88,0,0,0,11.2,-800,0.76,0.49,33,0.33,0.66,30,10.4,0.4,1500,0.66,0.42,55,0.25,0.2,20,RB,11/2/2022,0.692,0.467,0.408,14,1,1,8,6,6.1,0,0,0.259,0.481,0,0,0,,0,0,0,0,0,0,0,0,0,0,0,williams,jamaal williams,j,williams7500rbj,82608-45631,RB,j,Jamaal Williams,williams,14.65714264,7,7500,GB@DET,DET,GB,,,,,,RB/FLEX,ryland,ryland,jamaal,williams7500rbj
wilson5700rbj,58.96,Jeff Wilson Jr.,5700,MIA,@CHI,,,3.91,5.1,2.7,-4.52,0.7,0.3,8.43,0,0.81,0,0,5,0,0.25,1.9,29,25,20.5,2.5,-4.5,45.5,59,0,0,0,0,0,0,0,0,0,0,0,0,0,0,0,0,0,13,44,4.5,0.2,0.515,1.67,1,0.61,60,0.54,0,7.5,-800,0.73,0.27,75,0.25,0.25,40,7.9,-0.5,-300,0.7,0.27,50,0.12,0.12,24,RB,11/2/2022,0.211,0.344,0.462,10,1,1,7,5,7.2,0,0,0.125,0.458,0,0,0,,0,0,0,0,0,0,0,0,0,0,0,wilson,jeff wilson jr.,j,wilson5700rbj,82608-55552,RB,j,Jeff Wilson Jr.,wilson,8.612500191,8,5700,MIA@CHI,MIA,CHI,,,,,,RB/FLEX,ryland,ryland,jeff,wilson5700rbj
wilson5800wrg,68.13,Garrett Wilson,5800,NYJ,BUF,,,9.13,12.9,5.4,-0.22,1.6,8.8,9.35,-4,0.67,0,0,2,0,0.68,-4.7,42,17.3,28.8,-3,11.5,46,41,0,0,0,0,0,0,0,0,0,0,0,0,0,0,0,0,0,0,0,0,0,0,1.13,0.88,0.38,72,0.72,0.04,6.1,-200,1.16,0.16,50,0.25,0.5,40,9.4,1.4,-200,1.25,0.22,63,0.27,0.36,11,WR,11/2/2022,0,0,0,0,7,4,53,24,12.6,0.3,0,0.222,0,0.212,0.222,0.218,32.4,19.4,0,0,0,0,0,0,0,0,0,0,wilson,garrett wilson,g,wilson5800wrg,82608-103564,WR,g,Garrett Wilson,wilson,8.962499619,8,5800,BUF@NYJ,NYJ,BUF,,,,,,WR/FLEX,ryland,ryland,garrett,wilson5800wrg
wilson6600qbz,50.73,Zach Wilson,6600,NYJ,BUF,,,12.96,20.9,5,-5.05,2,0.3,18.01,1,0.82,0,0,0,0,0.47,-12.1,59,17.3,28.8,-3,11.5,46,41,15,28,184,54,6.4,4.79,0.7,38,82.5,212.6,11,35.8,7.8,2.5,2.1,9.4,3,11,17,5.6,0.4,0.378,3.29,2.06,1.06,72,0.72,0.04,11.4,-600,0.35,0.2,75,0.25,0.25,40,13,-2.3,600,0.37,0.22,55,0.25,0.1,20,QB,11/2/2022,0,0,0,0,0,0,0,0,0,0,0,0,0,0,0,0,,0,0,0,0,0,0,0,0,0,0,0,wilson,zach wilson,z,wilson6600qbz,82608-90406,QB,z,Zach Wilson,wilson,13.20399933,5,6600,BUF@NYJ,NYJ,BUF,,,,,,QB,ryland,ryland,zach,wilson6600qbz
wright4400teb,63.88,Brock Wright,4400,DET,GB,,,4.24,5.9,2.6,-0.6,1,2.5,4.84,-7,0.52,0,0,1,0,0.1,-1.6,29,23,26.5,1,3.5,49.5,50,0,0,0,0,0,0,0,0,0,0,0,0,0,0,0,0,0,0,0,0,0,0,0.19,0.06,0.06,0,0,0,4.4,200,2.63,0.16,33,0.33,0.33,30,4.3,0.1,-1600,2.78,0.15,40,0.15,0.15,20,TE,11/2/2022,0,0,0,0,1,1,13,9,11.4,0.1,0,0,0,0.048,0.08,0.058,7.4,2.5,0,0,0,0,0,0,0,0,0,0,wright,brock wright,b,wright4400teb,82608-91046,TE,b,Brock Wright,wright,3.933333397,3,4400,GB@DET,DET,GB,Q,Concussion,,,,TE/FLEX,ryland,ryland,brock,wright4400teb
zaccheaus5200wro,58.89,Olamide Zaccheaus,5200,ATL,LAC,,,6.4,9.2,3.6,-1.58,1.2,1.3,7.98,1,0.82,0,0,1,0,0.24,-1.9,36,23.3,26.3,3.3,3,49.5,52,0,0,0,0,0,0,0,0,0,0,0,0,0,0,0,0,0,0,0,0,0,0,0.44,0.17,0.06,0,0,0,6.1,-100,1.73,0.14,75,0.25,0.25,40,6.1,-1.8,-800,1.85,0.17,71,0.09,0.19,21,WR,11/2/2022,0,0,0,0,3,2,33,21,14.7,0.2,0,0.5,0,0.124,0.235,0.168,26.4,16,0,0,0,0,0,0,0,0,0,0,zaccheaus,olamide zaccheaus,o,zaccheaus5200wro,82608-64496,WR,o,Olamide Zaccheaus,zaccheaus,6.324999809,8,5200,LAC@ATL,ATL,LAC,,,,,,WR/FLEX,ryland,ryland,olamide,zaccheaus5200wro
