,rating,name,salary,team,opp,time, ,proj,ceil,floor,proj+-,pts/sal,proj_own,impld_pts,lev_rank,leverage,sr,buzz,pro,my,bargain,opp+-,snaps,pts,opppts,delta,spread,o/u,spread%,comp,att,yards,%,y/a,adj ypa,td,long,CAY,IAY,%rb,%wr,%te,%td,int%,sack%,rush-att,not sure,rush_yards,rush_y/a,rush_td,success,rz_opp,rz_opp10,rz-opp5,temp,humidity,precip%,month_ppg,month_change,month_fpo,month_fps,consistency,upside,duds,count,year_ppg,year+-,year_change,year_fpo,year_fps,year_consistency,year_upside,year_duds,year_count,pos,week,rush_td%,rush_yards%,snaps%,rush_att,rec_trgts,not_sure2,rec_yards,rec_long,rec_yr,rec_td,rec_yt,rz_td_pct,rz_succ%,rec_trgts%,rec_td%,rec_yds%,rec_TAY,rec_TAY%,proj_sacks,pass_succ,rush_succ,takeaway%,td%,ypp,rz_snaps,rz_snaps10,rz_snaps5,TD%,Last Name_master,City Name_master,First Name_master,RylandID_master,Id,Position,First Name,Nickname,Last Name,FPPG,Played,Salary,Game,Team,Opponent,Injury Indicator,Injury Details,Tier,Unnamed: 28,Unnamed: 29,Roster Position,City Name,City Name2,City Name3,RylandID
agnew5100wrj,37.7,Jamal Agnew,5100,JAX,@TEN,1,,2.83,4.1,1.6,-4.93,0.6,0.5,7.76,-2,0.72,0,0,0,0,0.06,-1.2,8,18.8,22.3,0.5,3.5,41,48,0,0,0,0,0,0,0,0,0,0,0,0,0,0,0,0,0,0,0,0,0,0,0.35,0.18,0.12,53,0.85,0.04,5.5,400,1.49,0.55,66,0.33,0.33,30,40,-0.4,-900,1.47,0.5,25,0.1,0.3,20,WR,12/7/2022,0,0,0,0,2,1,11,7,7.9,0.3,0,0.6,0,0.063,0.188,0.05,4.1,5.3,0,0,0,0,0,0,0,0,0,0,agnew,jamal agnew,j,agnew5100wrj,84373-79979,WR,j,Jamal Agnew,agnew,4.259999847,10,5100,JAC@TEN,JAC,TEN,,,,,,WR/FLEX,ryland,ryland,jamal,agnew5100wrj
aiyuk6700wrb,52.21,Brandon Aiyuk,6700,SF,TB,4,,7.92,11.2,4.6,-3.48,1.2,4.2,11.4,4,0.88,0.33,1.6,1,0,0.71,0.6,59,20.5,17,-0.3,-3.5,37.5,59,0,0,0,0,0,0,0,0,0,0,0,0,0,0,0,0,0,0,0,0,0,0,0.94,0.29,0.12,51,0.73,0.62,11.1,300,1.59,0.17,100,0.4,0,50,11.1,0.8,700,1.64,0.19,79,0.33,0.04,24,WR,12/7/2022,0,0,0,0,6,4,61,24,13.5,0.5,0,0.438,0,0.212,0.296,0.237,36.7,31.5,0,0,0,0,0,0,0,0,0,0,aiyuk,brandon aiyuk,b,aiyuk6700wrb,84373-85798,WR,b,Brandon Aiyuk,aiyuk,11.04166667,12,6700,TB@SF,SF,TB,,,,,,WR/FLEX,ryland,ryland,brandon,aiyuk6700wrb
akins4700tej,62.94,Jordan Akins,4700,HOU,@DAL,1,,4.76,6.5,3,-0.78,1,1,5.54,1,0.88,0,0.8,1,0,0.11,-2.3,19,13.3,30.8,-6.7,17.5,44,46,0,0,0,0,0,0,0,0,0,0,0,0,0,0,0,0,0,0,0,0,0,0,0.39,0.11,0.06,0,0,0,5.7,300,1.34,0.18,100,0.6,0,50,50,0.4,-1300,1.91,0.26,43,0.21,0.08,23,TE,12/7/2022,0,0,0,0,2,1,25,16,13,0.1,0,0.143,0,0.081,0.118,0.113,10.1,5.3,0,0,0,0,0,0,0,0,0,0,akins,jordan akins,j,akins4700tej,84373-57338,TE,j,Jordan Akins,akins,5.409999847,10,4700,HOU@DAL,HOU,DAL,,,,,,TE/FLEX,ryland,ryland,jordan,akins4700tej
allen8700qbj,75.7,Josh Allen,8700,BUF,NYJ,1,,23.98,33.7,14.3,1.85,2.8,16,22.13,0,0.74,1,5,1,0,0.94,-7.7,69,26.5,16.5,-0.5,-10,43,36,23,38,270,62,7.1,6.6,2.1,35,166.5,341.6,5.7,28.8,5.1,5.5,2.4,4.8,8,19,54,6.8,0.5,0.676,9.41,4.24,2.65,35,0.98,0.57,20.3,-500,0.45,0.28,85,0.42,0.14,70,26.2,4.4,2700,0.55,0.38,90,0.73,0.03,30,QB,12/7/2022,0,0,0,0,0,0,0,0,0,0,0,0,0,0,0,0,,0,0,0,0,0,0,0,0,0,0,0,allen,josh allen,j,allen8700qbj,84373-62239,QB,j,Josh Allen,allen,25.44499969,12,8700,NYJ@BUF,BUF,NYJ,,,,,,QB,ryland,ryland,josh,allen8700qbj
andrews6800tem,79.66,Mark Andrews,6800,BAL,@PIT,1,,9.83,13.3,6.3,-0.61,1.4,5.2,10.44,6,0.98,1,5.8,8,0,0.95,-2.6,54,17.5,19.5,-4,2,37,52,0,0,0,0,0,0,0,0,0,0,0,0,0,0,0,0,0,0,0,0,0,0,1.41,0.53,0.29,41,0.81,0.11,8.8,-900,1.14,0.14,25,0.25,0.5,40,13.8,1.5,800,1.51,0.26,45,0.37,0.29,24,TE,12/7/2022,0,0,0,0,8,6,75,22,12.2,0.6,0,0.391,0,0.285,0.429,0.35,50.8,34.3,0,0,0,0,0,0,0,0,0,0,andrews,mark andrews,m,andrews6800tem,84373-52436,TE,m,Mark Andrews,andrews,11.472727,11,6800,BAL@PIT,BAL,PIT,,,,,,TE/FLEX,ryland,ryland,mark,andrews6800tem
baltimore4100,66.88,Baltimore,4100,BAL,@PIT,1,,7.28,16.1,-1.5,0.58,1.8,4.5,6.7,2,0.8,0,0,3,0,0.66,0.5,0,17.5,19.5,-4,2,37,53,0,0,0,0,0,0,0,0,0,0,0,0,0,0,2.42,7.26,0,0,0,0,0,0,0,0,0,41,0.81,0.11,9.3,-600,0,0,100,0.33,0,30,7.1,-0.6,-1900,0,0,95,0.36,0.04,22,D,12/7/2022,0,0,0,0,0,0,0,0,0,0,0,0,0,0,0,0,,0,2.2,0.5177,0.4661,0.015,0.0408,7.66,11.31,6.33,3.85,0.1934,baltimore,baltimore,b,baltimore4100,84373-12555,D,b,Baltimore Ravens,ravens,8.416666667,12,4100,BAL@PIT,BAL,PIT,,,,,,DEF,Ravens,Ravens,baltimore,baltimore4100
barkley8200rbs,74.22,Saquon Barkley,8200,NYG,PHI,1,,13.19,17,9.3,-1.47,1.6,8.5,14.66,9,0.97,1,2,4,0,0.91,-0.1,49,19,26,-2,7,45,50,0,0,0,0,0,0,0,0,0,0,0,0,0,0,0,0,0,19,78,4.2,0.5,0.444,2.06,1.18,0.71,40,0.88,0.68,12.3,-1300,0.51,0.23,80,0.2,0.2,50,13.2,0.1,2200,0.58,0.27,66,0.14,0.23,21,RB,12/7/2022,0.5,0.556,0.749,18,4,3,18,10,6.1,0.1,0,0.212,0.606,0,0,0,,0,0,0,0,0,0,0,0,0,0,0,barkley,saquon barkley,s,barkley8200rbs,84373-64401,RB,s,Saquon Barkley,barkley,16.63333384,12,8200,PHI@NYG,NYG,PHI,Q,Neck,,,,RB/FLEX,ryland,ryland,saquon,barkley8200rbs
bell4900wrd,53.48,David Bell,4900,CLE,@CIN,1,,4.51,6.4,2.7,-2.79,0.9,1.1,7.3,1,0.81,0,0,0,0,0.09,-2.2,31,20.5,26,-1.8,5.5,46.5,35,0,0,0,0,0,0,0,0,0,0,0,0,0,0,0,0,0,0,0,0,0,0,0.08,0,0,46,0.74,0,4.2,0,0.98,0.12,80,0.2,0,50,2.6,-2.4,-1100,1.13,0.08,44,0.05,0.33,18,WR,12/7/2022,0,0,0,0,2,1,14,8,8.5,0,0,0,0,0.075,0,0.062,11.5,5.4,0,0,0,0,0,0,0,0,0,0,bell,david bell,d,bell4900wrd,84373-114180,WR,d,David Bell,bell,2.445454511,11,4900,CLE@CIN,CLE,CIN,,,,,,WR/FLEX,ryland,ryland,david,bell4900wrd
bellinger4800ted,69.07,Daniel Bellinger,4800,NYG,PHI,1,,5.57,7.6,3.6,-0.2,1.2,5.3,5.77,-6,0.54,1,4.2,1,0,0.75,1.4,43,19,26,-2,7,45,50,0,0,0,0,0,0,0,0,0,0,0,0,0,0,0,0,0,0,0,0,0,0,0.5,0.17,0.08,40,0.88,0.68,4.9,100,0.98,0.08,20,0,0,50,5.5,0.4,-1200,1.82,0.13,43,0.18,0.18,16,TE,12/7/2022,0,0,0,0,2,2,22,11,8.4,0.3,0,0.4,0,0.11,0.286,0.122,8.9,3.7,0,0,0,0,0,0,0,0,0,0,bellinger,daniel bellinger,d,bellinger4800ted,84373-90307,TE,d,Daniel Bellinger,bellinger,6.614285605,7,4800,PHI@NYG,NYG,PHI,,,,,,TE/FLEX,ryland,ryland,daniel,bellinger4800ted
boone5300rbm,61.28,Mike Boone,5300,DEN,KC,4,,5.2,6.8,3.6,-2.23,1,0.2,7.43,6,0.94,0,0,1,0,0.11,-3.7,12,17.3,26.8,-0.7,9.5,44,37,0,0,0,0,0,0,0,0,0,0,0,0,0,0,0,0,0,6,11,4.8,0,0.381,0.18,0.06,0,44,0.31,0.1,3.1,700,0.44,0.26,20,0,0,50,3.9,-0.5,-700,1.04,0.33,18,0.09,0.22,22,RB,12/7/2022,0,0.107,0.198,2,1,0,7,6,9.9,0,0,0,0,0,0,0,,0,0,0,0,0,0,0,0,0,0,0,boone,mike boone,m,boone5300rbm,84373-58041,RB,m,Mike Boone,boone,2.91428566,7,5300,KC@DEN,DEN,KC,,,,,,RB/FLEX,ryland,ryland,mike,boone5300rbm
boyd5900wrt,64.05,Tyler Boyd,5900,CIN,CLE,1,,8.43,11.6,5.2,-1.15,1.4,4.1,9.58,8,0.93,0.67,1.6,2,0,0.71,-1.2,55,26,20.5,0.2,-5.5,46.5,65,0,0,0,0,0,0,0,0,0,0,0,0,0,0,0,0,0,0,0,0,0,0,0.59,0.35,0.29,46,0.74,0,5.3,-900,0.98,0.09,75,0.25,0.25,40,9.2,-0.2,-100,1.23,0.17,76,0.23,0.07,26,WR,12/7/2022,0,0,0,0,5,3,57,30,15.2,0.4,0,0.375,0,0.151,0.194,0.186,36.6,19.6,0,0,0,0,0,0,0,0,0,0,boyd,tyler boyd,t,boyd5900wrt,84373-40669,WR,t,Tyler Boyd,boyd,9.576666514,12,5900,CLE@CIN,CIN,CLE,,,,,,WR/FLEX,ryland,ryland,tyler,boyd5900wrt
brady7100qbt,53.05,Tom Brady,7100,TB,@SF,4,,14.64,24.5,4.7,-4.35,2.1,0.7,18.99,7,0.98,0.25,2.5,0,0,0.44,2.9,70,17,20.5,-3.8,3.5,37.5,41,28,43,286,65,6.6,6.57,1.5,36,155.1,333.5,5.7,21.4,9.3,3.5,0.7,3.4,1,1,1,0.8,0.1,0.207,6.88,3.35,1.82,51,0.73,0.62,17.8,100,0.38,0.24,100,0.75,0,40,16.2,-2.8,1100,0.35,0.23,80,0.36,0.12,25,QB,12/7/2022,0,0,0,0,0,0,0,0,0,0,0,0,0,0,0,0,,0,0,0,0,0,0,0,0,0,0,0,brady,tom brady,t,brady7100qbt,84373-6498,QB,t,Tom Brady,brady,15.96500015,12,7100,TB@SF,TB,SF,,,,,,QB,ryland,ryland,tom,brady7100qbt
brate4500tec,68.04,Cameron Brate,4500,TB,@SF,4,,3.42,4.8,2.1,-1.65,0.8,0.4,5.07,2,0.91,0,0,1,0,0.75,-2.7,30,17,20.5,-3.8,3.5,37.5,41,0,0,0,0,0,0,0,0,0,0,0,0,0,0,0,0,0,0,0,0,0,0,0.47,0.29,0.24,51,0.73,0.62,1.9,0,0.54,0.06,66,0,0,30,3.4,-1.3,-1500,0.86,0.11,60,0.13,0.04,23,TE,12/7/2022,0,0,0,0,3,2,16,9,7.6,0.2,0,0.25,0,0.1,0.1,0.059,11.1,8.1,0,0,0,0,0,0,0,0,0,0,brate,cameron brate,c,brate4500tec,84373-54782,TE,c,Cameron Brate,brate,3.100000109,7,4500,TB@SF,TB,SF,,,,,,TE/FLEX,ryland,ryland,cameron,brate4500tec
breida4900rbm,53.77,Matt Breida,4900,NYG,PHI,1,,2.94,3.9,2,-3.49,0.6,0.1,6.43,3,0.89,0,0,0,0,0.39,-0.1,11,19,26,-2,7,45,50,0,0,0,0,0,0,0,0,0,0,0,0,0,0,0,0,0,4,8,3.3,0.1,0.5,0.41,0.12,0.12,40,0.88,0.68,4.7,0,1.35,0.34,60,0.4,0.4,50,2.5,-2,-1100,0.75,0.23,21,0.08,0.52,23,RB,12/7/2022,0.056,0.055,0.171,2,0,0,5,5,9.2,0,0,0.143,0.857,0,0,0,,0,0,0,0,0,0,0,0,0,0,0,breida,matt breida,m,breida4900rbm,84373-53303,RB,m,Matt Breida,breida,2.5,12,4900,PHI@NYG,NYG,PHI,,,,,,RB/FLEX,ryland,ryland,matt,breida4900rbm
brown5100wrn,51.48,Noah Brown,5100,DAL,HOU,1,,4.45,6.6,2.3,-3.31,0.9,1.2,7.76,1,0.81,0,0,1,0,0.24,-2.9,45,30.8,13.3,2.8,-17.5,44,54,0,0,0,0,0,0,0,0,0,0,0,0,0,0,0,0,0,0,0,0,0,0,0.47,0.18,0.06,0,0,0,3.4,-100,1.96,0.07,40,0.2,0.4,50,5.8,-0.6,-900,1.65,0.13,31,0.13,0.18,22,WR,12/7/2022,0,0,0,0,3,2,30,14,13.3,0.1,0,0.125,0,0.114,0.042,0.136,27.5,16.6,0,0,0,0,0,0,0,0,0,0,brown,noah brown,n,brown5100wrn,84373-56248,WR,n,Noah Brown,brown,5.890000153,10,5100,HOU@DAL,DAL,HOU,,,,,,WR/FLEX,ryland,ryland,noah,brown5100wrn
brown8400wra,61.23,A.J. Brown,8400,PHI,@NYG,1,,13.5,18.9,8.1,-1.78,1.6,5.1,15.28,24,0.99,1,2.1,7,0,0.92,-3.3,56,26,19,3.5,-7,45,50,0,0,0,0,0,0,0,0,0,0,0,0,0,0,0,0,0,0,0,0,0,0,0.94,0.53,0.29,40,0.88,0.68,10.5,0,1.56,0.18,40,0.4,0.6,50,13.6,0.1,2400,1.47,0.24,46,0.21,0.39,28,WR,12/7/2022,0,0,0,0,8,5,80,29,15.4,0.7,0,0.375,0,0.296,0.407,0.335,53.7,38.6,0,0,0,0,0,0,0,0,0,0,brown,a.j. brown,a,brown8400wra,84373-72846,WR,a,A.J. Brown,brown,14.625,12,8400,PHI@NYG,PHI,NYG,,,,,,WR/FLEX,ryland,ryland,a.j.,brown8400wra
brown8600wra,68.96,Amon-Ra St. Brown,8600,DET,MIN,1,,15.23,20.6,9.9,-0.51,1.8,22.9,15.74,-2,0.72,1,10,8,0,0.73,5.3,51,26.8,24.8,2.3,-2,51.5,49,0,0,0,0,0,0,0,0,0,0,0,0,0,0,0,0,0,0,0,0,0,0,1.35,0.59,0.47,0,0,0,19.3,1700,1.72,0.33,100,0.83,0,60,16.7,5.2,2600,1.6,0.33,73,0.56,0.17,23,WR,12/7/2022,0,0,0,0,9,7,81,25,11.1,0.6,0,0.429,0,0.301,0.417,0.338,43.8,25.6,0,0,0,0,0,0,0,0,0,0,brown,amon-ra st. brown,a,brown8600wra,84373-86997,WR,a,Amon-Ra St. Brown,brown,15.027273,11,8600,MIN@DET,DET,MIN,,,,,,WR/FLEX,ryland,ryland,amonra,brown8600wra
bryant4900teh,48.92,Harrison Bryant,4900,CLE,@CIN,1,,3.03,4.2,1.9,-2.97,0.6,0.6,6,-3,0.66,0,0,1,0,0.04,-4.8,34,20.5,26,-1.8,5.5,46.5,35,0,0,0,0,0,0,0,0,0,0,0,0,0,0,0,0,0,0,0,0,0,0,0.72,0.44,0.28,46,0.74,0,5,100,1.43,0.13,100,0.4,0,50,4.7,0.2,-1100,1.89,0.14,65,0.21,0.04,23,TE,12/7/2022,0,0,0,0,2,1,12,7,7.1,0.2,0,0.385,0,0.083,0.211,0.06,9.2,5.7,0,0,0,0,0,0,0,0,0,0,bryant,harrison bryant,h,bryant4900teh,84373-70601,TE,h,Harrison Bryant,bryant,3.729999924,10,4900,CLE@CIN,CLE,CIN,,,,,,TE/FLEX,ryland,ryland,harrison,bryant4900teh
buffalo4800,50.95,Buffalo,4800,BUF,NYJ,1,,8.9,16.8,1,-0.05,1.9,3.8,8.95,6,0.92,0,0,4,0,0.66,-4.2,0,26.5,16.5,-0.5,-10,43,36,0,0,0,0,0,0,0,0,0,0,0,0,0,0,2.74,8.9,0,0,0,0,0,0,0,0,0,35,0.98,0.57,5.8,300,0,0,100,0.16,0,60,9.9,1.8,-1200,0,0,87,0.58,0.09,31,D,12/7/2022,0,0,0,0,0,0,0,0,0,0,0,0,0,0,0,0,,0,2.4,0.4572,0.5097,0.0161,0.0351,6.47,9.5,5.07,2.92,0.1579,buffalo,buffalo,b,buffalo4800,84373-12526,D,b,Buffalo Bills,bills,8.833333333,12,4800,NYJ@BUF,BUF,NYJ,,,,,,DEF,Bills,Bills,buffalo,buffalo4800
burrow8300qbj,65.46,Joe Burrow,8300,CIN,CLE,1,,21.14,30.9,11.4,-0.21,2.5,9.7,21.35,1,0.82,1,6.3,1,0,0.6,-6.8,67,26,20.5,0.2,-5.5,46.5,65,25,36,307,70,8.5,7.92,2.3,45,156.9,282.4,8.1,23.2,7.7,6.4,1.4,7.9,4,9,17,3.7,0.3,0.479,6.35,2.94,1.88,46,0.74,0,26.4,0,0.59,0.38,100,0.75,0,40,23.1,2.8,2300,0.53,0.34,84,0.53,0,26,QB,12/7/2022,0,0,0,0,0,0,0,0,0,0,0,0,0,0,0,0,,0,0,0,0,0,0,0,0,0,0,0,burrow,joe burrow,j,burrow8300qbj,84373-63336,QB,j,Joe Burrow,burrow,23.51999919,12,8300,CLE@CIN,CIN,CLE,,,,,,QB,ryland,ryland,joe,burrow8300qbj
carolina3600,73.86,Carolina,3600,CAR,@SEA,4,,5.98,13,0,0.89,1.7,1.8,5.09,0,0.68,0,0,1,0,0.18,2,0,20.3,24.3,-1,4,44.5,42,0,0,0,0,0,0,0,0,0,0,0,0,0,0,1.58,5.79,0,0,0,0,0,0,0,0,0,43,0.86,0.16,9,300,0,0,100,1,0,20,6.3,0,-2400,0,0,81,0.5,0.18,22,D,12/7/2022,0,0,0,0,0,0,0,0,0,0,0,0,0,0,0,0,,0,2.6,0.4912,0.4829,0.0085,0.0431,6.8,9.76,4.29,3.38,0.2169,carolina,carolina,c,carolina3600,84373-12553,D,c,Carolina Panthers,panthers,7.083333333,12,3600,CAR@SEA,CAR,SEA,,,,,,DEF,Panthers,Panthers,carolina,carolina3600
carter6300rbm,57.99,Michael Carter,6300,NYJ,@BUF,1,,6.04,8.1,4,-3.88,1,0.7,9.92,3,0.89,0,0,1,0,0.15,-3.2,31,16.5,26.5,-0.5,10,43,64,0,0,0,0,0,0,0,0,0,0,0,0,0,0,0,0,0,16,38,4.3,0.2,0.43,1.71,0.82,0.41,35,0.98,0.57,3,0,0.33,0.14,25,0.25,0.25,40,6.6,-0.5,300,0.55,0.21,60,0.25,0.25,20,RB,12/7/2022,0.188,0.317,0.507,9,3,2,15,9,7.1,0,0,0.13,0.435,0,0,0,,0,0,0,0,0,0,0,0,0,0,0,carter,michael carter,m,carter6300rbm,84373-93539,RB,m,Michael Carter,carter,8.172727411,11,6300,NYJ@BUF,NYJ,BUF,,,,,,RB/FLEX,ryland,ryland,michael,carter6300rbm
chark5700wrd,61.51,D.J. Chark,5700,DET,MIN,1,,7.57,10.7,4.4,-1.55,1.3,7.8,9.12,-14,0.45,1,4.2,2,0,0.6,5.3,47,26.8,24.8,2.3,-2,51.5,49,0,0,0,0,0,0,0,0,0,0,0,0,0,0,0,0,0,0,0,0,0,0,0.18,0.12,0.12,0,0,0,10.5,700,2.61,0.25,40,0.2,0,50,10.1,0.4,-300,2.01,0.21,18,0.09,0,22,WR,12/7/2022,0,0,0,0,5,2,35,16,15.1,0.3,0,0.333,0,0.145,0.182,0.142,30.2,31.8,0,0,0,0,0,0,0,0,0,0,chark,d.j. chark,d,chark5700wrd,84373-52917,WR,d,DJ Chark Jr.,chark,6.700000127,6,5700,MIN@DET,DET,MIN,,,,,,WR/FLEX,ryland,ryland,dj,chark5700wrd
chase8700wrj,68.11,Ja'Marr Chase,8700,CIN,CLE,1,,15.39,21.2,9.6,-0.58,1.8,6.9,15.97,18,0.98,1,4.2,5,0,0.73,-1.2,60,26,20.5,0.2,-5.5,46.5,65,0,0,0,0,0,0,0,0,0,0,0,0,0,0,0,0,0,0,0,0,0,0,1.24,0.41,0.29,46,0.74,0,13.2,-100,1.65,0.22,25,0,0,40,16.1,1.1,2700,1.67,0.27,42,0.19,0.26,26,WR,12/7/2022,0,0,0,0,9,6,92,30,15,0.8,0,0.25,0,0.257,0.379,0.298,50.8,35.2,0,0,0,0,0,0,0,0,0,0,chase,ja'marr chase,j,chase8700wrj,84373-85701,WR,j,Ja'Marr Chase,chase,16.42499924,8,8700,CLE@CIN,CIN,CLE,,,,,,WR/FLEX,ryland,ryland,ja'marr,chase8700wrj
chubb8400rbn,74.7,Nick Chubb,8400,CLE,@CIN,1,,13.06,16.9,9.2,-2.1,1.6,4.7,15.16,14,0.98,1,2.7,5,0,0.39,-0.6,36,20.5,26,-1.8,5.5,46.5,35,0,0,0,0,0,0,0,0,0,0,0,0,0,0,0,0,0,24,83,5.1,0.8,0.512,2.72,1.56,0.89,46,0.74,0,11.5,-600,0.6,0.3,40,0.2,0.4,50,16.3,1.7,2400,0.89,0.45,60,0.26,0.26,23,RB,12/7/2022,0.667,0.586,0.535,16,1,1,12,8,8.8,0,0,0.245,0.469,0,0,0,,0,0,0,0,0,0,0,0,0,0,0,chubb,nick chubb,n,chubb8400rbn,84373-53562,RB,n,Nick Chubb,chubb,17.30000051,12,8400,CLE@CIN,CLE,CIN,,,,,,RB/FLEX,ryland,ryland,nick,chubb8400rbn
cincinnati4300,40.85,Cincinnati,4300,CIN,CLE,1,,6.08,13.5,-1.3,-1.26,1.4,2,7.34,2,0.8,0,0,3,0,0.66,3,0,26,20.5,0.2,-5.5,46.5,64,0,0,0,0,0,0,0,0,0,0,0,0,0,0,1.76,5.1,0,0,0,0,0,0,0,0,0,46,0.74,0,3.7,100,0,0,100,0.33,0,30,5.5,0.4,-1700,0,0,88,0.44,0.12,25,D,12/7/2022,0,0,0,0,0,0,0,0,0,0,0,0,0,0,0,0,,0,2.3,0.4482,0.5255,0.0099,0.0353,6.92,8.06,4.73,3.55,0.2044,cincinnati,cincinnati,c,cincinnati4300,84373-12528,D,c,Cincinnati Bengals,bengals,4.916666667,12,4300,CLE@CIN,CIN,CLE,,,,,,DEF,Bengals,Bengals,cincinnati,cincinnati4300
cleveland3300,83.66,Cleveland,3300,CLE,@CIN,1,,6.56,13.7,-0.6,2.43,2,13.4,4.13,-6,0.28,0,0,1,0,0.74,-0.5,0,20.5,26,-1.8,5.5,46.5,36,0,0,0,0,0,0,0,0,0,0,0,0,0,0,1.22,6.46,0,0,0,0,0,0,0,0,0,46,0.74,0,7.8,-200,0,0,75,0.25,0.25,40,70,-0.3,-2700,0,0,81,0.45,0.18,22,D,12/7/2022,0,0,0,0,0,0,0,0,0,0,0,0,0,0,0,0,,0,2.9,0.4363,0.5488,0.007,0.0434,6.5,9.88,4.94,2.69,0.1964,cleveland,cleveland,c,cleveland3300,84373-12529,D,c,Cleveland Browns,browns,6,12,3300,CLE@CIN,CLE,CIN,,,,,,DEF,Browns,Browns,cleveland,cleveland3300
conklin4900tet,77.38,Tyler Conklin,4900,NYJ,@BUF,1,,5.73,8,3.5,-0.27,1.2,1.8,6,4,0.95,0.5,3.3,3,0,0.18,-0.9,50,16.5,26.5,-0.5,10,43,64,0,0,0,0,0,0,0,0,0,0,0,0,0,0,0,0,0,0,0,0,0,0,0.44,0.25,0.13,35,0.98,0.57,3.4,-100,0.77,0.07,50,0.5,0.5,40,5.6,0,-1100,1.05,0.11,57,0.19,0.38,21,TE,12/7/2022,0,0,0,0,5,3,30,13,9.5,0.2,0,0.5,0,0.162,0.15,0.132,13.1,12.6,0,0,0,0,0,0,0,0,0,0,conklin,tyler conklin,t,conklin4900tet,84373-60451,TE,t,Tyler Conklin,conklin,6.424999873,12,4900,NYJ@BUF,NYJ,BUF,,,,,,TE/FLEX,ryland,ryland,tyler,conklin4900tet
cook6100rbj,72.33,James Cook,6100,BUF,NYJ,1,,8.18,10.6,5.7,-1.24,1.3,6.6,9.42,-6,0.56,1,4.7,4,0,0.05,-3.4,13,26.5,16.5,-0.5,-10,43,36,0,0,0,0,0,0,0,0,0,0,0,0,0,0,0,0,0,13,26,5.4,0.1,0.467,1.17,0.33,0,35,0.98,0.57,7.4,900,0.66,0.41,57,0.42,0.42,70,5.4,-0.6,100,0.76,0.42,68,0.2,0.28,25,RB,12/7/2022,0.091,0.197,0.192,5,2,1,12,7,10.1,0,0,0,0.4,0,0,0,,0,0,0,0,0,0,0,0,0,0,0,cook,james cook,j,cook6100rbj,84373-91626,RB,j,James Cook,cook,4.90833346,12,6100,NYJ@BUF,BUF,NYJ,,,,,,RB/FLEX,ryland,ryland,james,cook6100rbj
cook8700rbd,80.75,Dalvin Cook,8700,MIN,@DET,1,,15.79,20.3,11.3,-0.12,1.8,11.2,15.91,9,0.97,1,5.3,7,0,0.06,-1.4,47,24.8,26.8,-1.7,2,51.5,51,0,0,0,0,0,0,0,0,0,0,0,0,0,0,0,0,0,21,73,4.4,0.5,0.458,2.63,1.25,0.75,0,0,0,11.9,1200,0.59,0.22,60,0.4,0.4,50,10.1,-3.3,2700,0.51,0.21,33,0.14,0.55,27,RB,12/7/2022,0.5,0.747,0.722,16,3,2,10,7,4.8,0.1,0,0.147,0.382,0,0,0,,0,0,0,0,0,0,0,0,0,0,0,cook,dalvin cook,d,cook8700rbd,84373-54140,RB,d,Dalvin Cook,cook,14.03333282,12,8700,MIN@DET,MIN,DET,,,,,,RB/FLEX,ryland,ryland,dalvin,cook8700rbd
cooper7300wra,63.28,Amari Cooper,7300,CLE,@CIN,1,,11.4,15.7,7.1,-1.37,1.6,6.3,12.77,13,0.96,1,2.1,5,0,0.67,-2.2,59,20.5,26,-1.8,5.5,46.5,35,0,0,0,0,0,0,0,0,0,0,0,0,0,0,0,0,0,0,0,0,0,0,1.35,0.53,0.24,46,0.74,0,15.6,-500,1.74,0.26,60,0.4,0.4,50,13.6,2.2,1300,1.48,0.23,64,0.4,0.28,25,WR,12/7/2022,0,0,0,0,8,4,63,23,12.9,0.6,0,0.391,0,0.251,0.385,0.26,51.5,35.4,0,0,0,0,0,0,0,0,0,0,cooper,amari cooper,a,cooper7300wra,84373-31001,WR,a,Amari Cooper,cooper,12.89166641,12,7300,CLE@CIN,CLE,CIN,Q,Hip,,,,WR/FLEX,ryland,ryland,amari,cooper7300wra
cousins7500qbk,62.46,Kirk Cousins,7500,MIN,@DET,1,,18.46,29.2,7.7,-1.32,2.5,10.4,19.78,-3,0.44,1,5.6,1,0,0.51,0.2,64,24.8,26.8,-1.7,2,51.5,51,22,35,239,64,6.7,5.85,1.6,35,145.6,295.1,5.8,17.4,5.4,4.6,2,7.2,2,4,5,2.6,0.1,0.375,6.44,3.38,1.31,0,0,0,11.3,200,0.27,0.17,80,0.6,0.2,50,14.6,-4,1500,0.36,0.23,80,0.32,0.08,25,QB,12/7/2022,0,0,0,0,0,0,0,0,0,0,0,0,0,0,0,0,,0,0,0,0,0,0,0,0,0,0,0,cousins,kirk cousins,k,cousins7500qbk,84373-22038,QB,k,Kirk Cousins,cousins,16.50999959,12,7500,MIN@DET,MIN,DET,,,,,,QB,ryland,ryland,kirk,cousins7500qbk
dallas5200,37.31,Dallas,5200,DAL,HOU,1,,8.32,16.9,-0.3,-1.92,1.6,20.1,10.24,0,0.68,0,0,3,0,0.18,1.9,0,30.8,13.3,2.8,-17.5,44,53,0,0,0,0,0,0,0,0,0,0,0,0,0,0,3.05,11.31,0,0,0,0,0,0,0,0,0,0,0,0,10.8,200,0,0,75,0.5,0.25,40,11.3,2.9,-800,0,0,85,0.57,0.14,21,D,12/7/2022,0,0,0,0,0,0,0,0,0,0,0,0,0,0,0,0,,0,30,0.4255,0.5053,0.0167,0.0311,6.28,6.94,3.2,20,0.2072,dallas,dallas,d,dallas5200,84373-12530,D,d,Dallas Cowboys,cowboys,11.41666667,12,5200,HOU@DAL,DAL,HOU,,,,,,DEF,Cowboys,Cowboys,dallas,dallas5200
darnold6600qbs,46.5,Sam Darnold,6600,CAR,@SEA,4,,12.5,20.6,4.4,-5.51,1.9,2.3,18.01,-6,0.27,1,0.6,0,0,0.51,-6.8,60,20.3,24.3,-1,4,44.5,42,18,29,176,60,5.9,4.69,0.8,39,67.5,196.3,21,43.7,10.9,2.8,1.7,10.2,3,6,10,2.9,0.3,0.429,1.12,0.53,0.29,43,0.86,0.16,16.9,200,0.77,0.26,33,0.33,0,30,9.5,-1.2,600,0.26,0.16,21,0.08,0.04,23,QB,12/7/2022,0,0,0,0,0,0,0,0,0,0,0,0,0,0,0,0,,0,0,0,0,0,0,0,0,0,0,0,darnold,sam darnold,s,darnold6600qbs,84373-63589,QB,s,Sam Darnold,darnold,16.86000061,1,6600,CAR@SEA,CAR,SEA,,,,,,QB,ryland,ryland,sam,darnold6600qbs
davis5700wrc,54.64,Corey Davis,5700,NYJ,@BUF,1,,6.65,9.7,3.6,-2.47,1.2,3.4,9.12,2,0.84,0,0,0,0,0.57,0.5,49,16.5,26.5,-0.5,10,43,64,0,0,0,0,0,0,0,0,0,0,0,0,0,0,0,0,0,0,0,0,0,0,0.47,0.18,0.06,35,0.98,0.57,6.2,200,0.95,0.11,25,0.25,0.25,40,8.6,0.1,-300,1.68,0.17,38,0.23,0.09,21,WR,12/7/2022,0,0,0,0,5,2,49,25,17.8,0.2,0,0.125,0,0.141,0.2,0.194,39.7,24.6,0,0,0,0,0,0,0,0,0,0,davis,corey davis,c,davis5700wrc,84373-45439,WR,c,Corey Davis,davis,7.666666667,9,5700,NYJ@BUF,NYJ,BUF,,,,,,WR/FLEX,ryland,ryland,corey,davis5700wrc
davis6200wrg,64.15,Gabe Davis,6200,BUF,NYJ,1,,9.06,12.9,5.2,-1.2,1.5,13.8,10.26,-14,0.45,0.75,4.2,3,0,0.71,-3.1,64,26.5,16.5,-0.5,-10,43,36,0,0,0,0,0,0,0,0,0,0,0,0,0,0,0,0,0,0,0,0,0,0,1,0.53,0.35,35,0.98,0.57,9.4,-300,1.34,0.15,42,0.28,0.42,70,12.4,1.8,200,1.9,0.19,40,0.28,0.21,32,WR,12/7/2022,0,0,0,0,6,3,58,28,17.1,0.6,0,0.294,0,0.18,0.321,0.219,47.9,30.7,0,0,0,0,0,0,0,0,0,0,davis,gabe davis,g,davis6200wrg,84373-94534,WR,g,Gabe Davis,davis,10.90909091,11,6200,NYJ@BUF,BUF,NYJ,,,,,,WR/FLEX,ryland,ryland,gabe,davis6200wrg
denver3200,74.8,Denver,3200,DEN,KC,4,,6.06,12.9,-0.8,2.25,1.9,1.5,3.81,0,0.68,0,0,1,0,0.57,-3.5,0,17.3,26.8,-0.7,9.5,44,37,0,0,0,0,0,0,0,0,0,0,0,0,0,0,1.74,6.62,0,0,0,0,0,0,0,0,0,44,0.31,0.1,4.8,-1500,0,0,100,0.25,0,40,6.6,-0.2,-2800,0,0,91,0.47,0.08,23,D,12/7/2022,0,0,0,0,0,0,0,0,0,0,0,0,0,0,0,0,,0,2.2,0.4582,0.5053,0.0096,0.0239,6.13,8.35,4.27,2.7,0.1127,denver,denver,d,denver3200,84373-12531,D,d,Denver Broncos,broncos,6.583333333,12,3200,KC@DEN,DEN,KC,,,,,,DEF,Broncos,Broncos,denver,denver3200
detroit3100,83.56,Detroit,3100,DET,MIN,1,,6.06,13.1,-0.9,2.58,2,3.6,3.48,-4,0.39,0,0,3,0,0.98,-0.8,0,26.8,24.8,2.3,-2,51.5,48,0,0,0,0,0,0,0,0,0,0,0,0,0,0,2.08,5.89,0,0,0,0,0,0,0,0,0,0,0,0,6.8,-400,0,0,100,1,0,50,4.7,0.2,-2900,0,0,72,0.5,0.18,22,D,12/7/2022,0,0,0,0,0,0,0,0,0,0,0,0,0,0,0,0,,0,2.2,0.5303,0.5592,0.0113,0.0515,7.61,11.24,5.81,3.8,0.2304,detroit,detroit,d,detroit3100,84373-12532,D,d,Detroit Lions,lions,5,12,3100,MIN@DET,DET,MIN,,,,,,DEF,Lions,Lions,detroit,detroit3100
diggs8500wrs,69.49,Stefon Diggs,8500,BUF,NYJ,1,,14.98,20.6,9.4,-0.53,1.8,13.7,15.51,5,0.89,1,3.7,8,0,0.94,-3.1,56,26.5,16.5,-0.5,-10,43,36,0,0,0,0,0,0,0,0,0,0,0,0,0,0,0,0,0,0,0,0,0,0,2.06,1,0.59,35,0.98,0.57,16.7,-600,1.49,0.3,85,0.14,0.14,70,21,6.2,2500,1.95,0.37,68,0.4,0.25,32,WR,12/7/2022,0,0,0,0,10,7,89,29,12.4,0.8,0,0.286,0,0.293,0.371,0.331,66.6,37.7,0,0,0,0,0,0,0,0,0,0,diggs,stefon diggs,s,diggs8500wrs,84373-25079,WR,s,Stefon Diggs,diggs,18.80833308,12,8500,NYJ@BUF,BUF,NYJ,,,,,,WR/FLEX,ryland,ryland,stefon,diggs8500wrs
dissly4600tew,70.93,Will Dissly,4600,SEA,CAR,4,,3.81,5.2,2.4,-1.49,0.8,0.7,5.3,1,0.88,0,0,1,0,0.11,0.5,38,24.3,20.3,2,-4,44.5,58,0,0,0,0,0,0,0,0,0,0,0,0,0,0,0,0,0,0,0,0,0,0,0.33,0.11,0,43,0.86,0.16,3.2,-100,1.39,0.09,100,0,0,30,4.8,-0.2,-1400,1.92,0.13,57,0.23,0.23,21,TE,12/7/2022,0,0,0,0,2,2,23,14,10.2,0.2,0,0.333,0,0.082,0.107,0.09,10.9,4.7,0,0,0,0,0,0,0,0,0,0,dissly,will dissly,w,dissly4600tew,84373-56708,TE,w,Will Dissly,dissly,5.225000064,12,4600,CAR@SEA,SEA,CAR,Q,Calf,,,,TE/FLEX,ryland,ryland,will,dissly4600tew
dobbins6000rbj,60.45,J.K. Dobbins,6000,BAL,@PIT,1,,5.89,7.8,3.9,-3.28,1,0,9.17,0,0.5,0,0,0,0,0.01,-1.4,25,17.5,19.5,-4,2,37,52,0,0,0,0,0,0,0,0,0,0,0,0,0,0,0,0,0,11,30,3.5,0.3,0.543,0.47,0.35,0.24,41,0.81,0.11,0,0,0,0,0,0,0,40,7.8,-0.4,0,0.76,0.31,9,0.04,0.09,22,RB,12/7/2022,0.333,0.172,0.406,8,1,1,9,7,6.5,0.3,0,0.143,0.714,0,0,0,,0,0,0,0,0,0,0,0,0,0,0,dobbins,j.k. dobbins,j,dobbins6000rbj,84373-87787,RB,j,J.K. Dobbins,dobbins,7.800000191,4,6000,BAL@PIT,BAL,PIT,,,,,,RB/FLEX,ryland,ryland,j.k.,dobbins6000rbj
dorsett4900wrp,56.93,Phillip Dorsett,4900,HOU,@DAL,1,,5.45,8.1,2.8,-1.85,1.1,7.5,7.3,-26,0.28,0,0,1,0,0.06,-3.5,25,13.3,30.8,-6.7,17.5,44,46,0,0,0,0,0,0,0,0,0,0,0,0,0,0,0,0,0,0,0,0,0,0,0.06,0,0,0,0,0,2.3,-300,0.93,0.08,20,0,0.4,50,4.5,-1,-1100,1.56,0.18,43,0.08,0.17,23,WR,12/7/2022,0,0,0,0,2,1,20,13,15.9,0.1,0,0,0,0.084,0.056,0.09,18.2,17,0,0,0,0,0,0,0,0,0,0,dorsett,phillip dorsett,p,dorsett4900wrp,84373-25813,WR,p,Phillip Dorsett II,dorsett,3,10,4900,HOU@DAL,HOU,DAL,,,,,,WR/FLEX,ryland,ryland,phillip,dorsett4900wrp
dulcich5400teg,85.89,Greg Dulcich,5400,DEN,KC,4,,7.94,10.7,5.2,0.77,1.5,18.4,7.17,-4,0.62,1,10,6,0,0.07,6.2,50,17.3,26.8,-0.7,9.5,44,37,0,0,0,0,0,0,0,0,0,0,0,0,0,0,0,0,0,0,0,0,0,0,0.08,0.08,0,44,0.31,0.1,5,-500,1.01,0.1,60,0.4,0.4,50,6.9,1.1,-600,1.31,0.14,35,0.29,0.11,17,TE,12/7/2022,0,0,0,0,5,3,45,22,12.8,0.1,0,0,0,0.17,0.25,0.206,29.9,18.4,0,0,0,0,0,0,0,0,0,0,dulcich,greg dulcich,g,dulcich5400teg,84373-91931,TE,g,Greg Dulcich,dulcich,7.200000218,7,5400,KC@DEN,DEN,KC,,,,,,TE/FLEX,ryland,ryland,greg,dulcich5400teg
duvernay5600wrd,55.57,Devin Duvernay,5600,BAL,@PIT,1,,6.22,8.8,3.6,-2.68,1.1,1.8,8.9,7,0.92,1,0.5,1,0,0.65,-1.5,41,17.5,19.5,-4,2,37,52,0,0,0,0,0,0,0,0,0,0,0,0,0,0,0,0,0,0,0,0,0,0,0.82,0.41,0.24,41,0.81,0.11,3.8,-400,0.67,0.06,75,0.25,0.25,40,6.3,-1.9,-400,1.41,0.15,52,0.24,0.32,25,WR,12/7/2022,0,0,0,0,3,2,26,14,10.1,0.2,0,0.182,0,0.116,0.15,0.13,17.6,11.6,0,0,0,0,0,0,0,0,0,0,duvernay,devin duvernay,d,duvernay5600wrd,84373-71032,WR,d,Devin Duvernay,duvernay,7.808333079,12,5600,BAL@PIT,BAL,PIT,,,,,,WR/FLEX,ryland,ryland,devin,duvernay5600wrd
edwards6200rbg,54.59,Gus Edwards,6200,BAL,@PIT,1,,4.85,6.3,3.4,-4.82,0.8,2.5,9.67,-8,0.5,0,0.7,1,0,0.15,-1.4,23,17.5,19.5,-4,2,37,52,0,0,0,0,0,0,0,0,0,0,0,0,0,0,0,0,0,13,48,4,0.8,0.592,0.59,0.29,0.12,41,0.81,0.11,5.2,-600,0.45,0.2,25,0,0.25,40,8.4,-0.2,200,0.66,0.37,17,0.04,0.04,23,RB,12/7/2022,0.6,0.297,0.324,12,0,0,0,0,0,0,0,0.3,0.6,0,0,0,,0,0,0,0,0,0,0,0,0,0,0,edwards,gus edwards,g,edwards6200rbg,84373-40167,RB,g,Gus Edwards,edwards,8.875,4,6200,BAL@PIT,BAL,PIT,,,,,,RB/FLEX,ryland,ryland,gus,edwards6200rbg
elliott8000rbe,78.46,Ezekiel Elliott,8000,DAL,HOU,1,,12.03,15.5,8.5,-2.13,1.5,10.3,14.16,3,0.89,1,8.7,8,0,0.01,12.3,39,30.8,13.3,2.8,-17.5,44,54,0,0,0,0,0,0,0,0,0,0,0,0,0,0,0,0,0,14,59,4,0.7,0.529,2.18,0.94,0.71,0,0,0,16.8,1000,0.95,0.52,80,0.2,0,50,11.6,0.9,2000,0.7,0.3,59,0.22,0.18,22,RB,12/7/2022,0.556,0.454,0.598,14,1,1,7,6,6.2,0.1,0,0.357,0.607,0,0,0,,0,0,0,0,0,0,0,0,0,0,0,elliott,ezekiel elliott,e,elliott8000rbe,84373-38791,RB,e,Ezekiel Elliott,elliott,12.43000031,10,8000,HOU@DAL,DAL,HOU,,,,,,RB/FLEX,ryland,ryland,ezekiel,elliott8000rbe
engram5100tee,68.41,Evan Engram,5100,JAX,@TEN,1,,6.48,8.9,4.1,0.01,1.3,4.8,6.47,3,0.93,1,1.7,2,0,0.18,-3.9,50,18.8,22.3,0.5,3.5,41,48,0,0,0,0,0,0,0,0,0,0,0,0,0,0,0,0,0,0,0,0,0,0,0.47,0.24,0.06,53,0.85,0.04,5.1,200,1.28,0.1,66,0.33,0.33,30,5.4,-0.7,-900,1.14,0.11,60,0.25,0.35,20,TE,12/7/2022,0,0,0,0,4,3,27,12,8.7,0.2,0,0.286,0,0.144,0.143,0.133,14.7,14,0,0,0,0,0,0,0,0,0,0,engram,evan engram,e,engram5100tee,84373-41872,TE,e,Evan Engram,engram,6.133333206,12,5100,JAC@TEN,JAC,TEN,,,,,,TE/FLEX,ryland,ryland,evan,engram5100tee
etienne7400rbt,77.82,T. Etienne Jr.,7400,JAX,@TEN,1,,12.81,16.6,9,0.14,1.7,14.1,12.67,1,0.83,0.75,2.7,3,0,0.15,-4.7,38,18.8,22.3,0.5,3.5,41,48,0,0,0,0,0,0,0,0,0,0,0,0,0,0,0,0,0,22,65,5.4,0.3,0.534,2,0.88,0.53,53,0.85,0.04,5.1,-600,0.47,0.15,0,0,1,30,9.8,0.2,1400,0.66,0.26,45,0.2,0.3,20,RB,12/7/2022,0.364,0.511,0.58,12,2,2,17,12,8.6,0,0,0.138,0.69,0,0,0,,0,0,0,0,0,0,0,0,0,0,0,etienne,t. etienne jr.,t,etienne7400rbt,84373-89956,RB,t,Travis Etienne Jr.,etienne,11.17500051,12,7400,JAC@TEN,JAC,TEN,,,,,,RB/FLEX,ryland,ryland,travis,etienne7400rbt
evans7000wrm,56.73,Mike Evans,7000,TB,@SF,4,,9.43,13.5,5.3,-2.66,1.3,5,12.09,13,0.96,0.67,1.6,3,0,0.77,0.5,56,17,20.5,-3.8,3.5,37.5,41,0,0,0,0,0,0,0,0,0,0,0,0,0,0,0,0,0,0,0,0,0,0,0.88,0.41,0.29,51,0.73,0.62,7,-600,1.1,0.11,0,0,1,40,12.7,-0.8,1000,1.73,0.23,44,0.2,0.36,25,WR,12/7/2022,0,0,0,0,7,4,66,28,13.9,0.5,0,0.467,0,0.169,0.304,0.229,54.9,30.7,0,0,0,0,0,0,0,0,0,0,evans,mike evans,m,evans7000wrm,84373-32384,WR,m,Mike Evans,evans,11.05454532,11,7000,TB@SF,TB,SF,,,,,,WR/FLEX,ryland,ryland,mike,evans7000wrm
fant5200ten,64.4,Noah Fant,5200,SEA,CAR,4,,5.9,8,3.8,-0.8,1.1,3,6.7,2,0.91,0,0.8,3,0,0.04,0.5,42,24.3,20.3,2,-4,44.5,58,0,0,0,0,0,0,0,0,0,0,0,0,0,0,0,0,0,0,0,0,0,0,0.59,0.35,0.18,43,0.86,0.16,7.3,200,1.83,0.2,100,0.33,0,30,5.9,-0.4,-800,1.44,0.14,66,0.28,0.28,21,TE,12/7/2022,0,0,0,0,4,3,36,20,11.2,0.2,0,0.3,0,0.135,0.115,0.153,19.5,10.4,0,0,0,0,0,0,0,0,0,0,fant,noah fant,n,fant5200ten,84373-71705,TE,n,Noah Fant,fant,5.724999746,12,5200,CAR@SEA,SEA,CAR,,,,,,TE/FLEX,ryland,ryland,noah,fant5200ten
ferguson4500tej,48.69,Jake Ferguson,4500,DAL,HOU,1,,2.06,3,1.2,-3.01,0.5,0.1,5.07,-6,0.54,0,0,0,0,0.28,-3.4,30,30.8,13.3,2.8,-17.5,44,54,0,0,0,0,0,0,0,0,0,0,0,0,0,0,0,0,0,0,0,0,0,0,0.25,0.17,0.08,0,0,0,3.3,100,1.87,0.1,60,0.4,0.2,50,3.7,0.3,-1500,2.35,0.12,37,0.25,0.25,16,TE,12/7/2022,0,0,0,0,1,1,11,7,8.7,0.2,0,0.667,0,0.052,0.111,0.053,7.3,2.6,0,0,0,0,0,0,0,0,0,0,ferguson,jake ferguson,j,ferguson4500tej,84373-89680,TE,j,Jake Ferguson,ferguson,4.237500191,8,4500,HOU@DAL,DAL,HOU,,,,,,TE/FLEX,ryland,ryland,jake,ferguson4500tej
foreman6900rbd,77.36,D'Onta Foreman,6900,CAR,@SEA,4,,11.31,14.6,8,-0.11,1.6,6.6,11.42,4,0.91,1,6,1,0,0.05,-2,22,20.3,24.3,-1,4,44.5,42,0,0,0,0,0,0,0,0,0,0,0,0,0,0,0,0,0,14,55,4.3,0.4,0.479,2.24,0.71,0.35,43,0.86,0.16,5.4,-200,0.3,0.19,66,0.33,0.33,30,8.6,1.5,900,0.63,0.39,60,0.34,0.34,23,RB,12/7/2022,0.412,0.443,0.37,12,0,0,4,4,9.1,0,0,0.171,0.543,0,0,0,,0,0,0,0,0,0,0,0,0,0,0,foreman,d'onta foreman,d,foreman6900rbd,84373-55830,RB,d,D'Onta Foreman,foreman,7.890909368,11,6900,CAR@SEA,CAR,SEA,,,,,,RB/FLEX,ryland,ryland,d'onta,foreman6900rbd
fortson4500tej,62.28,Jody Fortson,4500,KC,@DEN,4,,2.42,3.5,1.4,-2.65,0.5,0.2,5.07,-4,0.62,0,0,0,0,0.07,-1.1,14,26.8,17.3,2.3,-9.5,44,63,0,0,0,0,0,0,0,0,0,0,0,0,0,0,0,0,0,0,0,0,0,0,0.24,0.24,0.12,44,0.31,0.1,3.2,0,1.83,0.25,60,0.4,0.4,50,5.1,-0.2,-1500,4.72,0.37,26,0.19,0.11,26,TE,12/7/2022,0,0,0,0,1,0,9,8,12,0.2,0,0.5,0,0.032,0.069,0.032,7.7,3,0,0,0,0,0,0,0,0,0,0,fortson,jody fortson,j,fortson4500tej,84373-104447,TE,j,Jody Fortson,fortson,3.162499905,8,4500,KC@DEN,KC,DEN,,,,,,TE/FLEX,ryland,ryland,jody,fortson4500tej
fournette6800rbl,60.3,Leonard Fournette,6800,TB,@SF,4,,7.3,9.8,4.8,-3.87,1.1,1.2,11.17,2,0.86,0,2,1,0,0.09,-4,47,17,20.5,-3.8,3.5,37.5,41,0,0,0,0,0,0,0,0,0,0,0,0,0,0,0,0,0,12,50,3.8,0.3,0.486,2.06,1.24,0.88,51,0.73,0.62,11.2,100,0.66,0.32,75,0,0,40,12.8,0.6,800,0.65,0.27,52,0.12,0.24,25,RB,12/7/2022,0.667,0.634,0.661,13,5,4,30,12,6.7,0.2,0,0.13,0.478,0,0,0,,0,0,0,0,0,0,0,0,0,0,0,fournette,leonard fournette,l,fournette6800rbl,84373-52922,RB,l,Leonard Fournette,fournette,13.20909119,11,6800,TB@SF,TB,SF,Q,Foot,,,,RB/FLEX,ryland,ryland,leonard,fournette6800rbl
freiermuth5800tep,70.2,Pat Freiermuth,5800,PIT,BAL,1,,8.05,10.9,5.2,-0.06,1.4,6.5,8.11,2,0.91,1,5,7,0,0.77,-0.7,45,19.5,17.5,0,-2,37,48,0,0,0,0,0,0,0,0,0,0,0,0,0,0,0,0,0,0,0,0,0,0,0.75,0.25,0.06,41,0.81,0.11,8.8,200,1.25,0.18,100,0.4,0,50,7.6,0.6,-200,1.2,0.17,80,0.24,0.08,25,TE,12/7/2022,0,0,0,0,6,4,47,19,10.9,0.1,0,0.083,0,0.177,0.111,0.229,30.1,16.5,0,0,0,0,0,0,0,0,0,0,freiermuth,pat freiermuth,p,freiermuth5800tep,84373-86244,TE,p,Pat Freiermuth,freiermuth,8.245454268,11,5800,BAL@PIT,PIT,BAL,,,,,,TE/FLEX,ryland,ryland,pat,freiermuth5800tep
gage5300wrr,33.49,Russell Gage,5300,TB,@SF,4,,2.4,3.5,1.3,-5.81,0.5,0.9,8.21,-9,0.55,0,0,0,0,0.24,0.5,43,17,20.5,-3.8,3.5,37.5,41,0,0,0,0,0,0,0,0,0,0,0,0,0,0,0,0,0,0,0,0,0,0,0.94,0.18,0.12,51,0.73,0.62,1.6,100,1.6,0.06,0,0,0.33,30,80,-1,-700,1.28,0.19,40,0.13,0.22,22,WR,12/7/2022,0,0,0,0,6,4,47,17,10.6,0.2,0,0.188,0,0.172,0.214,0.187,32.2,19.8,0,0,0,0,0,0,0,0,0,0,gage,russell gage,r,gage5300wrr,84373-52916,WR,r,Russell Gage,gage,5.650000095,8,5300,TB@SF,TB,SF,,,,,,WR/FLEX,ryland,ryland,russell,gage5300wrr
gainwell5300rbk,62.51,Kenneth Gainwell,5300,PHI,@NYG,1,,4.05,5.3,2.8,-3.38,0.8,0.2,7.43,2,0.86,0,0,5,0,0.89,1.3,17,26,19,3.5,-7,45,50,0,0,0,0,0,0,0,0,0,0,0,0,0,0,0,0,0,6,16,5.1,0.3,0.647,0.94,0.76,0.29,40,0.88,0.68,6.5,0,1.31,0.36,40,0.2,0.2,50,5.2,-1.8,-700,1.05,0.3,24,0.18,0.45,33,RB,12/7/2022,0.172,0.104,0.256,3,1,1,6,4,6.1,0,0,0.455,0.727,0,0,0,,0,0,0,0,0,0,0,0,0,0,0,gainwell,kenneth gainwell,k,gainwell5300rbk,84373-90912,RB,k,Kenneth Gainwell,gainwell,4.85833327,12,5300,PHI@NYG,PHI,NYG,,,,,,RB/FLEX,ryland,ryland,kenneth,gainwell5300rbk
gallup6000wrm,66.12,Michael Gallup,6000,DAL,HOU,1,,9.14,12.7,5.5,-0.67,1.5,7.9,9.81,-7,0.59,0.83,3.2,2,0,0.6,-2.9,48,30.8,13.3,2.8,-17.5,44,54,0,0,0,0,0,0,0,0,0,0,0,0,0,0,0,0,0,0,0,0,0,0,0.65,0.29,0.12,0,0,0,8.4,300,1.29,0.15,100,0.4,0,50,7.5,-0.5,0,1.36,0.16,54,0.13,0.04,22,WR,12/7/2022,0,0,0,0,5,3,36,19,11.7,0.3,0,0.273,0,0.173,0.16,0.157,28.6,26.2,0,0,0,0,0,0,0,0,0,0,gallup,michael gallup,m,gallup6000wrm,84373-69956,WR,m,Michael Gallup,gallup,6.85555564,9,6000,HOU@DAL,DAL,HOU,,,,,,WR/FLEX,ryland,ryland,michael,gallup6000wrm
gentry4300tez,64.49,Zach Gentry,4300,PIT,BAL,1,,2.33,3.3,1.4,-2.27,0.5,0.1,4.6,-4,0.62,0,0,1,0,0.18,-0.7,36,19.5,17.5,0,-2,37,48,0,0,0,0,0,0,0,0,0,0,0,0,0,0,0,0,0,0,0,0,0,0,0.31,0.19,0.19,41,0.81,0.11,1.3,-100,0.83,0.03,60,0.2,0.2,50,2.5,-0.5,-1700,1.31,0.07,37,0.08,0.29,24,TE,12/7/2022,0,0,0,0,1,1,11,7,7.3,0,0,0,0,0.055,0,0.058,3.1,1.6,0,0,0,0,0,0,0,0,0,0,gentry,zach gentry,z,gentry4300tez,84373-64221,TE,z,Zach Gentry,gentry,1.839999962,10,4300,BAL@PIT,PIT,BAL,,,,,,TE/FLEX,ryland,ryland,zach,gentry4300tez
godwin7500wrc,57.25,Chris Godwin,7500,TB,@SF,4,,10.99,15,7,-2.24,1.5,2.3,13.23,28,0.99,1,4.2,3,0,0.73,0.5,56,17,20.5,-3.8,3.5,37.5,41,0,0,0,0,0,0,0,0,0,0,0,0,0,0,0,0,0,0,0,0,0,0,1,0.59,0.18,51,0.73,0.62,14.9,1000,1.32,0.22,100,0.5,0,40,11.1,-0.6,1500,1.08,0.2,40,0.12,0.12,25,WR,12/7/2022,0,0,0,0,10,7,66,20,9.5,0.2,0,0.133,0,0.228,0.125,0.233,37,19,0,0,0,0,0,0,0,0,0,0,godwin,chris godwin,c,godwin7500wrc,84373-55635,WR,c,Chris Godwin,godwin,11.13000031,10,7500,TB@SF,TB,SF,,,,,,WR/FLEX,ryland,ryland,chris,godwin7500wrc
goff7100qbj,57.85,Jared Goff,7100,DET,MIN,1,,17.76,28.9,6.6,-1.23,2.5,12.2,18.99,-6,0.27,1,10,1,0,0.44,-4.3,65,26.8,24.8,2.3,-2,51.5,49,21,33,246,65,7.4,7.15,1.7,37,120.5,260.7,4.8,21.4,6,5.2,1.5,4.6,1,3,3,2.3,0,0.174,4.76,2.59,1.71,0,0,0,14.1,-100,0.39,0.21,100,0.66,0,60,15.6,-1.3,1100,0.43,0.24,69,0.52,0.13,23,QB,12/7/2022,0,0,0,0,0,0,0,0,0,0,0,0,0,0,0,0,,0,0,0,0,0,0,0,0,0,0,0,goff,jared goff,j,goff7100qbj,84373-38435,QB,j,Jared Goff,goff,16.09000015,12,7100,MIN@DET,DET,MIN,,,,,,QB,ryland,ryland,jared,goff7100qbj
goodwin5200wrm,46.87,Marquise Goodwin,5200,SEA,CAR,4,,3.91,5.7,2.1,-4.07,0.8,1.2,7.98,-2,0.72,0,0,1,0,0.14,-2.4,28,24.3,20.3,2,-4,44.5,58,0,0,0,0,0,0,0,0,0,0,0,0,0,0,0,0,0,0,0,0,0,0,0.33,0.11,0.06,43,0.86,0.16,6.7,100,2.5,0.22,66,0.33,0.33,30,5.9,-0.5,-800,2.25,0.21,42,0.1,0.15,19,WR,12/7/2022,0,0,0,0,2,1,24,13,13.3,0.2,0,0.333,0,0.075,0.15,0.094,16.2,10.2,0,0,0,0,0,0,0,0,0,0,goodwin,marquise goodwin,m,goodwin5200wrm,84373-32243,WR,m,Marquise Goodwin,goodwin,6.322222392,9,5200,CAR@SEA,SEA,CAR,,,,,,WR/FLEX,ryland,ryland,marquise,goodwin5200wrm
gray4300ten,65.36,Noah Gray,4300,KC,@DEN,4,,3.85,5.4,2.3,-0.75,0.9,0.3,4.6,7,0.98,0,0,1,0,0.28,-1.1,31,26.8,17.3,2.3,-9.5,44,63,0,0,0,0,0,0,0,0,0,0,0,0,0,0,0,0,0,0,0,0,0,0,0.29,0.18,0.06,44,0.31,0.1,3.7,100,1.86,0.1,100,0.4,0,50,3.1,0,-1700,1.79,0.1,61,0.11,0.11,26,TE,12/7/2022,0,0,0,0,1,1,12,9,9.4,0.1,0,0.25,0,0.046,0.024,0.039,8.1,3,0,0,0,0,0,0,0,0,0,0,gray,noah gray,n,gray4300ten,84373-93143,TE,n,Noah Gray,gray,3.375,12,4300,KC@DEN,KC,DEN,,,,,,TE/FLEX,ryland,ryland,noah,gray4300ten
harris6700rbn,73.57,Najee Harris,6700,PIT,BAL,1,,10.3,13.3,7.3,-0.62,1.5,6.6,10.92,0,0.8,0.5,1.3,5,0,0.18,-1.9,48,19.5,17.5,0,-2,37,48,0,0,0,0,0,0,0,0,0,0,0,0,0,0,0,0,0,16,62,4.1,0.3,0.469,2.13,1.06,0.5,41,0.81,0.11,16.2,300,0.85,0.36,100,0.4,0,50,11.3,0,700,0.57,0.24,66,0.12,0.25,24,RB,12/7/2022,0.417,0.543,0.704,15,3,2,13,7,50,0.1,0,0.107,0.464,0,0,0,,0,0,0,0,0,0,0,0,0,0,0,harris,najee harris,n,harris6700rbn,84373-90575,RB,n,Najee Harris,harris,10.92166646,12,6700,BAL@PIT,PIT,BAL,,,,,,RB/FLEX,ryland,ryland,najee,harris6700rbn
henry9000rbd,84.18,Derrick Henry,9000,TEN,JAX,1,,17.28,22.3,12.2,0.62,1.9,18.7,16.66,2,0.86,1,6.7,8,0,0.11,1.3,37,22.3,18.8,-2.5,-3.5,41,52,0,0,0,0,0,0,0,0,0,0,0,0,0,0,0,0,0,19,89,4.2,0.8,0.465,2.12,0.94,0.76,53,0.85,0.04,12.5,-400,0.53,0.35,25,0.25,0.75,40,14.9,-1.4,3000,0.58,0.4,28,0.25,0.42,28,RB,12/7/2022,0.909,0.749,0.643,21,2,1,23,17,12.4,0,0,0.29,0.548,0,0,0,,0,0,0,0,0,0,0,0,0,0,0,henry,derrick henry,d,henry9000rbd,84373-39280,RB,d,Derrick Henry,henry,17.67166646,12,9000,JAC@TEN,TEN,JAC,,,,,,RB/FLEX,ryland,ryland,derrick,henry9000rbd
higgins7800wrt,63.61,Tee Higgins,7800,CIN,CLE,1,,12.71,17.6,7.8,-1.2,1.6,10.9,13.91,2,0.84,1,1.6,3,0,0.73,-1.2,49,26,20.5,0.2,-5.5,46.5,65,0,0,0,0,0,0,0,0,0,0,0,0,0,0,0,0,0,0,0,0,0,0,0.65,0.24,0.18,46,0.74,0,17.6,200,1.96,0.3,75,0.75,0.25,40,14,1.9,1800,1.96,0.29,53,0.38,0.26,26,WR,12/7/2022,0,0,0,0,7,5,78,28,15.3,0.4,0,0.364,0,0.198,0.194,0.252,60.4,31.1,0,0,0,0,0,0,0,0,0,0,higgins,tee higgins,t,higgins7800wrt,84373-89981,WR,t,Tee Higgins,higgins,13.28181874,11,7800,CLE@CIN,CIN,CLE,,,,,,WR/FLEX,ryland,ryland,tee,higgins7800wrt
hilliard5000rbd,63.46,Dontrell Hilliard,5000,TEN,JAX,1,,4.24,5.5,2.9,-2.44,0.8,0.3,6.68,1,0.83,0,0,4,0,0.83,1.3,19,22.3,18.8,-2.5,-3.5,41,52,0,0,0,0,0,0,0,0,0,0,0,0,0,0,0,0,0,9,20,5.6,0.1,0.424,0.76,0.12,0,53,0.85,0.04,3.9,-700,1.2,0.21,25,0,0.5,40,5.5,-0.9,-1000,0.89,0.29,32,0.14,0.32,28,RB,12/7/2022,0.063,0.159,0.31,3,2,1,13,10,6.9,0.3,0,0,0,0,0,0,,0,0,0,0,0,0,0,0,0,0,0,hilliard,dontrell hilliard,d,hilliard5000rbd,84373-52808,RB,d,Dontrell Hilliard,hilliard,6.063636086,11,5000,JAC@TEN,TEN,JAC,,,,,,RB/FLEX,ryland,ryland,dontrell,hilliard5000rbd
hines4800rbn,57.02,Nyheim Hines,4800,BUF,NYJ,1,,2.81,3.7,1.9,-3.37,0.6,0.1,6.18,1,0.83,0,0,4,0,0.39,-3.4,15,26.5,16.5,-0.5,-10,43,36,0,0,0,0,0,0,0,0,0,0,0,0,0,0,0,0,0,1,2,1.6,0.1,0.185,0.78,0.33,0.11,35,0.98,0.57,0.7,-700,0.36,0.07,28,0,0.71,70,3.5,-1.7,-1200,0.81,0.24,44,0.04,0.4,25,RB,12/7/2022,0.091,0.021,0.23,1,2,2,16,9,7.6,0.1,0,0.167,0.167,0,0,0,,0,0,0,0,0,0,0,0,0,0,0,hines,nyheim hines,n,hines4800rbn,84373-63625,RB,n,Nyheim Hines,hines,3.674999873,12,4800,NYJ@BUF,BUF,NYJ,,,,,,RB/FLEX,ryland,ryland,nyheim,hines4800rbn
hinton5100wrk,58.49,Kendall Hinton,5100,DEN,KC,4,,6.24,9.1,3.4,-1.52,1.2,7.8,7.76,-19,0.37,0,0,0,0,0.14,-2.3,28,17.3,26.8,-0.7,9.5,44,37,0,0,0,0,0,0,0,0,0,0,0,0,0,0,0,0,0,0,0,0,0,0,0.18,0.12,0.06,44,0.31,0.1,6.3,500,1.33,0.11,80,0.4,0.2,50,5.1,0,-900,1.64,0.18,39,0.13,0.13,23,WR,12/7/2022,0,0,0,0,2,1,19,14,14.1,0,0,0,0,0.072,0,0.094,16,8.3,0,0,0,0,0,0,0,0,0,0,hinton,kendall hinton,k,hinton5100wrk,84373-61042,WR,k,Kendall Hinton,hinton,4.233333164,9,5100,KC@DEN,DEN,KC,,,,,,WR/FLEX,ryland,ryland,kendall,hinton5100wrk
hockenson6500tet,72.7,T.J. Hockenson,6500,MIN,@DET,1,,10.26,13.9,6.6,0.52,1.6,8.8,9.74,1,0.88,1,10,7,0,0.76,2.3,57,24.8,26.8,-1.7,2,51.5,51,0,0,0,0,0,0,0,0,0,0,0,0,0,0,0,0,0,0,0,0,0,0,0.83,0.44,0.22,0,0,0,7.6,500,0.98,0.13,100,0.4,0,50,8.5,0.8,500,1.23,0.15,59,0.13,0.09,22,TE,12/7/2022,0,0,0,0,6,4,51,22,11.1,0.3,0,0.2,0,0.194,0.211,0.196,27.1,15.6,0,0,0,0,0,0,0,0,0,0,hockenson,t.j. hockenson,t,hockenson6500tet,84373-71706,TE,t,T.J. Hockenson,hockenson,9.666666667,12,6500,MIN@DET,MIN,DET,,,,,,TE/FLEX,ryland,ryland,t.j.,hockenson6500tet
hodgins5500wri,51.34,Isaiah Hodgins,5500,NYG,PHI,1,,5.78,8.2,3.3,-2.89,1.1,1.5,8.67,5,0.89,0,0,0,0,0.04,-4.6,33,19,26,-2,7,45,50,0,0,0,0,0,0,0,0,0,0,0,0,0,0,0,0,0,0,0,0,0,0,0.1,0.05,0,40,0.88,0.68,5.5,900,1.46,0.12,100,0.4,0,50,60,0.1,-500,1.71,0.18,25,0.1,0.07,28,WR,12/7/2022,0,0,0,0,3,2,31,16,10.9,0.2,0,0.5,0,0.112,0.083,0.108,32,12.3,0,0,0,0,0,0,0,0,0,0,hodgins,isaiah hodgins,i,hodgins5500wri,84373-93055,WR,i,Isaiah Hodgins,hodgins,6.220000076,5,5500,PHI@NYG,NYG,PHI,,,,,,WR/FLEX,ryland,ryland,isaiah,hodgins5500wri
homer5800rbt,73.4,Travis Homer,5800,SEA,CAR,4,,7.89,10.7,5,-0.79,1.4,3.9,8.68,0,0.8,1,0.7,3,0,0.23,-1.7,14,24.3,20.3,2,-4,44.5,58,0,0,0,0,0,0,0,0,0,0,0,0,0,0,0,0,0,4,7,4.6,0,0.688,0.11,0,0,43,0.86,0.16,12.3,1000,4.92,1.23,33,0.33,0,30,4.4,-1.2,-200,1.47,0.32,38,0.04,0.19,21,RB,12/7/2022,0,0.061,0.228,1,1,1,14,11,13.4,0.1,0,0,1,0,0,0,,0,0,0,0,0,0,0,0,0,0,0,homer,travis homer,t,homer5800rbt,84373-71444,RB,t,Travis Homer,homer,4.616666794,6,5800,CAR@SEA,SEA,CAR,,,,,,RB/FLEX,ryland,ryland,travis,homer5800rbt
hooper4900tea,67.88,Austin Hooper,4900,TEN,JAX,1,,6.07,8.4,3.8,0.07,1.2,3.9,6,3,0.93,0.5,1.7,3,0,0.07,-0.3,33,22.3,18.8,-2.5,-3.5,41,52,0,0,0,0,0,0,0,0,0,0,0,0,0,0,0,0,0,0,0,0,0,0,0.61,0.22,0.11,53,0.85,0.04,8.1,300,1.62,0.25,100,0.5,0,40,4.1,-1.5,-1100,1.21,0.12,67,0.14,0.1,28,TE,12/7/2022,0,0,0,0,3,2,22,11,9.8,0.2,0,0.273,0,0.131,0.15,0.119,16.3,13,0,0,0,0,0,0,0,0,0,0,hooper,austin hooper,a,hooper4900tea,84373-40126,TE,a,Austin Hooper,hooper,4.450000127,12,4900,JAC@TEN,TEN,JAC,,,,,,TE/FLEX,ryland,ryland,austin,hooper4900tea
houston3000,66.98,Houston,3000,HOU,@DAL,1,,4.64,10.4,-1.1,1.48,1.5,1.2,3.16,-3,0.45,0,0,1,0,0.57,-2.4,0,13.3,30.8,-6.7,17.5,44,47,0,0,0,0,0,0,0,0,0,0,0,0,0,0,2.15,6.85,0,0,0,0,0,0,0,0,0,0,0,0,5.5,-400,0,0,75,0.5,0.25,40,6.6,0.7,-3000,0,0,77,0.63,0.22,22,D,12/7/2022,0,0,0,0,0,0,0,0,0,0,0,0,0,0,0,0,,0,1.8,0.5049,0.4812,0.0103,0.0374,7.84,8.53,4.5,2.92,0.2138,houston,houston,h,houston3000,84373-12556,D,h,Houston Texans,texans,5.833333333,12,3000,HOU@DAL,HOU,DAL,,,,,,DEF,Texans,Texans,houston,houston3000
hubbard5500rbc,65.19,Chuba Hubbard,5500,CAR,@SEA,4,,6.01,7.8,4.2,-1.92,1.1,0.9,7.93,0,0.8,1,0.7,0,0,0.28,-2,18,20.3,24.3,-1,4,44.5,42,0,0,0,0,0,0,0,0,0,0,0,0,0,0,0,0,0,9,24,4,0.2,0.429,0.82,0.06,0.06,43,0.86,0.16,4.5,-100,0.38,0.18,100,0.33,0,30,4.2,-0.6,-500,0.6,0.23,34,0.17,0.39,23,RB,12/7/2022,0.273,0.216,0.302,6,1,0,3,3,5.3,0.1,0,0.154,0.385,0,0,0,,0,0,0,0,0,0,0,0,0,0,0,hubbard,chuba hubbard,c,hubbard5500rbc,84373-87467,RB,c,Chuba Hubbard,hubbard,3.077777863,9,5500,CAR@SEA,CAR,SEA,,,,,,RB/FLEX,ryland,ryland,chuba,hubbard5500rbc
hunt5700rbk,65.86,Kareem Hunt,5700,CLE,@CIN,1,,6.48,8.4,4.5,-1.95,1.1,2.9,8.43,-5,0.59,0,0,0,0,0.11,-0.6,30,20.5,26,-1.8,5.5,46.5,35,0,0,0,0,0,0,0,0,0,0,0,0,0,0,0,0,0,12,32,4.1,0.2,0.5,1.5,0.67,0.33,46,0.74,0,5.2,-100,0.64,0.19,60,0.2,0.4,50,7.5,-1,-300,0.72,0.25,39,0.13,0.34,23,RB,12/7/2022,0.167,0.214,0.432,8,2,2,14,9,6.9,0.1,0,0.105,0.526,0,0,0,,0,0,0,0,0,0,0,0,0,0,0,hunt,kareem hunt,k,hunt5700rbk,84373-45229,RB,k,Kareem Hunt,hunt,7.958333333,12,5700,CLE@CIN,CLE,CIN,,,,,,RB/FLEX,ryland,ryland,kareem,hunt5700rbk
huntley7000qbt,65.65,Tyler Huntley,7000,BAL,@PIT,1,,15.82,24.1,7.6,-2.98,2.3,2.6,18.8,-2,0.52,0.9,6.3,2,0,0.44,-2.3,56,17.5,19.5,-4,2,37,52,23,34,202,68,5.8,4.46,0.6,32,122,272.2,6.4,43.9,27.7,1.8,2.4,7.6,7,14,47,6.1,0.5,0.617,2.53,1.18,0.53,41,0.81,0.11,16.6,900,0.43,0.53,25,0.25,0,40,13.8,0,1000,0.3,0.25,27,0.13,0.09,22,QB,12/7/2022,0,0,0,0,0,0,0,0,0,0,0,0,0,0,0,0,,0,0,0,0,0,0,0,0,0,0,0,huntley,tyler huntley,t,huntley7000qbt,84373-70051,QB,t,Tyler Huntley,huntley,16.57999992,1,7000,BAL@PIT,BAL,PIT,,,,,,QB,ryland,ryland,tyler,huntley7000qbt
hurts8700qbj,82.12,Jalen Hurts,8700,PHI,@NYG,1,,22.82,32.5,13.1,0.69,2.6,11,22.13,1,0.82,1,3.1,2,0,0.82,-2.4,67,26,19,3.5,-7,45,50,19,29,243,67,8.3,7.91,1.5,38,136.8,251.1,6.4,17.6,7.5,5.2,1,7.3,9,15,46,4.7,0.7,0.597,6.29,3.47,2.41,40,0.88,0.68,27.1,-300,0.64,0.42,100,0.8,0,50,26.1,5.1,2700,0.63,0.39,87,0.63,0,33,QB,12/7/2022,0,0,0,0,0,0,0,0,0,0,0,0,0,0,0,0,,0,0,0,0,0,0,0,0,0,0,0,hurts,jalen hurts,j,hurts8700qbj,84373-69531,QB,j,Jalen Hurts,hurts,25.625,12,8700,PHI@NYG,PHI,NYG,,,,,,QB,ryland,ryland,jalen,hurts8700qbj
jackson4800rbj,60.47,Justin Jackson,4800,DET,MIN,1,,3.1,4.1,2.1,-3.08,0.6,0.1,6.18,4,0.91,0,0,4,0,0.23,-5.1,21,26.8,24.8,2.3,-2,51.5,49,0,0,0,0,0,0,0,0,0,0,0,0,0,0,0,0,0,11,29,4.9,0.2,0.551,1.35,0.53,0.18,0,0,0,4.8,0,0.66,0.25,83,0.33,0.16,60,6.7,0.6,-1200,0.82,0.32,65,0.26,0.13,23,RB,12/7/2022,0.111,0.245,0.303,6,2,1,15,7,9.1,0.1,0,0.111,0.556,0,0,0,,0,0,0,0,0,0,0,0,0,0,0,jackson,justin jackson,j,jackson4800rbj,84373-55165,RB,j,Justin Jackson,jackson,3.020000076,10,4800,MIN@DET,DET,MIN,,,,,,RB/FLEX,ryland,ryland,justin,jackson4800rbj
jackson5000wrd,48.23,DeSean Jackson,5000,BAL,@PIT,1,,3.68,5.6,1.8,-3.85,0.7,0.5,7.53,4,0.88,0,0,0,0,0.24,-1.5,19,17.5,19.5,-4,2,37,52,0,0,0,0,0,0,0,0,0,0,0,0,0,0,0,0,0,0,0,0,0,0,0,0,0,41,0.81,0.11,5.2,300,1.73,0.31,25,0.25,0.25,40,3.4,-2.6,500,1.45,0.18,30,0.07,0.3,13,WR,12/7/2022,0,0,0,0,2,1,19,15,14.9,0,0,0,0,0.082,0,0.103,24.4,18,0,0,0,0,0,0,0,0,0,0,jackson,desean jackson,d,jackson5000wrd,84373-6739,WR,d,DeSean Jackson,jackson,4.166666667,3,5000,BAL@PIT,BAL,PIT,,,,,,WR/FLEX,ryland,ryland,desean,jackson5000wrd
jacksonville3400,79.86,Jacksonville,3400,JAX,@TEN,1,,5.78,12.8,-1.2,1.33,1.7,2.8,4.45,-6,0.28,0,0,2,0,0.74,1.3,0,18.8,22.3,0.5,3.5,41,48,0,0,0,0,0,0,0,0,0,0,0,0,0,0,1.92,5.41,0,0,0,0,0,0,0,0,0,53,0.85,0.04,2.3,400,0,0,66,0.33,0.33,30,6.1,10,-2600,0,0,76,0.47,0.23,21,D,12/7/2022,0,0,0,0,0,0,0,0,0,0,0,0,0,0,0,0,,0,2.1,0.5009,0.499,0.0105,0.0437,7.25,9.59,5.63,2.79,0.2209,jacksonville,jacksonville,j,jacksonville3400,84373-12554,D,j,Jacksonville Jaguars,jaguars,5.75,12,3400,JAC@TEN,JAC,TEN,,,,,,DEF,Jaguars,Jaguars,jacksonville,jacksonville3400
james5400wrr,49.25,Richie James,5400,NYG,PHI,1,,5.01,7,3,-3.43,0.9,1.6,8.44,0,0.79,0,0,0,0,0.09,-4.6,28,19,26,-2,7,45,50,0,0,0,0,0,0,0,0,0,0,0,0,0,0,0,0,0,0,0,0,0,0,0.18,0.12,0.06,40,0.88,0.68,10.2,300,2.54,0.32,80,0.6,0,50,5.4,-1.9,-600,1.47,0.19,33,0.16,0.29,24,WR,12/7/2022,0,0,0,0,3,2,27,12,9.7,0.2,0,0.667,0,0.123,0.222,0.137,20.7,12.2,0,0,0,0,0,0,0,0,0,0,james,richie james,r,james5400wrr,84373-53498,WR,r,Richie James Jr.,james,4.736363498,11,5400,PHI@NYG,NYG,PHI,,,,,,WR/FLEX,ryland,ryland,richie,james5400wrr
jefferson9300wrj,71.74,Justin Jefferson,9300,MIN,@DET,1,,17.27,23.9,10.6,-0.06,1.9,14.5,17.33,5,0.89,1,6.8,8,0,0.93,1.3,62,24.8,26.8,-1.7,2,51.5,51,0,0,0,0,0,0,0,0,0,0,0,0,0,0,0,0,0,0,0,0,0,0,1.63,1.06,0.31,0,0,0,16,700,1.3,0.25,80,0.6,0.2,50,13.9,-1.7,3300,1.19,0.22,48,0.22,0.44,27,WR,12/7/2022,0,0,0,0,10,6,100,31,14.5,0.5,0,0.2,0,0.305,0.32,0.414,68,41.8,0,0,0,0,0,0,0,0,0,0,jefferson,justin jefferson,j,jefferson9300wrj,84373-85671,WR,j,Justin Jefferson,jefferson,18.28833389,12,9300,MIN@DET,MIN,DET,,,,,,WR/FLEX,ryland,ryland,justin,jefferson9300wrj
jennings5500wrj,39.38,Jauan Jennings,5500,SF,TB,4,,3.9,5.7,2.1,-4.77,0.7,0.5,8.67,7,0.92,0,0,0,0,0.01,0.6,28,20.5,17,-0.3,-3.5,37.5,59,0,0,0,0,0,0,0,0,0,0,0,0,0,0,0,0,0,0,0,0,0,0,0.35,0.18,0.18,51,0.73,0.62,8.1,600,1.91,0.34,60,0.2,0,50,5.5,-1.6,-500,1.34,0.2,50,0.2,0.29,24,WR,12/7/2022,0,0,0,0,4,2,32,16,12.3,0.3,0,0.5,0,0.13,0.167,0.125,18.1,14.7,0,0,0,0,0,0,0,0,0,0,jennings,jauan jennings,j,jennings5500wrj,84373-61593,WR,j,Jauan Jennings,jennings,4.481818112,11,5500,TB@SF,SF,TB,,,,,,WR/FLEX,ryland,ryland,jauan,jennings5500wrj
jeudy6500wrj,66.95,Jerry Jeudy,6500,DEN,KC,4,,10.47,14.8,6.2,-0.48,1.6,6.6,10.95,7,0.92,1,3.2,1,0,0.67,-2.3,41,17.3,26.8,-0.7,9.5,44,37,0,0,0,0,0,0,0,0,0,0,0,0,0,0,0,0,0,0,0,0,0,0,0.41,0.24,0,44,0.31,0.1,8.5,100,3.4,0.85,20,0,0,50,9.5,-0.6,500,1.68,0.23,50,0.22,0.09,22,WR,12/7/2022,0,0,0,0,5,3,46,28,14.8,0.2,0,0.286,0,0.184,0.3,0.209,28.3,22.8,0,0,0,0,0,0,0,0,0,0,jeudy,jerry jeudy,j,jeudy6500wrj,84373-90561,WR,j,Jerry Jeudy,jeudy,8.65,10,6500,KC@DEN,DEN,KC,,,,,,WR/FLEX,ryland,ryland,jerry,jeudy6500wrj
johnson4700wrb,51.44,Brandon Johnson,4700,DEN,KC,4,,3.84,5.7,2,-3,0.8,0.3,6.84,11,0.95,0,0,1,0,0.14,-2.3,29,17.3,26.8,-0.7,9.5,44,37,0,0,0,0,0,0,0,0,0,0,0,0,0,0,0,0,0,0,0,0,0,0,0.14,0.14,0.14,44,0.31,0.1,3.1,200,1.57,0.11,40,0.4,0.2,50,3.9,0.1,-1300,1.94,0.13,27,0.18,0.18,11,WR,12/7/2022,0,0,0,0,2,1,4,3,40,0.3,0,1,0,0.074,1,0.021,3,8.5,0,0,0,0,0,0,0,0,0,0,johnson,brandon johnson,b,johnson4700wrb,84373-71241,WR,b,Brandon Johnson,johnson,4.349999905,2,4700,KC@DEN,DEN,KC,,,,,,WR/FLEX,ryland,ryland,brandon,johnson4700wrb
johnson5200rbt,51.49,Ty Johnson,5200,NYJ,@BUF,1,,2.87,3.8,2,-4.31,0.6,0.1,7.18,2,0.86,0,0,1,0,0.89,-3.2,16,16.5,26.5,-0.5,10,43,64,0,0,0,0,0,0,0,0,0,0,0,0,0,0,0,0,0,7,12,5.4,0.2,0.407,0.35,0.06,0.06,35,0.98,0.57,5.6,500,0.83,0.29,75,0.5,0.25,40,40,0.5,-800,0.88,0.25,33,0.19,0.28,21,RB,12/7/2022,0.286,0.102,0.268,2,2,1,12,6,9.4,0,0,0.25,0.5,0,0,0,,0,0,0,0,0,0,0,0,0,0,0,johnson,ty johnson,t,johnson5200rbt,84373-63050,RB,t,Ty Johnson,johnson,2.933333291,9,5200,NYJ@BUF,NYJ,BUF,,,,,,RB/FLEX,ryland,ryland,ty,johnson5200rbt
johnson6500wrd,62.77,Diontae Johnson,6500,PIT,BAL,1,,9.67,13.2,6.1,-1.28,1.5,5.4,10.95,7,0.92,0.5,1.1,2,0,0.6,-3.3,62,19.5,17.5,0,-2,37,48,0,0,0,0,0,0,0,0,0,0,0,0,0,0,0,0,0,0,0,0,0,0,1.5,0.38,0.19,41,0.81,0.11,6.5,-100,0.87,0.1,80,0.2,0.2,50,8.4,-2,500,0.89,0.14,70,0.04,0.25,24,WR,12/7/2022,0,0,0,0,9,5,46,16,8.5,0.1,0,0.13,0,0.256,0.182,0.222,33.3,29.8,0,0,0,0,0,0,0,0,0,0,johnson,diontae johnson,d,johnson6500wrd,84373-66008,WR,d,Diontae Johnson,johnson,7.608333588,12,6500,BAL@PIT,PIT,BAL,,,,,,WR/FLEX,ryland,ryland,diontae,johnson6500wrd
jones5400wrj,53.6,Julio Jones,5400,TB,@SF,4,,5.64,8.4,2.9,-2.8,1,0.9,8.44,14,0.97,0,0,0,0,0.6,0.5,35,17,20.5,-3.8,3.5,37.5,41,0,0,0,0,0,0,0,0,0,0,0,0,0,0,0,0,0,0,0,0,0,0,0.59,0.24,0.12,51,0.73,0.62,7.1,400,1.33,0.16,100,0.25,0,40,6.7,-0.9,-600,1.42,0.19,45,0.12,0.12,24,WR,12/7/2022,0,0,0,0,4,2,31,18,12.7,0.3,0,0.2,0,0.113,0.176,0.122,21.2,20.6,0,0,0,0,0,0,0,0,0,0,jones,julio jones,j,jones5400wrj,84373-14190,WR,j,Julio Jones,jones,6.899999891,7,5400,TB@SF,TB,SF,,,,,,WR/FLEX,ryland,ryland,julio,jones5400wrj
jones5400wrm,54.88,Marvin Jones Jr.,5400,JAX,@TEN,1,,6.04,8.7,3.4,-2.4,1.1,2.3,8.44,1,0.81,0,0,0,0,0.24,-1.2,50,18.8,22.3,0.5,3.5,41,48,0,0,0,0,0,0,0,0,0,0,0,0,0,0,0,0,0,0,0,0,0,0,0.94,0.53,0.29,53,0.85,0.04,5.2,0,1.57,0.13,66,0.33,0.33,30,7.8,-0.5,-600,1.31,0.16,70,0.3,0.1,20,WR,12/7/2022,0,0,0,0,5,3,42,18,11.9,0.2,0,0.188,0,0.173,0.158,0.178,38.1,29.8,0,0,0,0,0,0,0,0,0,0,jones,marvin jones jr.,m,jones5400wrm,84373-22103,WR,m,Marvin Jones Jr.,jones,6.045454545,11,5400,JAC@TEN,JAC,TEN,,,,,,WR/FLEX,ryland,ryland,marvin,jones5400wrm
jones5500rbt,74.46,Tony Jones Jr.,5500,SEA,CAR,4,,7.63,10.4,4.9,-0.3,1.4,0.9,7.93,6,0.94,0,0,3,0,0.28,-1.7,14,24.3,20.3,2,-4,44.5,58,0,0,0,0,0,0,0,0,0,0,0,0,0,0,0,0,0,3,8,2.3,0,0.44,0.1,0.05,0.05,43,0.86,0.16,4.2,1000,0.38,0.18,33,0,0,30,3.1,-1,-500,0.65,0.22,28,0,0.19,21,RB,12/7/2022,0,0.065,0.24,3,1,0,7,5,9.8,0,0,0,1,0,0,0,,0,0,0,0,0,0,0,0,0,0,0,jones,tony jones jr.,t,jones5500rbt,84373-73121,RB,t,Tony Jones Jr.,jones,3.599999905,2,5500,CAR@SEA,SEA,CAR,,,,,,RB/FLEX,ryland,ryland,tony,jones5500rbt
jones6300wrz,58.26,Zay Jones,6300,JAX,@TEN,1,,8.62,11.8,5.4,-1.87,1.4,6.6,10.49,-3,0.69,1,3.2,2,0,0.24,-1.2,58,18.8,22.3,0.5,3.5,41,48,0,0,0,0,0,0,0,0,0,0,0,0,0,0,0,0,0,0,0,0,0,0,0.94,0.33,0.11,53,0.85,0.04,11.8,800,1.14,0.22,66,0.66,0.33,30,8.3,0.2,300,1.07,0.14,80,0.28,0.14,21,WR,12/7/2022,0,0,0,0,7,5,51,16,9.6,0.1,0,0.067,0,0.233,0.048,0.227,38.3,27.8,0,0,0,0,0,0,0,0,0,0,jones,zay jones,z,jones6300wrz,84373-41305,WR,z,Zay Jones,jones,8.900000139,11,6300,JAC@TEN,JAC,TEN,Q,Chest,,,,WR/FLEX,ryland,ryland,zay,jones6300wrz
jones6900qbd,58.46,Daniel Jones,6900,NYG,PHI,1,,15.52,23.2,7.9,-3.08,2.2,3.2,18.6,-6,0.27,0,1.3,1,0,0.44,-10.2,66,19,26,-2,7,45,50,19,28,197,65,6.8,5.93,0.9,35,102.3,214.8,3.5,10.4,1.2,3.2,1.1,10,7,13,43,5.7,0.3,0.582,3.41,1.82,1,40,0.88,0.68,20.6,-600,0.5,0.3,100,0.6,0,50,16.1,-0.1,900,0.41,0.24,57,0.33,0.14,21,QB,12/7/2022,0,0,0,0,0,0,0,0,0,0,0,0,0,0,0,0,,0,0,0,0,0,0,0,0,0,0,0,jones,daniel jones,d,jones6900qbd,84373-63519,QB,d,Daniel Jones,jones,17.23333359,12,6900,PHI@NYG,NYG,PHI,,,,,,QB,ryland,ryland,daniel,jones6900qbd
jordan4600teb,52.49,Brevin Jordan,4600,HOU,@DAL,1,,2.89,4.1,1.7,-2.41,0.6,0.1,5.3,3,0.93,0,0,0,0,0.04,-2.3,31,13.3,30.8,-6.7,17.5,44,46,0,0,0,0,0,0,0,0,0,0,0,0,0,0,0,0,0,0,0,0,0,0,0.18,0.06,0.06,0,0,0,6.6,100,1.32,0.28,20,0.2,0,50,3.1,-0.6,-1400,0.92,0.1,31,0.13,0.22,22,TE,12/7/2022,0,0,0,0,3,1,16,9,8.9,0.1,0,0.333,0,0.101,0.067,0.074,7.1,7.9,0,0,0,0,0,0,0,0,0,0,jordan,brevin jordan,b,jordan4600teb,84373-94094,TE,b,Brevin Jordan,jordan,2.133333365,6,4600,HOU@DAL,HOU,DAL,,,,,,TE/FLEX,ryland,ryland,brevin,jordan4600teb
kansas city4500,41.97,Kansas City,4500,KC,@DEN,4,,7.2,16.1,-1.7,-0.79,1.6,5.6,7.99,1,0.75,0,0,2,0,0.78,-0.6,0,26.8,17.3,2.3,-9.5,44,63,0,0,0,0,0,0,0,0,0,0,0,0,0,0,1.35,7.04,0,0,0,0,0,0,0,0,0,44,0.31,0.1,7.2,200,0,0,100,0.6,0,50,6.5,-0.2,-1500,0,0,92,0.33,0.07,27,D,12/7/2022,0,0,0,0,0,0,0,0,0,0,0,0,0,0,0,0,,0,2.8,0.5254,0.5172,0.0083,0.0444,6.93,10.12,5.25,3.73,0.2267,city,kansas city,k,kansas city4500,84373-12536,D,k,Kansas City Chiefs,chiefs,6.083333333,12,4500,KC@DEN,KC,DEN,,,,,,DEF,City,City,kansas city,kansas city4500
kelce8000tet,88.94,Travis Kelce,8000,KC,@DEN,4,,14.35,19.3,9.4,1.1,1.8,7.8,13.25,3,0.93,1,4.2,9,0,0.94,-1.1,54,26.8,17.3,2.3,-9.5,44,63,0,0,0,0,0,0,0,0,0,0,0,0,0,0,0,0,0,0,0,0,0,0,2.29,1.41,1,44,0.31,0.1,22.3,-500,2.88,0.44,83,0.5,0.16,60,17.6,5.3,2000,2.14,0.33,64,0.32,0.28,28,TE,12/7/2022,0,0,0,0,8,5,73,25,12.6,0.9,0,0.371,0,0.224,0.381,0.237,43.9,20,0,0,0,0,0,0,0,0,0,0,kelce,travis kelce,t,kelce8000tet,84373-33076,TE,t,Travis Kelce,kelce,17.31666692,12,8000,KC@DEN,KC,DEN,,,,,,TE/FLEX,ryland,ryland,travis,kelce8000tet
kirk7600wrc,59.51,Christian Kirk,7600,JAX,@TEN,1,,11.66,16.1,7.2,-1.8,1.5,5.1,13.46,18,0.98,1,4.7,4,0,0.69,-1.2,60,18.8,22.3,0.5,3.5,41,48,0,0,0,0,0,0,0,0,0,0,0,0,0,0,0,0,0,0,0,0,0,0,1.24,0.71,0.47,53,0.85,0.04,15.5,800,1.55,0.29,66,0.33,0.33,30,12.4,10,1600,1.33,0.21,71,0.33,0.23,21,WR,12/7/2022,0,0,0,0,8,5,69,29,13.2,0.5,0,0.333,0,0.224,0.364,0.274,47.7,27.2,0,0,0,0,0,0,0,0,0,0,kirk,christian kirk,c,kirk7600wrc,84373-60858,WR,c,Christian Kirk,kirk,12.88333384,12,7600,JAC@TEN,JAC,TEN,,,,,,WR/FLEX,ryland,ryland,christian,kirk7600wrc
kittle5900teg,70.08,George Kittle,5900,SF,TB,4,,6.48,8.7,4.2,-1.86,1.1,2.3,8.34,7,0.98,1,1.7,5,0,0.43,-0.3,59,20.5,17,-0.3,-3.5,37.5,59,0,0,0,0,0,0,0,0,0,0,0,0,0,0,0,0,0,0,0,0,0,0,0.88,0.35,0.18,51,0.73,0.62,10.9,-300,2.92,0.17,40,0.4,0.6,50,9.5,-0.2,-100,1.63,0.16,45,0.25,0.33,24,TE,12/7/2022,0,0,0,0,5,4,51,21,11.9,0.3,0,0.267,0,0.18,0.192,0.192,28.1,17.2,0,0,0,0,0,0,0,0,0,0,kittle,george kittle,g,kittle5900teg,84373-39793,TE,g,George Kittle,kittle,8.819999695,10,5900,TB@SF,SF,TB,,,,,,TE/FLEX,ryland,ryland,george,kittle5900teg
knight6300rbz,62.39,Zonovan Knight,6300,NYJ,@BUF,1,,7.24,9.4,5.1,-2.68,1.1,6.3,9.92,-8,0.5,0.75,2.7,2,0,0.09,-3.2,38,16.5,26.5,-0.5,10,43,64,0,0,0,0,0,0,0,0,0,0,0,0,0,0,0,0,0,33,79,5.5,0,0.552,0.58,0.33,0.25,35,0.98,0.57,13.1,1800,0.71,0.34,50,0.5,0,40,9.1,0.4,300,0.49,0.24,20,0.13,0.06,15,RB,12/7/2022,0,0.572,0.52,14,4,4,31,12,7.8,0,0,0,0.4,0,0,0,,0,0,0,0,0,0,0,0,0,0,0,knight,zonovan knight,z,knight6300rbz,84373-103252,RB,z,Zonovan Knight,knight,13.05000019,2,6300,NYJ@BUF,NYJ,BUF,,,,,,RB/FLEX,ryland,ryland,zonovan,knight6300rbz
knox5000ted,80.71,Dawson Knox,5000,BUF,NYJ,1,,6.21,8.4,4,-0.03,1.2,9.8,6.24,-7,0.51,0.33,2.5,3,0,0.79,0.9,60,26.5,16.5,-0.5,-10,43,36,0,0,0,0,0,0,0,0,0,0,0,0,0,0,0,0,0,0,0,0,0,0,0.76,0.35,0.24,35,0.98,0.57,6.8,0,1.71,0.12,50,0.33,0.33,60,7.1,0.2,-1000,1.71,0.12,67,0.16,0.12,31,TE,12/7/2022,0,0,0,0,4,3,30,14,9.9,0.3,0,0.308,0,0.114,0.129,0.116,17.3,9.4,0,0,0,0,0,0,0,0,0,0,knox,dawson knox,d,knox5000ted,84373-64585,TE,d,Dawson Knox,knox,5.563636433,11,5000,NYJ@BUF,BUF,NYJ,,,,,,TE/FLEX,ryland,ryland,dawson,knox5000ted
lamb8200wrc,63.6,CeeDee Lamb,8200,DAL,HOU,1,,13.64,18.7,8.5,-1.19,1.7,16.7,14.83,-4,0.66,1,3.7,6,0,0.75,-2.9,56,30.8,13.3,2.8,-17.5,44,54,0,0,0,0,0,0,0,0,0,0,0,0,0,0,0,0,0,0,0,0,0,0,0.82,0.29,0.18,0,0,0,15.8,600,1.51,0.28,80,0.4,0.2,50,11.5,-0.7,2200,1.27,0.2,45,0.18,0.4,22,WR,12/7/2022,0,0,0,0,8,5,70,23,13.2,0.4,0,0.231,0,0.258,0.188,0.3,47.1,31.8,0,0,0,0,0,0,0,0,0,0,lamb,ceedee lamb,c,lamb8200wrc,84373-86631,WR,c,CeeDee Lamb,lamb,13.99166616,12,8200,HOU@DAL,DAL,HOU,,,,,,WR/FLEX,ryland,ryland,ceedee,lamb8200wrc
lawrence7200qbt,55.48,Trevor Lawrence,7200,JAX,@TEN,1,,15.98,24.5,7.5,-3.21,2.2,2.6,19.19,0,0.74,1,1.9,1,0,0.44,-8.3,65,18.8,22.3,0.5,3.5,41,48,22,34,232,65,6.7,5.71,1.2,32,131.7,275.3,6.9,26.5,6.1,3.5,2.4,5.3,3,10,17,4.5,0.2,0.522,6,3.24,1.94,53,0.85,0.04,20.1,200,0.47,0.34,100,0.66,0,30,14.9,-2.7,1200,0.37,0.23,90,0.5,0.1,20,QB,12/7/2022,0,0,0,0,0,0,0,0,0,0,0,0,0,0,0,0,,0,0,0,0,0,0,0,0,0,0,0,lawrence,trevor lawrence,t,lawrence7200qbt,84373-89951,QB,t,Trevor Lawrence,lawrence,17.37166723,12,7200,JAC@TEN,JAC,TEN,Q,Toe,,,,QB,ryland,ryland,trevor,lawrence7200qbt
likely4600tei,66.41,Isaiah Likely,4600,BAL,@PIT,1,,2.89,4.2,1.6,-2.41,0.6,0.2,5.3,2,0.91,0,0,3,0,0.11,-2.6,24,17.5,19.5,-4,2,37,52,0,0,0,0,0,0,0,0,0,0,0,0,0,0,0,0,0,0,0,0,0,0,0.5,0.33,0.08,41,0.81,0.11,2.1,-800,0.59,0.1,50,0.25,0.25,40,7.2,1.1,-1400,2.13,0.3,75,0.3,0.05,20,TE,12/7/2022,0,0,0,0,3,2,21,12,10.7,0.2,0,0.167,0,0.119,0.125,0.109,12.9,9.9,0,0,0,0,0,0,0,0,0,0,likely,isaiah likely,i,likely4600tei,84373-87260,TE,i,Isaiah Likely,likely,4.659999847,10,4600,BAL@PIT,BAL,PIT,,,,,,TE/FLEX,ryland,ryland,isaiah,likely4600tei
lockett7700wrt,59.89,Tyler Lockett,7700,SEA,CAR,4,,11.93,16.4,7.5,-1.76,1.5,5,13.69,22,0.99,1,3.7,5,0,0.65,-2.4,51,24.3,20.3,2,-4,44.5,58,0,0,0,0,0,0,0,0,0,0,0,0,0,0,0,0,0,0,0,0,0,0,0.56,0.28,0.11,43,0.86,0.16,15.9,200,1.99,0.29,100,0.25,0,40,12.9,10,1700,1.79,0.25,68,0.27,0.22,22,WR,12/7/2022,0,0,0,0,7,5,70,28,13.8,0.7,0,0.3,0,0.23,0.333,0.276,53.3,31.7,0,0,0,0,0,0,0,0,0,0,lockett,tyler lockett,t,lockett7700wrt,84373-27050,WR,t,Tyler Lockett,lockett,12.88333384,12,7700,CAR@SEA,SEA,CAR,,,,,,WR/FLEX,ryland,ryland,tyler,lockett7700wrt
mahomes8800qbp,65.3,Patrick Mahomes,8800,KC,@DEN,4,,21.42,31.4,11.4,-0.91,2.4,6.4,22.33,3,0.91,1,1.9,1,0,0.8,-11.4,68,26.8,17.3,2.3,-9.5,44,63,25,38,309,67,8.1,8.29,2.5,44,157.8,323.6,8.2,24.2,10.8,6.6,1.3,3.8,3,12,24,6.7,0.1,0.597,9.76,5,2.71,44,0.31,0.1,25.6,300,0.65,0.4,100,0.66,0,60,25.7,50,2800,0.59,0.38,96,0.75,0,29,QB,12/7/2022,0,0,0,0,0,0,0,0,0,0,0,0,0,0,0,0,,0,0,0,0,0,0,0,0,0,0,0,mahomes,patrick mahomes,p,mahomes8800qbp,84373-57439,QB,p,Patrick Mahomes,mahomes,25.71833293,12,8800,KC@DEN,KC,DEN,,,,,,QB,ryland,ryland,patrick,mahomes8800qbp
marshall5500wrt,56.11,T. Marshall Jr.,5500,CAR,@SEA,4,,6.53,9.3,3.7,-2.14,1.2,1.7,8.67,12,0.96,0,0,1,0,0.06,-5.3,37,20.3,24.3,-1,4,44.5,42,0,0,0,0,0,0,0,0,0,0,0,0,0,0,0,0,0,0,0,0,0,0,0.29,0.18,0.12,43,0.86,0.16,6.5,-300,1.44,0.14,66,0.33,0.33,30,5.5,-0.5,-500,1.94,0.15,40,0.13,0.13,22,WR,12/7/2022,0,0,0,0,2,1,26,14,16.7,0.1,0,0,0,0.098,0.111,0.142,22,15.5,0,0,0,0,0,0,0,0,0,0,marshall,t. marshall jr.,t,marshall5500wrt,84373-85672,WR,t,Terrace Marshall Jr.,marshall,5.974999905,8,5500,CAR@SEA,CAR,SEA,,,,,,WR/FLEX,ryland,ryland,terrace,marshall5500wrt
mason5200rbj,58.54,Jordan Mason,5200,SF,TB,4,,3.47,4.5,2.4,-3.71,0.7,0.5,7.18,-3,0.66,0,0,4,0,0.23,1,7,20.5,17,-0.3,-3.5,37.5,59,0,0,0,0,0,0,0,0,0,0,0,0,0,0,0,0,0,8,19,5.4,0,0.722,0,0,0,51,0.73,0.62,2.6,400,0.46,0.26,80,0,0,50,2.6,-0.2,-800,0.73,0.37,31,0,0.18,16,RB,12/7/2022,0,0.157,0.11,3,0,0,0,0,0,0,0,0,0,0,0,0,,0,0,0,0,0,0,0,0,0,0,0,mason,jordan mason,j,mason5200rbj,84373-86875,RB,j,Jordan Mason,mason,2.424999952,4,5200,TB@SF,SF,TB,,,,,,RB/FLEX,ryland,ryland,jordan,mason5200rbj
mattison5500rba,53.34,A. Mattison,5500,MIN,@DET,1,,3.34,4.4,2.3,-4.59,0.6,0.4,7.93,-3,0.66,0,0,1,0,0.39,-1.4,19,24.8,26.8,-1.7,2,51.5,51,0,0,0,0,0,0,0,0,0,0,0,0,0,0,0,0,0,7,15,3.5,0.3,0.47,1.13,0.75,0.19,0,0,0,3,300,0.79,0.21,40,0.2,0.6,50,4.1,-4.1,-500,0.68,0.22,18,0.11,0.7,27,RB,12/7/2022,0.267,0.164,0.302,4,1,1,8,6,5.9,0.1,0,0.333,0.5,0,0,0,,0,0,0,0,0,0,0,0,0,0,0,mattison,a. mattison,a,mattison5500rba,84373-72776,RB,a,Alexander Mattison,mattison,4.64166673,12,5500,MIN@DET,MIN,DET,,,,,,RB/FLEX,ryland,ryland,alexander,mattison5500rba
mccaffrey8500rbc,82.85,C. McCaffrey,8500,SF,TB,4,,15.46,20,11,0.05,1.8,17.6,15.41,1,0.83,1,4.7,11,0,0.5,1,45,20.5,17,-0.3,-3.5,37.5,59,0,0,0,0,0,0,0,0,0,0,0,0,0,0,0,0,0,19,58,4.4,0.3,0.469,1.65,0.7,0.45,51,0.73,0.62,15.1,-700,0.77,0.31,80,0.2,0.2,50,16.8,0.3,2500,0.79,0.37,54,0.13,0.09,22,RB,12/7/2022,0.571,0.545,0.73,13,6,5,46,19,8.5,0.3,0,0.182,0.545,0,0,0,,0,0,0,0,0,0,0,0,0,0,0,mccaffrey,c. mccaffrey,c,mccaffrey8500rbc,84373-55050,RB,c,Christian McCaffrey,mccaffrey,17.18833288,12,8500,TB@SF,SF,TB,,,,,,RB/FLEX,ryland,ryland,christian,mccaffrey8500rbc
mckenzie5600wri,59.11,Isaiah McKenzie,5600,BUF,NYJ,1,,7.19,9.8,4.5,-1.71,1.3,3.4,8.9,3,0.86,1,0.5,0,0,0.6,-3.1,35,26.5,16.5,-0.5,-10,43,36,0,0,0,0,0,0,0,0,0,0,0,0,0,0,0,0,0,0,0,0,0,0,1.18,0.59,0.24,35,0.98,0.57,12,400,2,0.28,71,0.28,0,70,70,-0.6,-400,1.41,0.2,65,0.18,0.18,32,WR,12/7/2022,0,0,0,0,4,3,31,13,10.2,0.3,0,0.313,0,0.117,0.161,0.122,21.1,8.7,0,0,0,0,0,0,0,0,0,0,mckenzie,isaiah mckenzie,i,mckenzie5600wri,84373-53639,WR,i,Isaiah McKenzie,mckenzie,7.963636225,11,5600,NYJ@BUF,BUF,NYJ,,,,,,WR/FLEX,ryland,ryland,isaiah,mckenzie5600wri
mckinnon5400rbj,79.06,Jerick McKinnon,5400,KC,@DEN,4,,7.32,9.5,5.1,-0.36,1.4,1.1,7.68,2,0.86,1,1.3,6,0,0.23,2.2,30,26.8,17.3,2.3,-9.5,44,63,0,0,0,0,0,0,0,0,0,0,0,0,0,0,0,0,0,6,14,4.3,0,0.692,1.88,0.76,0.53,44,0.31,0.1,4.8,-100,0.6,0.18,66,0.33,0.33,60,6.7,0.2,-600,1.04,0.22,59,0.18,0.22,27,RB,12/7/2022,0,0.123,0.436,3,3,2,18,10,80,0.2,0,0,0.4,0,0,0,,0,0,0,0,0,0,0,0,0,0,0,mckinnon,jerick mckinnon,j,mckinnon5400rbj,84373-54608,RB,j,Jerick McKinnon,mckinnon,5.849999746,12,5400,KC@DEN,KC,DEN,,,,,,RB/FLEX,ryland,ryland,jerick,mckinnon5400rbj
metcalf7900wrd,62.29,DK Metcalf,7900,SEA,CAR,4,,12.77,17.6,8,-1.37,1.6,6.5,14.14,17,0.98,1,4.7,6,0,0.73,-2.4,49,24.3,20.3,2,-4,44.5,58,0,0,0,0,0,0,0,0,0,0,0,0,0,0,0,0,0,0,0,0,0,0,1.56,0.61,0.22,43,0.86,0.16,15.5,600,1.45,0.29,100,0.25,0,40,11.3,-0.9,1900,1.32,0.23,68,0.18,0.22,22,WR,12/7/2022,0,0,0,0,8,5,62,23,11.7,0.5,0,0.25,0,0.279,0.273,0.248,52.7,38.7,0,0,0,0,0,0,0,0,0,0,metcalf,dk metcalf,d,metcalf7900wrd,84373-73048,WR,d,DK Metcalf,metcalf,11.60833359,12,7900,CAR@SEA,SEA,CAR,Q,Hip,,,,WR/FLEX,ryland,ryland,dk,metcalf7900wrd
mills6300qbd,48.68,Davis Mills,6300,HOU,@DAL,1,,9.7,16.9,2.5,-7.72,1.5,0.3,17.42,0,0.5,0,0,0,0,0.6,-5.1,62,13.3,30.8,-6.7,17.5,44,46,21,33,226,64,6.8,5.45,1.3,38,113.1,263.7,9.2,30.1,8,3.9,2.7,7,1,3,4,2.4,0.1,0.308,3.88,1.29,0.65,0,0,0,13.1,-200,0.31,0.22,60,0.4,0,50,12.7,-2.1,300,0.34,0.2,85,0.47,0.04,21,QB,12/7/2022,0,0,0,0,0,0,0,0,0,0,0,0,0,0,0,0,,0,0,0,0,0,0,0,0,0,0,0,mills,davis mills,d,mills6300qbd,84373-89628,QB,d,Davis Mills,mills,12.65599976,10,6300,HOU@DAL,HOU,DAL,,,,,,QB,ryland,ryland,davis,mills6300qbd
minnesota3700,73.01,Minnesota,3700,MIN,@DET,1,,6.06,12.8,-0.7,0.65,1.6,1.1,5.41,2,0.8,0,0,1,0,0.78,4.4,0,24.8,26.8,-1.7,2,51.5,52,0,0,0,0,0,0,0,0,0,0,0,0,0,0,2.76,6.5,0,0,0,0,0,0,0,0,0,0,0,0,6.3,500,0,0,75,0.5,0.25,40,7.1,0,-2300,0,0,88,0.65,0.11,26,D,12/7/2022,0,0,0,0,0,0,0,0,0,0,0,0,0,0,0,0,,0,2.3,0.522,0.5116,0.0163,0.0392,7.66,10.5,4.56,2.67,0.1786,minnesota,minnesota,m,minnesota3700,84373-12540,D,m,Minnesota Vikings,vikings,7.083333333,12,3700,MIN@DET,MIN,DET,,,,,,DEF,Vikings,Vikings,minnesota,minnesota3700
mitchell4200tej,67.6,James Mitchell,4200,DET,MIN,1,,2.3,3.4,1.2,-2.07,0.5,0.1,4.37,-3,0.66,0,0,2,0,0.43,8.9,11,26.8,24.8,2.3,-2,51.5,49,0,0,0,0,0,0,0,0,0,0,0,0,0,0,0,0,0,0,0,0,0,0,0.08,0.08,0.08,0,0,0,1.8,-100,3.6,0.11,20,0,0.2,50,30,0.1,-1800,5.43,0.28,17,0.05,0.11,17,TE,12/7/2022,0,0,0,0,0,0,5,5,9.6,0.1,0,1,0,0.018,0.083,0.021,3,0.5,0,0,0,0,0,0,0,0,0,0,mitchell,james mitchell,j,mitchell4200tej,84373-85986,TE,j,James Mitchell,mitchell,3.325000048,4,4200,MIN@DET,DET,MIN,,,,,,TE/FLEX,ryland,ryland,james,mitchell4200tej
mixon8500rbj,73.6,Joe Mixon,8500,CIN,CLE,1,,12.53,16.1,8.9,-2.88,1.5,20.8,15.41,-6,0.56,1,8,6,0,0.03,-1.7,45,26,20.5,0.2,-5.5,46.5,65,0,0,0,0,0,0,0,0,0,0,0,0,0,0,0,0,0,13,59,3.7,0.5,0.507,3.24,2.29,1.24,46,0.74,0,7.7,-500,0.77,0.55,25,0.25,0.25,40,14.5,0.9,2500,0.7,0.32,50,0.15,0.26,26,RB,12/7/2022,0.636,0.646,0.677,15,4,4,31,16,7.6,0.2,0,0.167,0.476,0,0,0,,0,0,0,0,0,0,0,0,0,0,0,mixon,joe mixon,j,mixon8500rbj,84373-52442,RB,j,Joe Mixon,mixon,16.03999939,10,8500,CLE@CIN,CIN,CLE,,,,,,RB/FLEX,ryland,ryland,joe,mixon8500rbj
moore5100wrs,48,Skyy Moore,5100,KC,@DEN,4,,3.85,5.6,2.1,-3.91,0.8,2.7,7.76,-17,0.4,0,0,1,0,0.06,-4.9,19,26.8,17.3,2.3,-9.5,44,63,0,0,0,0,0,0,0,0,0,0,0,0,0,0,0,0,0,0,0,0,0,0,0.08,0.08,0,44,0.31,0.1,5.5,100,1.56,0.22,66,0.16,0.33,60,3.5,-1.5,-900,1.56,0.18,41,0.05,0.35,17,WR,12/7/2022,0,0,0,0,2,1,17,10,12.1,0,0,0,0,0.059,0,0.054,11.9,7.5,0,0,0,0,0,0,0,0,0,0,moore,skyy moore,s,moore5100wrs,84373-112062,WR,s,Skyy Moore,moore,2.01666673,12,5100,KC@DEN,KC,DEN,,,,,,WR/FLEX,ryland,ryland,skyy,moore5100wrs
moore5300wrc,54.41,Chris Moore,5300,HOU,@DAL,1,,5.9,8.4,3.4,-2.31,1.1,5.9,8.21,-16,0.42,0,0,0,0,0.06,-3.5,35,13.3,30.8,-6.7,17.5,44,46,0,0,0,0,0,0,0,0,0,0,0,0,0,0,0,0,0,0,0,0,0,0,0.41,0,0,0,0,0,5.2,0,1.04,0.15,80,0.2,0.2,50,6.7,0.2,-700,1.78,0.19,54,0.18,0.18,22,WR,12/7/2022,0,0,0,0,3,2,30,18,11.5,0.2,0,0.286,0,0.109,0.167,0.132,14.1,10.9,0,0,0,0,0,0,0,0,0,0,moore,chris moore,c,moore5300wrc,84373-33047,WR,c,Chris Moore,moore,5.740000153,10,5300,HOU@DAL,HOU,DAL,,,,,,WR/FLEX,ryland,ryland,chris,moore5300wrc
moore5400wre,50.76,Elijah Moore,5400,NYJ,@BUF,1,,5.37,7.8,3,-3.07,1,0.8,8.44,12,0.96,0,0,0,0,0.06,0.5,44,16.5,26.5,-0.5,10,43,64,0,0,0,0,0,0,0,0,0,0,0,0,0,0,0,0,0,0,0,0,0,0,0.35,0.06,0.06,35,0.98,0.57,5.3,400,1.13,0.15,50,0.5,0.5,40,4.7,-1,-600,1.11,0.11,33,0.09,0.23,21,WR,12/7/2022,0,0,0,0,3,2,26,14,13.2,0.1,0,0,0,0.113,0.077,0.105,21.8,18.3,0,0,0,0,0,0,0,0,0,0,moore,elijah moore,e,moore5400wre,84373-88575,WR,e,Elijah Moore,moore,5.14444436,9,5400,NYJ@BUF,NYJ,BUF,,,,,,WR/FLEX,ryland,ryland,elijah,moore5400wre
moore6900wrd,56.61,DJ Moore,6900,CAR,@SEA,4,,9.65,13.6,5.7,-2.21,1.4,16.4,11.86,-14,0.45,1,3.2,2,0,0.6,-5.3,57,20.3,24.3,-1,4,44.5,42,0,0,0,0,0,0,0,0,0,0,0,0,0,0,0,0,0,0,0,0,0,0,0.53,0.24,0.12,43,0.86,0.16,8.7,200,1.58,0.15,66,0.66,0.33,30,90,-0.8,900,1.04,0.16,60,0.21,0.26,23,WR,12/7/2022,0,0,0,0,8,4,53,22,12.4,0.2,0,0.333,0,0.274,0.286,0.277,36.9,41.2,0,0,0,0,0,0,0,0,0,0,moore,dj moore,d,moore6900wrd,84373-63043,WR,d,DJ Moore,moore,9.28333346,12,6900,CAR@SEA,CAR,SEA,,,,,,WR/FLEX,ryland,ryland,dj,moore6900wrd
mundt4300tej,64.12,Johnny Mundt,4300,MIN,@DET,1,,2.14,3.1,1.2,-2.46,0.5,0.1,4.6,-5,0.58,0,0,2,0,0.18,2.3,29,24.8,26.8,-1.7,2,51.5,51,0,0,0,0,0,0,0,0,0,0,0,0,0,0,0,0,0,0,0,0,0,0,0.17,0.11,0.06,0,0,0,1.8,-100,1.83,0.07,80,0.2,0,50,30,-0.7,-1700,1.9,0.1,53,0.06,0.06,30,TE,12/7/2022,0,0,0,0,1,1,9,6,6.9,0.1,0,0.333,0,0.044,0.056,0.039,2.2,0.8,0,0,0,0,0,0,0,0,0,0,mundt,johnny mundt,j,mundt4300tej,84373-40371,TE,j,Johnny Mundt,mundt,2.381818251,11,4300,MIN@DET,MIN,DET,,,,,,TE/FLEX,ryland,ryland,johnny,mundt4300tej
murray6200rbl,76.16,Latavius Murray,6200,DEN,KC,4,,9.87,12.8,7,0.2,1.6,13.5,9.67,-9,0.47,0.75,2.7,1,0,0.15,-3.7,29,17.3,26.8,-0.7,9.5,44,37,0,0,0,0,0,0,0,0,0,0,0,0,0,0,0,0,0,14,49,4.5,0.5,0.542,0.95,0.71,0.48,44,0.31,0.1,11,500,0.65,0.31,100,0.4,0,50,9.7,20,200,0.75,0.33,60,0.25,0.1,20,RB,12/7/2022,0.545,0.432,0.44,11,1,1,7,5,5.2,0,0,0.294,0.824,0,0,0,,0,0,0,0,0,0,0,0,0,0,0,murray,latavius murray,l,murray6200rbl,84373-34331,RB,l,Latavius Murray,murray,10.17500019,8,6200,KC@DEN,DEN,KC,,,,,,RB/FLEX,ryland,ryland,latavius,murray6200rbl
njoku5600ted,69.93,David Njoku,5600,CLE,@CIN,1,,5.87,8.1,3.6,-1.77,1,6.4,7.64,-4,0.62,1,0.8,4,0,0.28,-4.8,53,20.5,26,-1.8,5.5,46.5,35,0,0,0,0,0,0,0,0,0,0,0,0,0,0,0,0,0,0,0,0,0,0,0.72,0.33,0.28,46,0.74,0,5.6,-200,1.12,0.12,40,0.4,0.2,50,8.1,1.9,-400,1.72,0.15,65,0.34,0.13,23,TE,12/7/2022,0,0,0,0,4,3,38,15,10.6,0.2,0,0.231,0,0.154,0.176,0.187,19.2,12.1,0,0,0,0,0,0,0,0,0,0,njoku,david njoku,d,njoku5600ted,84373-55335,TE,d,David Njoku,njoku,8.477778117,9,5600,CLE@CIN,CLE,CIN,,,,,,TE/FLEX,ryland,ryland,david,njoku5600ted
ny giants3500,55.17,NY Giants,3500,NYG,PHI,1,,5.56,12.6,-1.5,0.79,1.6,2.4,4.77,-8,0.2,0,0,1,0,0.41,-4.2,0,19,26,-2,7,45,51,0,0,0,0,0,0,0,0,0,0,0,0,0,0,1.09,6.55,0,0,0,0,0,0,0,0,0,40,0.88,0.68,5.3,-800,0,0,75,0.5,0.25,40,4.5,-1.2,-2500,0,0,70,0.3,0.3,20,D,12/7/2022,0,0,0,0,0,0,0,0,0,0,0,0,0,0,0,0,,0,2.1,0.4709,0.5233,0.0058,0.0364,6.83,11.24,5.19,3.27,0.1728,giants,ny giants,n,ny giants3500,84373-12543,D,n,New York Giants,giants,5.5,12,3500,PHI@NYG,NYG,PHI,,,,,,DEF,York,NY,ny giants,ny giants3500
ny jets4000,47.97,NY Jets,4000,NYJ,@BUF,1,,6.16,12.7,-0.4,-0.22,1.5,1.1,6.38,0,0.68,0,0,1,0,0.13,-0.9,0,16.5,26.5,-0.5,10,43,64,0,0,0,0,0,0,0,0,0,0,0,0,0,0,2.57,7.2,0,0,0,0,0,0,0,0,0,35,0.98,0.57,7.7,-600,0,0,100,0.33,0,30,6.7,1.2,-2000,0,0,90,0.45,0.1,20,D,12/7/2022,0,0,0,0,0,0,0,0,0,0,0,0,0,0,0,0,,0,2.1,0.4803,0.49,0.0139,0.0359,6.65,8.53,5.27,3.21,0.2138,jets,ny jets,n,ny jets4000,84373-12544,D,n,New York Jets,jets,8.25,12,4000,NYJ@BUF,NYJ,BUF,,,,,,DEF,York,NY,ny jets,ny jets4000
ogunbowale5000rbd,49.24,Dare Ogunbowale,5000,HOU,@DAL,1,,2.3,3,1.6,-4.38,0.5,0.1,6.68,-1,0.75,0,0,0,0,0.15,-3,15,13.3,30.8,-6.7,17.5,44,46,0,0,0,0,0,0,0,0,0,0,0,0,0,0,0,0,0,3,11,3.4,0.2,0.444,0.76,0.35,0.24,0,0,0,3.1,400,0.95,0.31,60,0.4,0.4,50,4.8,0.2,-1000,0.8,0.32,36,0.22,0.27,22,RB,12/7/2022,0.5,0.144,0.255,3,2,1,13,8,8.2,0.1,0,0.2,0.4,0,0,0,,0,0,0,0,0,0,0,0,0,0,0,ogunbowale,dare ogunbowale,d,ogunbowale5000rbd,84373-28827,RB,d,Dare Ogunbowale,ogunbowale,3.933333397,6,5000,HOU@DAL,HOU,DAL,,,,,,RB/FLEX,ryland,ryland,dare,ogunbowale5000rbd
okonkwo4800tec,64.56,Chigoziem Okonkwo,4800,TEN,JAX,1,,5.2,7.2,3.2,-0.57,1.1,7.2,5.77,-10,0.43,1,4.2,1,0,0.04,-0.3,19,22.3,18.8,-2.5,-3.5,41,52,0,0,0,0,0,0,0,0,0,0,0,0,0,0,0,0,0,0,0,0,0,0,0.33,0.17,0,53,0.85,0.04,5.5,400,1.57,0.22,100,0.25,0,40,4.8,0.1,-1200,2.22,0.25,34,0.08,0.13,23,TE,12/7/2022,0,0,0,0,2,1,22,17,18.3,0.1,0,0.25,0,0.087,0.083,0.121,11.8,9.1,0,0,0,0,0,0,0,0,0,0,okonkwo,chigoziem okonkwo,c,okonkwo4800tec,84373-88297,TE,c,Chig Okonkwo,okonkwo,4.059999847,10,4800,JAC@TEN,TEN,JAC,,,,,,TE/FLEX,ryland,ryland,chig,okonkwo4800tec
osborn5300wrk,50.54,K.J. Osborn,5300,MIN,@DET,1,,4.7,6.6,2.8,-3.51,0.9,3.6,8.21,-16,0.42,1,0.5,1,0,0.09,1.3,49,24.8,26.8,-1.7,2,51.5,51,0,0,0,0,0,0,0,0,0,0,0,0,0,0,0,0,0,0,0,0,0,0,0.5,0.31,0.06,0,0,0,3.1,100,0.59,0.07,40,0.2,0.6,50,5.2,-2.7,-700,1.12,0.11,62,0.14,0.25,27,WR,12/7/2022,0,0,0,0,4,2,26,13,10,0.3,0,0.375,0,0.13,0.2,0.109,21.6,16.4,0,0,0,0,0,0,0,0,0,0,osborn,k.j. osborn,k,osborn5300wrk,84373-63855,WR,k,K.J. Osborn,osborn,4.48333327,12,5300,MIN@DET,MIN,DET,,,,,,WR/FLEX,ryland,ryland,k.j.,osborn5300wrk
otton4700tec,69.33,Cade Otton,4700,TB,@SF,4,,3.72,5.2,2.3,-1.82,0.8,0.9,5.54,-1,0.77,0,0,2,0,0.11,-2.7,50,17,20.5,-3.8,3.5,37.5,41,0,0,0,0,0,0,0,0,0,0,0,0,0,0,0,0,0,0,0,0,0,0,0.75,0.42,0.17,51,0.73,0.62,9.5,-400,2.2,0.19,75,0.5,0,40,5.7,0.9,-1300,1.4,0.11,50,0.27,0.27,18,TE,12/7/2022,0,0,0,0,4,2,28,13,9.7,0.2,0,0.222,0,0.096,0.133,0.101,20.8,6.3,0,0,0,0,0,0,0,0,0,0,otton,cade otton,c,otton4700tec,84373-86811,TE,c,Cade Otton,otton,6.544444614,9,4700,TB@SF,TB,SF,,,,,,TE/FLEX,ryland,ryland,cade,otton4700tec
pacheco7300rbi,77.17,Isiah Pacheco,7300,KC,@DEN,4,,11.03,14.3,7.8,-1.39,1.5,8.4,12.42,1,0.83,0.67,4,6,0,0.03,2.2,18,26.8,17.3,2.3,-9.5,44,63,0,0,0,0,0,0,0,0,0,0,0,0,0,0,0,0,0,11,43,4.7,0.3,0.514,2,1.17,0.58,44,0.31,0.1,11.4,1100,0.65,0.37,100,0.33,0,60,6.3,-0.7,1300,0.65,0.35,55,0.16,0.38,18,RB,12/7/2022,0.273,0.372,0.266,9,0,0,3,4,7.7,0,0,0.125,0.417,0,0,0,,0,0,0,0,0,0,0,0,0,0,0,pacheco,isiah pacheco,i,pacheco7300rbi,84373-92575,RB,i,Isiah Pacheco,pacheco,6.308333079,12,7300,KC@DEN,KC,DEN,,,,,,RB/FLEX,ryland,ryland,isiah,pacheco7300rbi
pascal4900wrz,44.17,Zach Pascal,4900,PHI,@NYG,1,,2.71,4,1.5,-4.59,0.6,1.4,7.3,-14,0.45,0,0,2,0,0.24,-3.3,24,26,19,3.5,-7,45,50,0,0,0,0,0,0,0,0,0,0,0,0,0,0,0,0,0,0,0,0,0,0,0.25,0.06,0,40,0.88,0.68,1.7,-300,1.15,0.08,20,0.2,0.6,50,2.7,-0.8,-1100,1.75,0.11,22,0.07,0.51,27,WR,12/7/2022,0,0,0,0,1,1,11,9,11.1,0.1,0,0,0,0.054,0.043,0.053,7.1,4.8,0,0,0,0,0,0,0,0,0,0,pascal,zach pascal,z,pascal4900wrz,84373-53390,WR,z,Zach Pascal,pascal,2.933333291,9,4900,PHI@NYG,PHI,NYG,,,,,,WR/FLEX,ryland,ryland,zach,pascal4900wrz
peoplesjones6100wrd,58.23,D. Peoples-Jones,6100,CLE,@CIN,1,,8.09,11.4,4.8,-1.95,1.3,8.5,10.04,-14,0.45,0,0,1,0,0.65,-2.2,60,20.5,26,-1.8,5.5,46.5,35,0,0,0,0,0,0,0,0,0,0,0,0,0,0,0,0,0,0,0,0,0,0,0.44,0.28,0.17,46,0.74,0,11.2,400,2.04,0.17,80,0.6,0.2,50,7.4,-0.5,100,1.35,0.12,60,0.3,0.26,23,WR,12/7/2022,0,0,0,0,5,3,49,23,14.7,0.1,0,0.125,0,0.186,0.048,0.244,41,28.3,0,0,0,0,0,0,0,0,0,0,peoplesjones,d. peoples-jones,d,peoplesjones6100wrd,84373-91426,WR,d,Donovan Peoples-Jones,peoplesjones,8.03333346,12,6100,CLE@CIN,CLE,CIN,,,,,,WR/FLEX,ryland,ryland,donovan,peoplesjones6100wrd
perine7800rbs,54.64,Samaje Perine,7800,CIN,CLE,1,,8.1,10.5,5.7,-5.56,1,0.1,13.66,19,0.99,1,2.7,4,0,0.05,-1.7,25,26,20.5,0.2,-5.5,46.5,65,0,0,0,0,0,0,0,0,0,0,0,0,0,0,0,0,0,7,23,4.5,0.1,0.53,1.12,0.35,0.06,46,0.74,0,23.1,2600,1.03,0.43,100,1,0,40,8.1,0.7,1800,0.97,0.32,42,0.23,0.34,26,RB,12/7/2022,0.077,0.24,0.372,5,3,2,19,11,7.6,0.3,0,0.083,0.417,0,0,0,,0,0,0,0,0,0,0,0,0,0,0,perine,samaje perine,s,perine7800rbs,84373-52451,RB,s,Samaje Perine,perine,8.741666794,12,7800,CLE@CIN,CIN,CLE,,,,,,RB/FLEX,ryland,ryland,samaje,perine7800rbs
philadelphia4700,30.2,Philadelphia,4700,PHI,@NYG,1,,7.3,16.4,-1.8,-1.33,1.6,1.9,8.63,10,0.97,0,0,3,0,0.49,-2.3,0,26,19,3.5,-7,45,49,0,0,0,0,0,0,0,0,0,0,0,0,0,0,3.31,9.21,0,0,0,0,0,0,0,0,0,40,0.88,0.68,8.3,-200,0,0,100,0.75,0,40,7.9,1.1,-1300,0,0,84,0.56,0.09,32,D,12/7/2022,0,0,0,0,0,0,0,0,0,0,0,0,0,0,0,0,,0,2.6,0.4457,0.5209,0.019,0.0389,6.05,9.19,4.36,3.27,0.1905,philadelphia,philadelphia,p,philadelphia4700,84373-12545,D,p,Philadelphia Eagles,eagles,9.416666667,12,4700,PHI@NYG,PHI,NYG,,,,,,DEF,Eagles,Eagles,philadelphia,philadelphia4700
pickens6300wrg,55.57,George Pickens,6300,PIT,BAL,1,,8.08,11.5,4.6,-2.41,1.3,3,10.49,12,0.96,0.8,2.6,1,0,0.62,-3.3,53,19.5,17.5,0,-2,37,48,0,0,0,0,0,0,0,0,0,0,0,0,0,0,0,0,0,0,0,0,0,0,0.5,0.33,0.08,41,0.81,0.11,11.1,700,2.22,0.2,80,0.6,0.2,50,7.8,0.3,300,1.44,0.15,68,0.31,0.26,19,WR,12/7/2022,0,0,0,0,5,3,42,20,13.8,0.2,0,0.2,0,0.153,0.25,0.197,40.1,26.9,0,0,0,0,0,0,0,0,0,0,pickens,george pickens,g,pickens6300wrg,84373-110246,WR,g,George Pickens,pickens,7.674999873,12,6300,BAL@PIT,PIT,BAL,,,,,,WR/FLEX,ryland,ryland,george,pickens6300wrg
pickett6600qbk,62.08,Kenny Pickett,6600,PIT,BAL,1,,15.94,25,6.9,-2.07,2.4,1.6,18.01,6,0.97,0,0,1,0,0.51,-4.8,65,19.5,17.5,0,-2,37,48,21,32,199,65,6.1,4.32,0.4,31,118.8,275.9,0,0,0,1.3,2.8,7.5,4,12,23,5,0.3,0.619,4.67,1.75,0.75,41,0.81,0.11,15.3,0,0.38,0.21,100,0.8,0,50,12.3,-1.7,600,0.31,0.19,66,0.44,0.05,18,QB,12/7/2022,0,0,0,0,0,0,0,0,0,0,0,0,0,0,0,0,,0,0,0,0,0,0,0,0,0,0,0,pickett,kenny pickett,k,pickett6600qbk,84373-92020,QB,k,Kenny Pickett,pickett,13.19777764,9,6600,BAL@PIT,PIT,BAL,,,,,,QB,ryland,ryland,kenny,pickett6600qbk
pierce6500rbd,72.19,Dameon Pierce,6500,HOU,@DAL,1,,9.93,13,6.9,-0.49,1.5,15.7,10.42,-11,0.41,0.67,4,5,0,0.83,-3,39,13.3,30.8,-6.7,17.5,44,46,0,0,0,0,0,0,0,0,0,0,0,0,0,0,0,0,0,22,71,4.3,0.3,0.49,2.58,1.17,0.67,0,0,0,6.1,-1200,0.38,0.15,60,0.2,0.4,50,10.5,0.8,500,0.53,0.27,83,0.27,0.11,18,RB,12/7/2022,0.6,0.818,0.645,16,3,2,13,9,5.5,0.1,0,0.069,0.379,0,0,0,,0,0,0,0,0,0,0,0,0,0,0,pierce,dameon pierce,d,pierce6500rbd,84373-86055,RB,d,Dameon Pierce,pierce,11.63333384,12,6500,HOU@DAL,HOU,DAL,,,,,,RB/FLEX,ryland,ryland,dameon,pierce6500rbd
pittsburgh3800,78.53,Pittsburgh,3800,PIT,BAL,1,,7.5,16.2,-1.2,1.77,2,16,5.73,-2,0.52,0,0,4,0,0.49,-1.2,0,19.5,17.5,0,-2,37,47,0,0,0,0,0,0,0,0,0,0,0,0,0,0,3.2,7.07,0,0,0,0,0,0,0,0,0,41,0.81,0.11,7.3,200,0,0,100,0.75,0,40,6.6,0.3,-2200,0,0,68,0.36,0.31,22,D,12/7/2022,0,0,0,0,0,0,0,0,0,0,0,0,0,0,0,0,,0,2.4,0.463,0.4957,0.0179,0.0432,7.32,10.81,5.29,3.33,0.1792,pittsburgh,pittsburgh,p,pittsburgh3800,84373-12547,D,p,Pittsburgh Steelers,steelers,5.583333333,12,3800,BAL@PIT,PIT,BAL,,,,,,DEF,Steelers,Steelers,pittsburgh,pittsburgh3800
pollard7500rbt,86.92,Tony Pollard,7500,DAL,HOU,1,,12.74,16.4,9.1,-0.18,1.7,22.6,12.92,-6,0.56,1,10,10,0,0.23,12.3,32,30.8,13.3,2.8,-17.5,44,54,0,0,0,0,0,0,0,0,0,0,0,0,0,0,0,0,0,22,64,5.7,0.5,0.503,1.29,0.71,0.41,0,0,0,23.8,500,1.13,0.53,80,0.8,0.2,50,14.4,40,1500,0.99,0.45,63,0.36,0.13,22,RB,12/7/2022,0.381,0.478,0.497,11,3,2,22,15,10.2,0.1,0,0.294,0.647,0,0,0,,0,0,0,0,0,0,0,0,0,0,0,pollard,tony pollard,t,pollard7500rbt,84373-63759,RB,t,Tony Pollard,pollard,15.30000051,12,7500,HOU@DAL,DAL,HOU,,,,,,RB/FLEX,ryland,ryland,tony,pollard7500rbt
prescott8000qbd,54.29,Dak Prescott,8000,DAL,HOU,1,,18.28,29.6,6.9,-2.48,2.3,5.3,20.76,2,0.87,1,3.8,1,0,0.44,-7,66,30.8,13.3,2.8,-17.5,44,54,22,32,236,68,7.3,7.12,2.3,31,146.3,279.3,8.7,32.7,11.2,7.2,2.5,5,3,7,10,3.4,0.1,0.432,5.24,2.18,0.94,0,0,0,19.4,600,0.54,0.27,100,0.6,0,50,19.4,0.3,2000,0.52,0.29,59,0.36,0.04,22,QB,12/7/2022,0,0,0,0,0,0,0,0,0,0,0,0,0,0,0,0,,0,0,0,0,0,0,0,0,0,0,0,prescott,dak prescott,d,prescott8000qbd,84373-31716,QB,d,Dak Prescott,prescott,17.23142896,7,8000,HOU@DAL,DAL,HOU,,,,,,QB,ryland,ryland,dak,prescott8000qbd
purdy6500qbb,51.75,Brock Purdy,6500,SF,TB,4,,13.8,21.5,6.1,-4.02,2.1,0.9,17.82,-1,0.62,0,0,1,0,0.51,-3.6,23,20.5,17,-0.3,-3.5,37.5,59,14,23,138,63,6,4.08,1,20,74,160,0,0,0,4.3,4.3,6.1,2,1,0,0.2,0,0.222,0.67,0.25,0.25,51,0.73,0.62,7.8,500,0.18,0.19,25,0.25,0.25,40,5.1,0,500,0.19,0.22,20,0.06,0.26,15,QB,12/7/2022,0,0,0,0,0,0,0,0,0,0,0,0,0,0,0,0,,0,0,0,0,0,0,0,0,0,0,0,purdy,brock purdy,b,purdy6500qbb,84373-85607,QB,b,Brock Purdy,purdy,4.309999943,4,6500,TB@SF,SF,TB,,,,,,QB,ryland,ryland,brock,purdy6500qbb
quitoriano4200tet,68.12,Teagan Quitoriano,4200,HOU,@DAL,1,,2.71,3.9,1.5,-1.66,0.6,0.1,4.37,2,0.91,0,0,1,0,0.28,-2.3,32,13.3,30.8,-6.7,17.5,44,46,0,0,0,0,0,0,0,0,0,0,0,0,0,0,0,0,0,0,0,0,0,0,0.25,0.17,0.17,0,0,0,3,-100,2,0.08,20,0,0,50,5.6,-0.1,-1800,4,0.18,18,0.06,0,16,TE,12/7/2022,0,0,0,0,1,0,4,3,7.3,0.2,0,0.333,0,0.042,0.2,0.021,2.3,5.6,0,0,0,0,0,0,0,0,0,0,quitoriano,teagan quitoriano,t,quitoriano4200tet,84373-93026,TE,t,Teagan Quitoriano,quitoriano,2.424999952,4,4200,HOU@DAL,HOU,DAL,,,,,,TE/FLEX,ryland,ryland,teagan,quitoriano4200tet
raymond5200wrk,40.46,Kalif Raymond,5200,DET,MIN,1,,2.93,4.4,1.5,-5.05,0.6,0.2,7.98,6,0.9,0,0,2,0,0.06,5.3,39,26.8,24.8,2.3,-2,51.5,49,0,0,0,0,0,0,0,0,0,0,0,0,0,0,0,0,0,0,0,0,0,0,0.47,0.29,0,0,0,0,5,-100,0.99,0.12,83,0.16,0.16,60,6.1,-0.3,-800,1.38,0.16,52,0.17,0.26,23,WR,12/7/2022,0,0,0,0,4,2,34,17,12.1,0.1,0,0.125,0,0.124,0.074,0.137,19.7,17.7,0,0,0,0,0,0,0,0,0,0,raymond,kalif raymond,k,raymond5200wrk,84373-70422,WR,k,Kalif Raymond,raymond,4.549999873,12,5200,MIN@DET,DET,MIN,Q,Illness,,,,WR/FLEX,ryland,ryland,kalif,raymond5200wrk
reynolds5500wrj,47.66,Josh Reynolds,5500,DET,MIN,1,,4.47,6.7,2.2,-4.2,0.8,2.5,8.67,-8,0.57,0,0,2,0,0.02,5.3,48,26.8,24.8,2.3,-2,51.5,49,0,0,0,0,0,0,0,0,0,0,0,0,0,0,0,0,0,0,0,0,0,0,0.82,0.53,0.24,0,0,0,3.4,-200,1.7,0.1,0,0,0,60,7.6,-0.2,-500,1.48,0.16,34,0.21,0.21,23,WR,12/7/2022,0,0,0,0,5,3,41,18,13.2,0.2,0,0.143,0,0.152,0.125,0.158,37.3,24.8,0,0,0,0,0,0,0,0,0,0,reynolds,josh reynolds,j,reynolds5500wrj,84373-53097,WR,j,Josh Reynolds,reynolds,8.012499809,8,5500,MIN@DET,DET,MIN,,,,,,WR/FLEX,ryland,ryland,josh,reynolds5500wrj
robinson5900wrd,46.84,Demarcus Robinson,5900,BAL,@PIT,1,,5.52,7.7,3.3,-4.06,0.9,3.4,9.58,-11,0.51,1,0.5,0,0,0.06,-1.5,38,17.5,19.5,-4,2,37,52,0,0,0,0,0,0,0,0,0,0,0,0,0,0,0,0,0,0,0,0,0,0,0.5,0.06,0,41,0.81,0.11,11.1,100,1.59,0.22,75,0.5,0.25,40,7.1,-1,-100,1.91,0.19,50,0.17,0.17,28,WR,12/7/2022,0,0,0,0,3,2,23,11,10.1,0.1,0,0.111,0,0.123,0.069,0.104,18.5,14,0,0,0,0,0,0,0,0,0,0,robinson,demarcus robinson,d,robinson5900wrd,84373-38264,WR,d,Demarcus Robinson,robinson,5.118181749,11,5900,BAL@PIT,BAL,PIT,,,,,,WR/FLEX,ryland,ryland,demarcus,robinson5900wrd
rodgers4600wra,51.65,Amari Rodgers,4600,HOU,@DAL,1,,3.69,5.5,1.9,-2.93,0.8,0.3,6.62,6,0.9,0,0,0,0,0.24,-3.5,14,13.3,30.8,-6.7,17.5,44,46,0,0,0,0,0,0,0,0,0,0,0,0,0,0,0,0,0,0,0,0,0,0,0.1,0,0,0,0,0,-2,-100,0,-0.18,0,0,0.2,50,30,-0.4,-1400,2.96,0.21,17,0,0.17,23,WR,12/7/2022,0,0,0,0,1,0,5,4,11,0,0,0,0,0.03,0,0.02,7.4,3.2,0,0,0,0,0,0,0,0,0,0,rodgers,amari rodgers,a,rodgers4600wra,84373-89970,WR,a,Amari Rodgers,rodgers,0.3,10,4600,HOU@DAL,HOU,DAL,,,,,,WR/FLEX,ryland,ryland,amari,rodgers4600wra
samuel7100wrd,63.65,Deebo Samuel,7100,SF,TB,4,,11.03,15.4,6.6,-1.29,1.6,8.5,12.32,1,0.81,1,1.6,2,0,0.69,0.6,52,20.5,17,-0.3,-3.5,37.5,59,0,0,0,0,0,0,0,0,0,0,0,0,0,0,0,0,0,0,0,0,0,0,1.65,0.94,0.24,51,0.73,0.62,11.8,-200,1.05,0.21,80,0.4,0.2,50,14.3,0,1100,1.12,0.27,62,0.2,0.2,24,WR,12/7/2022,0,0,0,0,7,4,60,27,13.6,0.2,0,0.077,0,0.229,0.125,0.235,17.8,17.5,0,0,0,0,0,0,0,0,0,0,samuel,deebo samuel,d,samuel7100wrd,84373-56018,WR,d,Deebo Samuel,samuel,11.32727259,11,7100,TB@SF,SF,TB,,,,,,WR/FLEX,ryland,ryland,deebo,samuel7100wrd
san francisco4600,27.31,San Francisco,4600,SF,TB,4,,6.8,15.6,-2,-1.51,1.5,0.9,8.31,13,0.99,0,0,4,0,0.18,-2.6,0,20.5,17,-0.3,-3.5,37.5,59,0,0,0,0,0,0,0,0,0,0,0,0,0,0,2.48,9.27,0,0,0,0,0,0,0,0,0,51,0.73,0.62,12.2,400,0,0,100,0.8,0,50,9.3,1.8,-1400,0,0,91,0.58,0.08,24,D,12/7/2022,0,0,0,0,0,0,0,0,0,0,0,0,0,0,0,0,,0,2.1,0.4851,0.4098,0.0146,0.032,7.07,8.65,4.57,30,0.1633,francisco,san francisco,s,san francisco4600,84373-12549,D,s,San Francisco 49ers,49ers,9.916666667,12,4600,TB@SF,SF,TB,,,,,,DEF,Francisco,Francisco,san francisco,san francisco4600
sanders7100rbm,81.21,Miles Sanders,7100,PHI,@NYG,1,,11.11,14.4,7.8,-0.81,1.6,11.4,11.92,-2,0.71,1,2.7,8,0,0.18,1.3,39,26,19,3.5,-7,45,50,0,0,0,0,0,0,0,0,0,0,0,0,0,0,0,0,0,18,78,5.2,0.6,0.594,2.47,1.29,0.71,40,0.88,0.68,11.3,-100,0.71,0.3,60,0.4,0.4,50,11.7,1.1,1100,0.69,0.3,72,0.27,0.12,33,RB,12/7/2022,0.346,0.496,0.577,15,1,1,6,5,4.6,0,0,0.214,0.548,0,0,0,,0,0,0,0,0,0,0,0,0,0,0,sanders,miles sanders,m,sanders7100rbm,84373-71845,RB,m,Miles Sanders,sanders,13.52500025,12,7100,PHI@NYG,PHI,NYG,,,,,,RB/FLEX,ryland,ryland,miles,sanders7100rbm
schultz6200ted,59.85,Dalton Schultz,6200,DAL,HOU,1,,7.61,10.2,5.1,-1.43,1.2,4.6,9.04,5,0.97,1,3.3,6,0,0.18,-3.4,51,30.8,13.3,2.8,-17.5,44,54,0,0,0,0,0,0,0,0,0,0,0,0,0,0,0,0,0,0,0,0,0,0,1.24,0.65,0.24,0,0,0,8.6,700,1.5,0.16,80,0.6,0.2,50,9.6,1.8,200,1.69,0.19,54,0.45,0.13,22,TE,12/7/2022,0,0,0,0,5,4,38,12,9.4,0.5,0,0.333,0,0.177,0.233,0.158,26.3,13.6,0,0,0,0,0,0,0,0,0,0,schultz,dalton schultz,d,schultz6200ted,84373-55042,TE,d,Dalton Schultz,schultz,6.780000305,10,6200,HOU@DAL,DAL,HOU,,,,,,TE/FLEX,ryland,ryland,dalton,schultz6200ted
scott5100rbb,55.23,Boston Scott,5100,PHI,@NYG,1,,2.58,3.4,1.8,-4.35,0.5,0.3,6.93,-7,0.53,0,0,4,0,0.18,1.3,13,26,19,3.5,-7,45,50,0,0,0,0,0,0,0,0,0,0,0,0,0,0,0,0,0,8,17,3.4,0.3,0.46,0.82,0.53,0.35,40,0.88,0.68,2,300,0.5,0.18,20,0.2,0.8,50,4.1,-1.5,-900,0.68,0.31,21,0.15,0.42,33,RB,12/7/2022,0.2,0.121,0.203,5,0,0,4,2,6.3,0,0,0.286,0.357,0,0,0,,0,0,0,0,0,0,0,0,0,0,0,scott,boston scott,b,scott5100rbb,84373-43433,RB,b,Boston Scott,scott,2.15,10,5100,PHI@NYG,PHI,NYG,,,,,,RB/FLEX,ryland,ryland,boston,scott5100rbb
seattle4400,32.91,Seattle,4400,SEA,CAR,4,,6.38,13.2,-0.4,-1.28,1.5,1.4,7.66,4,0.87,0,0,3,0,0.66,-1.3,0,24.3,20.3,2,-4,44.5,58,0,0,0,0,0,0,0,0,0,0,0,0,0,0,2.05,8.02,0,0,0,0,0,0,0,0,0,43,0.86,0.16,4.3,-200,0,0,66,0.33,0.33,30,6.3,1.1,-1600,0,0,80,0.61,0.14,21,D,12/7/2022,0,0,0,0,0,0,0,0,0,0,0,0,0,0,0,0,,0,2.5,0.5068,0.4727,0.011,0.0428,7.28,9.71,5.35,3.67,0.2,seattle,seattle,s,seattle4400,84373-12550,D,s,Seattle Seahawks,seahawks,7.416666667,12,4400,CAR@SEA,SEA,CAR,,,,,,DEF,Seahawks,Seahawks,seattle,seattle4400
shenault5200wrl,59.29,L. Shenault Jr.,5200,CAR,@SEA,4,,6.55,9,4.1,-1.43,1.3,2.3,7.98,5,0.89,0,0,1,0,0.06,-5.3,21,20.3,24.3,-1,4,44.5,42,0,0,0,0,0,0,0,0,0,0,0,0,0,0,0,0,0,0,0,0,0,0,0.17,0.06,0.06,43,0.86,0.16,2.8,-100,0.81,0.13,33,0.33,0.66,30,5.9,-0.7,-800,1.39,0.28,39,0.17,0.21,23,WR,12/7/2022,0,0,0,0,3,2,26,14,9.8,0.1,0,0,0,0.129,0.091,0.135,1.5,2.6,0,0,0,0,0,0,0,0,0,0,shenault,l. shenault jr.,l,shenault5200wrl,84373-87859,WR,l,Laviska Shenault Jr.,shenault,5.275000095,8,5200,CAR@SEA,CAR,SEA,,,,,,WR/FLEX,ryland,ryland,laviska,shenault5200wrl
sims5100wrs,42.2,Steven Sims,5100,PIT,BAL,1,,3.13,4.5,1.8,-4.63,0.6,0.7,7.76,-2,0.72,0,0,0,0,0.04,-3.3,19,19.5,17.5,0,-2,37,48,0,0,0,0,0,0,0,0,0,0,0,0,0,0,0,0,0,0,0,0,0,0,0.06,0,0,41,0.81,0.11,1.1,0,0.29,0.04,0,0,1,50,2.6,-1,-900,0.86,0.14,8,0,0.34,23,WR,12/7/2022,0,0,0,0,1,0,3,3,4.6,0,0,0,0,0.051,0,0.015,-0.8,2.6,0,0,0,0,0,0,0,0,0,0,sims,steven sims,s,sims5100wrs,84373-62994,WR,s,Steven Sims Jr.,sims,1.171428544,7,5100,BAL@PIT,PIT,BAL,,,,,,WR/FLEX,ryland,ryland,steven,sims5100wrs
singletary6600rbd,72.17,Devin Singletary,6600,BUF,NYJ,1,,8.43,10.9,5.9,-2.24,1.3,2.1,10.67,5,0.93,0,0,4,0,0.18,-3.4,51,26.5,16.5,-0.5,-10,43,36,0,0,0,0,0,0,0,0,0,0,0,0,0,0,0,0,0,18,57,4.5,0.5,0.516,3.82,1.88,1,35,0.98,0.57,12.5,1000,0.77,0.26,100,0.42,0,70,10.5,1.6,600,0.64,0.21,68,0.34,0.25,32,RB,12/7/2022,0.474,0.4,0.729,12,3,2,19,9,7.5,0.1,0,0.167,0.444,0,0,0,,0,0,0,0,0,0,0,0,0,0,0,singletary,devin singletary,d,singletary6600rbd,84373-70603,RB,d,Devin Singletary,singletary,10.36666679,12,6600,NYJ@BUF,BUF,NYJ,,,,,,RB/FLEX,ryland,ryland,devin,singletary6600rbd
slayton6300wrd,59.14,Darius Slayton,6300,NYG,PHI,1,,8.87,12.5,5.2,-1.62,1.4,6.9,10.49,-4,0.66,0.5,2.1,1,0,0.65,-4.6,43,19,26,-2,7,45,50,0,0,0,0,0,0,0,0,0,0,0,0,0,0,0,0,0,0,0,0,0,0,0.18,0.06,0,40,0.88,0.68,11.8,500,1.69,0.2,100,0.4,0,50,8.1,0.4,300,1.83,0.19,47,0.23,0.19,21,WR,12/7/2022,0,0,0,0,4,2,41,21,16.4,0.2,0,0,0,0.148,0.231,0.224,32.8,27.7,0,0,0,0,0,0,0,0,0,0,slayton,darius slayton,d,slayton6300wrd,84373-63819,WR,d,Darius Slayton,slayton,9.455555386,9,6300,PHI@NYG,NYG,PHI,,,,,,WR/FLEX,ryland,ryland,darius,slayton6300wrd
smith7000wrd,60.13,DeVonta Smith,7000,PHI,@NYG,1,,10.3,14.3,6.3,-1.79,1.5,14.8,12.09,-11,0.51,1,3.7,2,0,0.75,-3.3,59,26,19,3.5,-7,45,50,0,0,0,0,0,0,0,0,0,0,0,0,0,0,0,0,0,0,0,0,0,0,0.71,0.35,0.29,40,0.88,0.68,11.6,700,1.37,0.19,100,0.4,0,50,10.1,0.2,1000,1.48,0.17,76,0.26,0.08,34,WR,12/7/2022,0,0,0,0,6,4,57,22,12.3,0.3,0,0.333,0,0.241,0.2,0.239,40.1,30.8,0,0,0,0,0,0,0,0,0,0,smith,devonta smith,d,smith7000wrd,84373-90576,WR,d,DeVonta Smith,smith,10.29999987,12,7000,PHI@NYG,PHI,NYG,,,,,,WR/FLEX,ryland,ryland,devonta,smith7000wrd
smith7700qbg,62.04,Geno Smith,7700,SEA,CAR,4,,19.7,29.8,9.6,-0.47,2.6,5,20.17,4,0.94,1,5.6,1,0,0.44,-3.4,63,24.3,20.3,2,-4,44.5,58,23,32,264,72,8.1,7.47,1.8,36,156.7,276.5,2.6,8.4,3.3,5.6,1.6,7.5,4,12,20,4.7,0.1,0.5,3.89,1.56,0.33,43,0.86,0.16,21.2,400,0.49,0.35,100,1,0,30,17.4,0.3,1700,0.44,0.28,68,0.52,0.05,19,QB,12/7/2022,0,0,0,0,0,0,0,0,0,0,0,0,0,0,0,0,,0,0,0,0,0,0,0,0,0,0,0,smith,geno smith,g,smith7700qbg,84373-26483,QB,g,Geno Smith,smith,19.2549998,12,7700,CAR@SEA,SEA,CAR,,,,,,QB,ryland,ryland,geno,smith7700qbg
smithschuster6600wrj,61.43,J. Smith-Schuster,6600,KC,@DEN,4,,9.54,13.3,5.8,-1.64,1.4,9,11.18,-6,0.61,0.25,2.1,3,0,0.69,-4.9,47,26.8,17.3,2.3,-9.5,44,63,0,0,0,0,0,0,0,0,0,0,0,0,0,0,0,0,0,0,0,0,0,0,0.69,0.06,0.06,44,0.31,0.1,4.9,-400,1.33,0.16,33,0,0.16,60,8.7,-1.2,600,1.48,0.19,50,0.11,0.11,26,WR,12/7/2022,0,0,0,0,5,4,57,22,13.2,0.2,0,0,0,0.158,0.071,0.187,30.7,15.4,0,0,0,0,0,0,0,0,0,0,smithschuster,j. smith-schuster,j,smithschuster6600wrj,84373-55987,WR,j,JuJu Smith-Schuster,smithschuster,9.527273005,11,6600,KC@DEN,KC,DEN,,,,,,WR/FLEX,ryland,ryland,juju,smithschuster6600wrj
stoll4700tej,52.87,Jack Stoll,4700,PHI,@NYG,1,,3.2,4.6,1.8,-2.34,0.7,0.5,5.54,0,0.84,0,0,0,0,0.11,-0.2,34,26,19,3.5,-7,45,50,0,0,0,0,0,0,0,0,0,0,0,0,0,0,0,0,0,0,0,0,0,0,0.06,0.06,0.06,40,0.88,0.68,2.4,300,1.92,0.05,60,0.2,0,50,1.7,0.1,-1300,2.17,0.05,16,0.03,0.06,30,TE,12/7/2022,0,0,0,0,0,0,6,5,11.6,0,0,0,0,0.029,0,0.028,8.3,2.2,0,0,0,0,0,0,0,0,0,0,stoll,jack stoll,j,stoll4700tej,84373-69451,TE,j,Jack Stoll,stoll,1.712499976,8,4700,PHI@NYG,PHI,NYG,,,,,,TE/FLEX,ryland,ryland,jack,stoll4700tej
swift7200rbd,78.51,D'Andre Swift,7200,DET,MIN,1,,11.46,14.8,8.1,-0.71,1.6,15.1,12.17,-4,0.63,1,9.3,6,0,0.06,-5.1,29,26.8,24.8,2.3,-2,51.5,49,0,0,0,0,0,0,0,0,0,0,0,0,0,0,0,0,0,19,37,5.5,0.5,0.453,1.59,0.82,0.35,0,0,0,10.8,400,0.86,0.43,100,0.33,0,60,11.4,0.4,1200,1.01,0.39,52,0.13,0.13,23,RB,12/7/2022,0.263,0.31,0.444,6,4,3,23,13,7.6,0.2,0,0.294,0.588,0,0,0,,0,0,0,0,0,0,0,0,0,0,0,swift,d'andre swift,d,swift7200rbd,84373-91598,RB,d,D'Andre Swift,swift,12.32222239,9,7200,MIN@DET,DET,MIN,,,,,,RB/FLEX,ryland,ryland,d'andre,swift7200rbd
tampa bay3900,66.48,Tampa Bay,3900,TB,@SF,4,,6.38,13.3,-0.5,0.32,1.6,9.5,6.06,-7,0.24,0,0,2,0,0.49,2.4,0,17,20.5,-3.8,3.5,37.5,41,0,0,0,0,0,0,0,0,0,0,0,0,0,0,1.68,8.88,0,0,0,0,0,0,0,0,0,51,0.73,0.62,4.5,-100,0,0,100,0,0,40,7.5,0,-2100,0,0,80,0.36,0.2,25,D,12/7/2022,0,0,0,0,0,0,0,0,0,0,0,0,0,0,0,0,,0,2.5,0.4439,0.4447,0.0098,0.033,6.33,90,4.5,2.67,0.1944,bay,tampa bay,t,tampa bay3900,84373-12551,D,t,Tampa Bay Buccaneers,buccaneers,7,12,3900,TB@SF,TB,SF,,,,,,DEF,Bay,Bay,tampa bay,tampa bay3900
tannehill6700qbr,62.6,Ryan Tannehill,6700,TEN,JAX,1,,14.2,24,4.4,-4.01,2.1,2,18.21,0,0.74,1,2.5,1,0,0.44,8.8,60,22.3,18.8,-2.5,-3.5,41,52,18,27,205,67,7.6,6.64,1.2,38,110.9,217.3,8.4,28.3,10.3,4.4,1.1,8.8,3,8,10,3.3,0.2,0.489,4.76,2.12,0.88,53,0.85,0.04,16.3,0,0.46,0.29,100,0.75,0,40,10.9,-6.4,700,0.33,0.18,48,0.24,0.31,29,QB,12/7/2022,0,0,0,0,0,0,0,0,0,0,0,0,0,0,0,0,,0,0,0,0,0,0,0,0,0,0,0,tannehill,ryan tannehill,r,tannehill6700qbr,84373-21948,QB,r,Ryan Tannehill,tannehill,13.67799988,10,6700,JAC@TEN,TEN,JAC,,,,,,QB,ryland,ryland,ryan,tannehill6700qbr
tennessee4200,52.12,Tennessee,4200,TEN,JAX,1,,7.1,15.3,-1.1,0.08,1.7,5.7,7.02,-3,0.45,0,0,4,0,0.66,-1.2,0,22.3,18.8,-2.5,-3.5,41,52,0,0,0,0,0,0,0,0,0,0,0,0,0,0,2.29,6.42,0,0,0,0,0,0,0,0,0,53,0.85,0.04,4,-200,0,0,75,0.25,0.25,40,50,-1.8,-1800,0,0,62,0.37,0.34,29,D,12/7/2022,0,0,0,0,0,0,0,0,0,0,0,0,0,0,0,0,,0,2.3,0.4786,0.4092,0.015,0.0339,7.25,9.14,4.07,20,0.1719,tennessee,tennessee,t,tennessee4200,84373-12534,D,t,Tennessee Titans,titans,6.333333333,12,4200,JAC@TEN,TEN,JAC,,,,,,DEF,Titans,Titans,tennessee,tennessee4200
thielen6400wra,62.64,Adam Thielen,6400,MIN,@DET,1,,9.36,12.8,6,-1.36,1.5,9.8,10.72,-11,0.51,1,4.2,2,0,0.57,1.3,59,24.8,26.8,-1.7,2,51.5,51,0,0,0,0,0,0,0,0,0,0,0,0,0,0,0,0,0,0,0,0,0,0,1,0.38,0.19,0,0,0,6.9,500,1.07,0.11,60,0.4,0.4,50,7.9,-1.2,400,1.19,0.13,69,0.19,0.11,26,WR,12/7/2022,0,0,0,0,6,4,47,19,10.5,0.2,0,0.188,0,0.184,0.158,0.185,37.7,24.7,0,0,0,0,0,0,0,0,0,0,thielen,adam thielen,a,thielen6400wra,84373-39716,WR,a,Adam Thielen,thielen,8.833333333,12,6400,MIN@DET,MIN,DET,,,,,,WR/FLEX,ryland,ryland,adam,thielen6400wra
thomas4500tei,51.66,Ian Thomas,4500,CAR,@SEA,4,,2.55,3.7,1.4,-2.52,0.6,0.2,5.07,-2,0.71,0,0,0,0,0.18,-1.4,33,20.3,24.3,-1,4,44.5,42,0,0,0,0,0,0,0,0,0,0,0,0,0,0,0,0,0,0,0,0,0,0,0.06,0,0,43,0.86,0.16,3.6,200,1.21,0.11,100,0.33,0,30,2.5,-0.7,-1500,1.4,0.08,42,0.09,0.23,21,TE,12/7/2022,0,0,0,0,1,1,12,9,9.4,0,0,0,0,0.062,0,0.063,2.6,2.7,0,0,0,0,0,0,0,0,0,0,thomas,ian thomas,i,thomas4500tei,84373-72515,TE,i,Ian Thomas,thomas,2.5,10,4500,CAR@SEA,CAR,SEA,,,,,,TE/FLEX,ryland,ryland,ian,thomas4500tei
tremble4500tet,65.05,Tommy Tremble,4500,CAR,@SEA,4,,3.03,4.3,1.8,-2.04,0.7,0.4,5.07,0,0.84,0,0,0,0,0.11,-1.4,32,20.3,24.3,-1,4,44.5,42,0,0,0,0,0,0,0,0,0,0,0,0,0,0,0,0,0,0,0,0,0,0,0.29,0.29,0.12,43,0.86,0.16,0.7,0,0.7,0.02,0,0,0.33,30,3.1,-0.7,-1500,1.37,0.1,34,0.08,0.17,23,TE,12/7/2022,0,0,0,0,2,1,10,7,8.9,0.1,0,0.25,0,0.073,0.143,0.051,6.4,8.3,0,0,0,0,0,0,0,0,0,0,tremble,tommy tremble,t,tremble4500tet,84373-91101,TE,t,Tommy Tremble,tremble,2.844444487,9,4500,CAR@SEA,CAR,SEA,,,,,,TE/FLEX,ryland,ryland,tommy,tremble4500tet
uzomah4400tec,63.44,C.J. Uzomah,4400,NYJ,@BUF,1,,2.63,3.7,1.5,-2.21,0.6,0.1,4.84,1,0.88,0,0,0,0,0.11,-0.9,40,16.5,26.5,-0.5,10,43,64,0,0,0,0,0,0,0,0,0,0,0,0,0,0,0,0,0,0,0,0,0,0,0.24,0.06,0.06,35,0.98,0.57,3.4,0,2.56,0.09,50,0,0,40,4.6,-0.2,-1600,1.78,0.12,45,0.08,0.16,24,TE,12/7/2022,0,0,0,0,2,2,18,10,9.1,0,0,0,0,0.078,0,0.067,7.5,3.8,0,0,0,0,0,0,0,0,0,0,uzomah,c.j. uzomah,c,uzomah4400tec,84373-31207,TE,c,C.J. Uzomah,uzomah,2.5,8,4400,NYJ@BUF,NYJ,BUF,,,,,,TE/FLEX,ryland,ryland,c.j.,uzomah4400tec
valdesscantling5800wrm,54.94,M. Valdes-Scantling,5800,KC,@DEN,4,,6.85,9.9,3.8,-2.5,1.2,9.2,9.35,-20,0.36,1,0.5,1,0,0.14,-4.9,46,26.8,17.3,2.3,-9.5,44,63,0,0,0,0,0,0,0,0,0,0,0,0,0,0,0,0,0,0,0,0,0,0,0.76,0.29,0.12,44,0.31,0.1,6,400,1.27,0.14,66,0.33,0.33,60,5.8,-1.4,-200,1.24,0.13,44,0.2,0.36,25,WR,12/7/2022,0,0,0,0,4,2,44,21,16.8,0.1,0,0.154,0,0.128,0.048,0.142,33.9,23.4,0,0,0,0,0,0,0,0,0,0,valdesscantling,m. valdes-scantling,m,valdesscantling5800wrm,84373-40647,WR,m,Marquez Valdes-Scantling,valdesscantling,6.733333588,12,5800,KC@DEN,KC,DEN,,,,,,WR/FLEX,ryland,ryland,marquez,valdesscantling5800wrm
warren5000rbj,60.25,Jaylen Warren,5000,PIT,BAL,1,,4.36,5.7,3,-2.32,0.9,0.2,6.68,4,0.91,0,0,3,0,0.83,-1.9,19,19.5,17.5,0,-2,37,48,0,0,0,0,0,0,0,0,0,0,0,0,0,0,0,0,0,8,17,5,0,0.462,0.67,0,0,41,0.81,0.11,3.7,-300,0.7,0.22,40,0.2,0.4,50,4.1,-1.9,-1000,0.77,0.22,47,0.15,0.42,19,RB,12/7/2022,0,0.158,0.287,3,1,1,13,7,8.4,0,0,0,0.667,0,0,0,,0,0,0,0,0,0,0,0,0,0,0,warren,jaylen warren,j,warren5000rbj,84373-112057,RB,j,Jaylen Warren,warren,3.963636225,11,5000,BAL@PIT,PIT,BAL,,,,,,RB/FLEX,ryland,ryland,jaylen,warren5000rbj
washington4600wrm,43.38,M. Washington,4600,DEN,KC,4,,2.19,3.3,1.1,-4.43,0.5,0.1,6.62,4,0.88,0,0,0,0,0.24,-2.3,6,17.3,26.8,-0.7,9.5,44,37,0,0,0,0,0,0,0,0,0,0,0,0,0,0,0,0,0,0,0,0,0,0,0.08,0.08,0,44,0.31,0.1,0.1,-100,0.06,0.01,0,0,0.4,50,1.3,-0.3,-1400,1.06,0.22,11,0,0.58,17,WR,12/7/2022,0,0,0,0,0,0,0,0,0.5,0,0,0,0,0.026,0,0.001,-1.6,3.9,0,0,0,0,0,0,0,0,0,0,washington,m. washington,m,washington4600wrm,84373-95854,WR,m,Montrell Washington,washington,0.266666671,12,4600,KC@DEN,DEN,KC,,,,,,WR/FLEX,ryland,ryland,montrell,washington4600wrm
watkins5400wrq,55.21,Quez Watkins,5400,PHI,@NYG,1,,6.04,8.8,3.3,-2.4,1.1,0.5,8.44,22,0.99,0,0,1,0,0.24,-3.3,39,26,19,3.5,-7,45,50,0,0,0,0,0,0,0,0,0,0,0,0,0,0,0,0,0,0,0,0,0,0,0.24,0.12,0.12,40,0.88,0.68,9.1,400,2.14,0.22,100,0.6,0,50,8.1,0.5,-600,2.81,0.21,54,0.36,0.21,33,WR,12/7/2022,0,0,0,0,2,2,28,18,13.3,0.3,0,0,0,0.1,0.16,0.117,20.3,13.9,0,0,0,0,0,0,0,0,0,0,watkins,quez watkins,q,watkins5400wrq,84373-73687,WR,q,Quez Watkins,watkins,4.691666603,12,5400,PHI@NYG,PHI,NYG,,,,,,WR/FLEX,ryland,ryland,quez,watkins5400wrq
watson4900wrj,49.99,Justin Watson,4900,KC,@DEN,4,,3.67,5.4,1.9,-3.63,0.7,1.1,7.3,-6,0.61,0,0,1,0,0.09,-4.9,25,26.8,17.3,2.3,-9.5,44,63,0,0,0,0,0,0,0,0,0,0,0,0,0,0,0,0,0,0,0,0,0,0,0.12,0.06,0.06,44,0.31,0.1,5.3,200,2.66,0.11,100,0.5,0,60,5.9,0,-1100,3.22,0.24,52,0.24,0.04,25,WR,12/7/2022,0,0,0,0,1,1,18,13,17,0.2,0,0.5,0,0.05,0.067,0.058,18.8,11.7,0,0,0,0,0,0,0,0,0,0,watson,justin watson,j,watson4900wrj,84373-83083,WR,j,Justin Watson,watson,3.383333206,12,4900,KC@DEN,KC,DEN,,,,,,WR/FLEX,ryland,ryland,justin,watson4900wrj
watson7000qbd,59.05,Deshaun Watson,7000,CLE,@CIN,1,,16.16,24.8,7.5,-2.64,2.3,6.2,18.8,-3,0.44,0.25,2.5,1,0,0.82,-4.5,62,20.5,26,-1.8,5.5,46.5,35,12,22,131,54,6,3.7,0,27,67,136,0,0,0,0,4.5,4.3,7,11,21,3,0,0.286,0.06,0,0,46,0.74,0,6.3,1000,0.21,0.1,0,0,0.2,50,3.3,-0.6,1000,0.11,0.05,0,0,0.09,22,QB,12/7/2022,0,0,0,0,0,0,0,0,0,0,0,0,0,0,0,0,,0,0,0,0,0,0,0,0,0,0,0,watson,deshaun watson,d,watson7000qbd,84373-54879,QB,d,Deshaun Watson,watson,6.340000153,1,7000,CLE@CIN,CLE,CIN,,,,,,QB,ryland,ryland,deshaun,watson7000qbd
westbrookikhine5500wrn,54.84,N. Westbrook-Ikhine,5500,TEN,JAX,1,,6.26,9,3.5,-2.41,1.1,2,8.67,8,0.93,0,0,0,0,0.57,0.5,46,22.3,18.8,-2.5,-3.5,41,52,0,0,0,0,0,0,0,0,0,0,0,0,0,0,0,0,0,0,0,0,0,0,0.47,0.24,0.12,53,0.85,0.04,9.7,200,2.16,0.2,75,0.25,0.25,40,5.1,-2,-500,1.63,0.11,31,0.06,0.37,29,WR,12/7/2022,0,0,0,0,3,1,30,17,16.4,0.2,0,0.25,0,0.124,0.158,0.162,25.1,19.6,0,0,0,0,0,0,0,0,0,0,westbrookikhine,n. westbrook-ikhine,n,westbrookikhine5500wrn,84373-64389,WR,n,Nick Westbrook-Ikhine,westbrookikhine,5.620000076,10,5500,JAC@TEN,TEN,JAC,,,,,,WR/FLEX,ryland,ryland,nick,westbrookikhine5500wrn
white6800qbm,48.25,Mike White,6800,NYJ,@BUF,1,,13.8,21.7,5.9,-4.6,2,0.4,18.4,2,0.87,0.33,1.9,0,0,0.6,-1.9,74,16.5,26.5,-0.5,10,43,64,26,42,342,62,8,7.49,1.5,57,140.5,320,0,0,0,3.6,2.4,2.3,3,3,4,1.5,0.5,0.5,1.29,0.65,0.29,35,0.98,0.57,22.1,800,0.48,0.3,50,0.5,0,40,19.7,0.4,800,0.42,0.27,14,0.14,0,21,QB,12/7/2022,0,0,0,0,0,0,0,0,0,0,0,0,0,0,0,0,,0,0,0,0,0,0,0,0,0,0,0,white,mike white,m,white6800qbm,84373-40534,QB,m,Mike White,white,22.12999916,2,6800,NYJ@BUF,NYJ,BUF,,,,,,QB,ryland,ryland,mike,white6800qbm
white6800rbr,64.12,Rachaad White,6800,TB,@SF,4,,8.72,11.7,5.8,-2.45,1.3,3.3,11.17,3,0.89,0,0,1,0,0.08,-4,26,17,20.5,-3.8,3.5,37.5,41,0,0,0,0,0,0,0,0,0,0,0,0,0,0,0,0,0,10,26,3.8,0.1,0.47,1.08,0.42,0.25,51,0.73,0.62,13.4,1400,0.65,0.29,100,0.5,0,40,6.4,-0.9,800,0.61,0.24,66,0.16,0.27,18,RB,12/7/2022,0.25,0.357,0.378,6,3,2,18,7,6.3,0.1,0,0.143,0.571,0,0,0,,0,0,0,0,0,0,0,0,0,0,0,white,rachaad white,r,white6800rbr,84373-137902,RB,r,Rachaad White,white,6.583333333,12,6800,TB@SF,TB,SF,,,,,,RB/FLEX,ryland,ryland,rachaad,white6800rbr
wilcox4600tem,59.15,Mitchell Wilcox,4600,CIN,CLE,1,,4.04,5.7,2.4,-1.26,0.9,3.5,5.3,-4,0.62,0,0,1,0,0.11,-2.7,22,26,20.5,0.2,-5.5,46.5,65,0,0,0,0,0,0,0,0,0,0,0,0,0,0,0,0,0,0,0,0,0,0,0,0,0,46,0.74,0,1.8,400,5.45,0.05,25,0,0,40,1.7,0,-1400,2.33,0.08,23,0,0.11,26,TE,12/7/2022,0,0,0,0,0,0,4,3,7.6,0,0,0,0,0.021,0,0.016,4.7,0.9,0,0,0,0,0,0,0,0,0,0,wilcox,mitchell wilcox,m,wilcox4600tem,84373-65182,TE,m,Mitchell Wilcox,wilcox,1.583333333,6,4600,CLE@CIN,CIN,CLE,,,,,,TE/FLEX,ryland,ryland,mitchell,wilcox4600tem
williams4500wrj,60.93,Jameson Williams,4500,DET,MIN,1,,4.53,6.7,2.3,-1.86,1,0.7,6.39,10,0.94,1,1.6,3,0,0.94,5.3,8,26.8,24.8,2.3,-2,51.5,49,0,0,0,0,0,0,0,0,0,0,0,0,0,0,0,0,0,0,0,0,0,0,0,0,0,0,0,0,0,0,0,0,0,0,0,50,0,0,-1500,0,0,0,0,0,16,WR,12/7/2022,0,0,0,0,1,0,0,0,0,0,0,0,0,0.026,0,0,0,8.8,0,0,0,0,0,0,0,0,0,0,williams,jameson williams,j,williams4500wrj,84373-111631,WR,j,Jameson Williams,williams,0,1,4500,MIN@DET,DET,MIN,,,,,,WR/FLEX,ryland,ryland,jameson,williams4500wrj
williams7000rbj,79.85,Jamaal Williams,7000,DET,MIN,1,,11.04,14.3,7.8,-0.63,1.6,1.7,11.67,12,0.98,1,2,7,0,0.11,-5.1,27,26.8,24.8,2.3,-2,51.5,49,0,0,0,0,0,0,0,0,0,0,0,0,0,0,0,0,0,16,60,3.9,1,0.524,2.82,2.12,1.53,0,0,0,15.2,-400,0.98,0.56,100,0.33,0,60,12.5,20,1000,0.76,0.46,69,0.26,0.13,23,RB,12/7/2022,0.714,0.496,0.409,15,1,0,5,4,6.8,0,0,0.277,0.532,0,0,0,,0,0,0,0,0,0,0,0,0,0,0,williams,jamaal williams,j,williams7000rbj,84373-45631,RB,j,Jamaal Williams,williams,14.09166718,12,7000,MIN@DET,DET,MIN,,,,,,RB/FLEX,ryland,ryland,jamaal,williams7000rbj
wilson6500qbr,60.66,Russell Wilson,6500,DEN,KC,4,,14.12,23.8,4.4,-3.7,2.2,1.3,17.82,1,0.82,0.5,1.3,1,0,0.51,0.1,63,17.3,26.8,-0.7,9.5,44,37,18,31,226,60,7.3,6.36,1.2,45,123,330.3,8,24.4,8.2,3.9,1.3,8.3,3,9,13,4.1,0.1,0.471,4.11,1.89,1.06,44,0.31,0.1,10.9,-400,0.28,0.17,100,0.4,0,50,14.8,-3,500,0.4,0.23,73,0.3,0.08,23,QB,12/7/2022,0,0,0,0,0,0,0,0,0,0,0,0,0,0,0,0,,0,0,0,0,0,0,0,0,0,0,0,wilson,russell wilson,r,wilson6500qbr,84373-22015,QB,r,Russell Wilson,wilson,13.6109092,11,6500,KC@DEN,DEN,KC,,,,,,QB,ryland,ryland,russell,wilson6500qbr
wilson7200wrg,64.83,Garrett Wilson,7200,NYJ,@BUF,1,,11.79,16.3,7.2,-0.76,1.6,9.9,12.55,0,0.79,1,6.3,2,0,0.62,0.5,47,16.5,26.5,-0.5,10,43,64,0,0,0,0,0,0,0,0,0,0,0,0,0,0,0,0,0,0,0,0,0,0,1.42,0.83,0.33,35,0.98,0.57,12.1,1000,1.17,0.2,75,0.75,0.25,40,10.3,2.6,1200,1.13,0.22,68,0.43,0.31,16,WR,12/7/2022,0,0,0,0,7,4,65,28,13.9,0.3,0,0.188,0,0.232,0.308,0.274,38.8,25.7,0,0,0,0,0,0,0,0,0,0,wilson,garrett wilson,g,wilson7200wrg,84373-103564,WR,g,Garrett Wilson,wilson,10.99166616,12,7200,NYJ@BUF,NYJ,BUF,,,,,,WR/FLEX,ryland,ryland,garrett,wilson7200wrg
woods5800wrr,60,Robert Woods,5800,TEN,JAX,1,,7.76,10.8,4.7,-1.59,1.3,5.3,9.35,-2,0.72,1,1.1,0,0,0.62,0.5,44,22.3,18.8,-2.5,-3.5,41,52,0,0,0,0,0,0,0,0,0,0,0,0,0,0,0,0,0,0,0,0,0,0,0.56,0.17,0,53,0.85,0.04,3.9,200,0.62,0.08,25,0.25,0.75,40,5.2,-2.1,-200,1.02,0.12,41,0.09,0.19,31,WR,12/7/2022,0,0,0,0,5,2,29,14,10.8,0.1,0,0.1,0,0.213,0.083,0.157,19.6,20.3,0,0,0,0,0,0,0,0,0,0,woods,robert woods,r,woods5800wrr,84373-29685,WR,r,Robert Woods,woods,4.683333397,12,5800,JAC@TEN,TEN,JAC,,,,,,WR/FLEX,ryland,ryland,robert,woods5800wrr
wright4600teb,51.06,Brock Wright,4600,DET,MIN,1,,2.45,3.5,1.4,-2.85,0.5,0.8,5.3,-11,0.4,0,0,1,0,0.28,8.9,36,26.8,24.8,2.3,-2,51.5,49,0,0,0,0,0,0,0,0,0,0,0,0,0,0,0,0,0,0,0,0,0,0,0.29,0.18,0.18,0,0,0,3.6,100,1.78,0.08,100,0.4,0,50,40,0.2,-1400,2.47,0.11,50,0.18,0.09,22,TE,12/7/2022,0,0,0,0,1,1,13,8,10.3,0.1,0,0.2,0,0.05,0.074,0.054,5,1.9,0,0,0,0,0,0,0,0,0,0,wright,brock wright,b,wright4600teb,84373-91046,TE,b,Brock Wright,wright,3.325000048,8,4600,MIN@DET,DET,MIN,,,,,,TE/FLEX,ryland,ryland,brock,wright4600teb
