RylandID_master,rating,name,salary,team,opp,, ,proj,ceil,floor,proj+-,pts/sal,proj_own,act_pts,impld_pts,lev_rank,leverage,sr,buzz,pro,my,bargain,opp+-,snaps,pts,opppts,delta,spread,o/u,spread%,comp,att,yards,%,y/a,adj ypa,td,long,%rb,%wr,%te,%td,int%,sack%,rush-att,not sure,rush_yards,rush_y/a,rush_td,success,rz_opp,rz_opp10,rz-opp5,temp,humidity,precip%,month_ppg,month_change,month_fpo,month_fps,consistency,upside,duds,count,year_ppg,year+-,year_change,year_fpo,year_fps,year_consistency,year_upside,year_duds,year_count,pos,week,rush_td%,rush_yards%,snaps%,rush_att,rec_trgts,not_sure2,rec_yards,rec_long,rec_yr,rec_td,rec_yt,rz_td_pct,rz_succ%,rec_trgts%,rec_td%,rec_yds%,proj_sacks,pass_succ,rush_succ,takeaway%,td%,ypp,rz_snaps,rz_snaps10,rz_snaps5,TD%,Last Name_master,City Name_master,First Name_master,RylandID_master,Id,Position,First Name,Nickname,Last Name,FPPG,Played,Salary,Game,Team,Opponent,Injury Indicator,Injury Details,Tier,Unnamed: 14,Unnamed: 15,City Name,City Name2,City Name3,RylandID
arizona3200,64.06,Arizona,3200,ARI,@SEA,,,4.8,13.9,0.9,1.69,1.5,0.5,11,3.11,0,0.61,0,0,1,0,0.73,4.2,0,21.5,29.5,1,8,51,50,0,0,0,0,0,0,0,0,0,0,0,0,1.4,7.37,0,0,0,0,0,0,0,0,0,44,0.74,0.11,4,-300,0,0,66,0.66,0.33,30,5.1,0.8,-2800,0,0,77,0.38,0.22,18,D,16,0,0,0,0,0,0,0,0,0,0,0,0,0,0,0,0,2.5,0.5579,0.4989,0.0079,0.0475,8.17,10.56,5.06,3.33,0.213,arizona,arizona,a,arizona3200,41710-12546,D,a,Arizona Cardinals,cardinals,4.142857143,14,3200,ARI@SEA,ARI,SEA,,,,,,Cardinals,Cardinals,arizona,arizona3200
atlanta4400,79.68,Atlanta,4400,ATL,JAX,,,8.1,15.3,1.3,1.14,1.8,3,9,6.96,-1,0.81,0,0,4,0,0.73,1.8,0,27.8,20.3,1.3,-7.5,48,59,0,0,0,0,0,0,0,0,0,0,0,0,2.45,4.72,0,0,0,0,0,0,0,0,0,0,0,0,5.2,100,0,0,60,0.4,0.4,50,50,0.8,-1600,0,0,57,0.28,0.42,21,D,16,0,0,0,0,0,0,0,0,0,0,0,0,0,0,0,0,2.4,0.535,0.4917,0.0142,0.0433,7.7,10.44,5.67,3.77,0.2096,atlanta,atlanta,a,atlanta4400,41710-12525,D,a,Atlanta Falcons,falcons,5.357142857,14,4400,JAC@ATL,ATL,JAC,,,,,,Falcons,Falcons,atlanta,atlanta4400
baltimore4500,73.75,Baltimore,4500,BAL,@CLE,,,8.6,15.3,1.5,1.31,1.9,14.5,3,7.29,-2,0.23,0,0,4,0,1,-0.5,0,29,19.5,-0.3,-9.5,48.5,76,0,0,0,0,0,0,0,0,0,0,0,0,3.01,6.73,0,0,0,0,0,0,0,0,0,45,0.63,0.02,9.9,0,0,0,100,0.85,0,70,9.5,1.6,-1500,0,0,88,0.52,0.12,25,D,16,0,0,0,0,0,0,0,0,0,0,0,0,0,0,0,0,2.6,0.4425,0.4772,0.0191,0.038,6.8,9.13,4.08,30,0.146,baltimore,baltimore,b,baltimore4500,41710-12555,D,b,Baltimore Ravens,ravens,9.714285714,14,4500,BAL@CLE,BAL,CLE,,,,,,Ravens,Ravens,baltimore,baltimore4500
carolina3500,68.3,Carolina,3500,CAR,@IND,,,6.6,14.7,0.6,2.53,1.9,3,-1,4.07,1,0.65,0,0,2,0,0.76,1.5,0,19.3,26.8,-0.5,7.5,46,47,0,0,0,0,0,0,0,0,0,0,0,0,2.81,9.74,0,0,0,0,0,0,0,0,0,0,0,0,2.3,400,0,0,75,0,0.25,40,7.4,20,-2500,0,0,95,0.45,0.05,20,D,16,0,0,0,0,0,0,0,0,0,0,0,0,0,0,0,0,2.2,0.4963,0.5141,0.0157,0.051,7.43,9.63,4.33,2.46,0.2662,carolina,carolina,c,carolina3500,41710-12553,D,c,Carolina Panthers,panthers,7.142857143,14,3500,CAR@IND,CAR,IND,,,,,,Panthers,Panthers,carolina,carolina3500
cincinnati3800,68.23,Cincinnati,3800,CIN,@MIA,,,6.8,15.5,0.9,1.77,1.8,3,0,5.03,6,0.85,0,0,1,0,0.81,-0.4,0,23.8,22.3,1.3,-1.5,46,40,0,0,0,0,0,0,0,0,0,0,0,0,1.59,4.77,0,0,0,0,0,0,0,0,0,77,0.65,0.11,6.3,0,0,0,100,0.75,0,40,4.5,-0.1,-2200,0,0,81,0.4,0.18,22,D,16,0,0,0,0,0,0,0,0,0,0,0,0,0,0,0,0,2.4,0.4871,0.5201,0.008,0.039,8.07,9.87,5.64,3.54,0.1689,cincinnati,cincinnati,c,cincinnati3800,41710-12528,D,c,Cincinnati Bengals,bengals,3.928571429,14,3800,CIN@MIA,CIN,MIA,,,,,,Bengals,Bengals,cincinnati,cincinnati3800
cleveland3000,32.58,Cleveland,3000,CLE,BAL,,,4.7,12.6,0.9,2.24,1.6,0.5,1,2.46,-7,0.32,0,0,1,0,0.73,-4.2,0,19.5,29,-0.3,9.5,48.5,24,0,0,0,0,0,0,0,0,0,0,0,0,2.62,8.45,0,0,0,0,0,0,0,0,0,45,0.63,0.02,5.3,-1500,0,0,75,0.5,0.25,40,7.8,0.5,-3000,0,0,91,0.43,0.08,23,D,16,0,0,0,0,0,0,0,0,0,0,0,0,0,0,0,0,20,0.4809,0.4879,0.0137,0.0431,7.29,9.93,5.07,2.67,0.2081,cleveland,cleveland,c,cleveland3000,41710-12529,D,c,Cleveland Browns,browns,6.285714286,14,3000,BAL@CLE,CLE,BAL,,,,,,Browns,Browns,cleveland,cleveland3000
dallas3600,71.53,Dallas,3600,DAL,@PHI,,,6.8,15.1,0.8,2.41,1.9,3,2,4.39,-4,0.76,0,0,2,0,0.8,0.4,0,24.5,22.5,-0.5,-2,47,69,0,0,0,0,0,0,0,0,0,0,0,0,1.2,6.88,0,0,0,0,0,0,0,0,0,38,0.73,0.01,4.7,400,0,0,100,0.33,0,60,7.4,-0.5,-2400,0,0,73,0.4,0.26,30,D,16,0,0,0,0,0,0,0,0,0,0,0,0,0,0,0,0,2.4,0.5129,0.4778,0.0072,0.0385,6.87,11.25,6.4,3.46,0.1722,dallas,dallas,d,dallas3600,41710-12530,D,d,Dallas Cowboys,cowboys,6.428571429,14,3600,DAL@PHI,DAL,PHI,,,,,,Cowboys,Cowboys,dallas,dallas3600
denver5000,86.61,Denver,5000,DEN,DET,,,8.8,15,2.1,-0.09,1.8,10.5,5,8.89,2,0.32,0,0,5,0,0.53,2.9,0,24.8,15.3,2.5,-9.5,40,66,0,0,0,0,0,0,0,0,0,0,0,0,2.32,6.96,0,0,0,0,0,0,0,0,0,58,0.14,0.01,8,1200,0,0,100,0.75,0,40,5.9,-0.4,-1000,0,0,61,0.42,0.38,21,D,16,0,0,0,0,0,0,0,0,0,0,0,0,0,0,0,0,2.5,0.4836,0.4808,0.0126,0.0312,7.07,8.19,4.57,2.73,0.1374,denver,denver,d,denver5000,41710-12531,D,d,Denver Broncos,broncos,6.642857143,14,5000,DET@DEN,DEN,DET,,,,,,Broncos,Broncos,denver,denver5000
detroit4100,49.34,Detroit,4100,DET,@DEN,,,6.7,13.1,0.6,0.7,1.6,0.5,6,6,-3,0.39,0,0,2,0,0.61,-1.3,0,15.3,24.8,0,9.5,40,34,0,0,0,0,0,0,0,0,0,0,0,0,1.19,5.42,0,0,0,0,0,0,0,0,0,58,0.14,0.01,3.8,-900,0,0,100,0,0,50,5.7,0.2,-1900,0,0,82,0.39,0.17,23,D,16,0,0,0,0,0,0,0,0,0,0,0,0,0,0,0,0,2.3,0.4966,0.4688,0.007,0.043,7.81,10.33,5.57,40,0.2065,detroit,detroit,d,detroit4100,41710-12532,D,d,Detroit Lions,lions,5.142857143,14,4100,DET@DEN,DET,DEN,,,,,,Lions,Lions,detroit,detroit4100
indianapolis4800,83.39,Indianapolis,4800,IND,CAR,,,8.8,14.5,2,0.55,1.8,6.5,30,8.25,-2,0.35,0,0,4,0,0.53,4.6,0,26.8,19.3,0.5,-7.5,46,53,0,0,0,0,0,0,0,0,0,0,0,0,2.59,6.11,0,0,0,0,0,0,0,0,0,0,0,0,3.4,500,0,0,40,0.4,0.6,50,6.4,0.3,-1200,0,0,88,0.56,0.12,25,D,16,0,0,0,0,0,0,0,0,0,0,0,0,0,0,0,0,2.7,0.5056,0.4465,0.0153,0.0423,7.73,7.94,4.92,2.7,0.2047,indianapolis,indianapolis,i,indianapolis4800,41710-12535,D,i,Indianapolis Colts,colts,6.642857143,14,4800,CAR@IND,IND,CAR,,,,,,Colts,Colts,indianapolis,indianapolis4800
jacksonville3400,59.6,Jacksonville,3400,JAX,@ATL,,,5.8,13.7,0.9,2.05,1.7,0.5,5,3.75,-5,0.52,0,0,1,0,0.73,0.6,0,20.3,27.8,1.3,7.5,48,41,0,0,0,0,0,0,0,0,0,0,0,0,1.79,10.32,0,0,0,0,0,0,0,0,0,0,0,0,2.3,-800,0,0,50,0.25,0.5,40,6.4,0.8,-2600,0,0,66,0.52,0.33,21,D,16,0,0,0,0,0,0,0,0,0,0,0,0,0,0,0,0,2.8,0.5079,0.5081,0.0097,0.048,7.78,8.25,4.44,3.21,0.2273,jacksonville,jacksonville,j,jacksonville3400,41710-12554,D,j,Jacksonville Jaguars,jaguars,6,14,3400,JAC@ATL,JAC,ATL,,,,,,Jaguars,Jaguars,jacksonville,jacksonville3400
la chargers4000,81.57,LA Chargers,4000,LAC,OAK,,,7.1,13,1.4,1.42,1.8,0.5,3,5.68,-6,0.39,0,0,4,0,0.81,4.3,0,26.3,18.8,0,-7.5,45,45,0,0,0,0,0,0,0,0,0,0,0,0,2.3,6.47,0,0,0,0,0,0,0,0,0,63,0.6,0.09,3,100,0,0,100,0,0,30,6.8,0.3,-2000,0,0,84,0.4,0.16,25,D,16,0,0,0,0,0,0,0,0,0,0,0,0,0,0,0,0,2.1,0.4927,0.476,0.0121,0.036,7.15,7.93,3.93,2.4,0.1849,chargers,la chargers,l,la chargers4000,41710-12548,D,l,Los Angeles Chargers,chargers,5.571428571,14,4000,OAK@LAC,LAC,OAK,,,,,,Angeles,LA,la chargers,la chargers4000
miami4000,73.66,Miami,4000,MIA,CIN,,,6.7,14.6,1.5,1.02,1.7,0.5,2,5.68,5,0.85,0,0,2,0,0.76,3.7,0,22.3,23.8,-1.2,1.5,46,60,0,0,0,0,0,0,0,0,0,0,0,0,2.55,4.9,0,0,0,0,0,0,0,0,0,77,0.65,0.11,2.8,700,0,0,75,0.25,0.25,40,50,0,-2000,0,0,82,0.23,0.17,17,D,16,0,0,0,0,0,0,0,0,0,0,0,0,0,0,0,0,2.2,0.5314,0.5141,0.0129,0.0545,8.05,10.94,4.93,30,0.2286,miami,miami,m,miami4000,41710-12539,D,m,Miami Dolphins,dolphins,2.928571429,14,4000,CIN@MIA,MIA,CIN,,,,,,Dolphins,Dolphins,miami,miami4000
new orleans3800,66.12,New Orleans,3800,NO,@TEN,,,7.4,15.4,1.6,2.37,1.9,3,6,5.03,2,0.83,0,0,2,0,0.76,-0.9,0,26.3,22.8,-1,-3.5,49,74,0,0,0,0,0,0,0,0,0,0,0,0,1.81,7.91,0,0,0,0,0,0,0,0,0,55,0.55,0.35,7.6,-1100,0,0,100,0.42,0,70,7.5,10,-2200,0,0,85,0.55,0.14,27,D,16,0,0,0,0,0,0,0,0,0,0,0,0,0,0,0,0,2.8,0.4646,0.4522,0.0115,0.0446,7.05,10.13,5.13,3.31,0.1975,orleans,new orleans,n,new orleans3800,41710-12542,D,n,New Orleans Saints,saints,8.571428571,14,3800,NO@TEN,NO,TEN,,,,,,Orleans,Orleans,new orleans,new orleans3800
ny giants3900,70.82,NY Giants,3900,NYG,@WAS,,,7,14.6,1,1.64,1.8,3,-1,5.36,-1,0.61,0,0,3,0,0.76,-0.1,0,21.5,20.5,1.7,-1,42,51,0,0,0,0,0,0,0,0,0,0,0,0,1.93,6.5,0,0,0,0,0,0,0,0,0,44,0.59,0.01,4.8,-100,0,0,80,0.6,0.2,50,6.3,10,-2100,0,0,86,0.45,0.13,22,D,16,0,0,0,0,0,0,0,0,0,0,0,0,0,0,0,0,2.4,0.5255,0.4133,0.0109,0.0491,8.13,9.81,4.4,3.38,0.2166,giants,ny giants,n,ny giants3900,41710-12543,D,n,New York Giants,giants,6.285714286,14,3900,NYG@WAS,NYG,WAS,,,,,,York,NY,ny giants,ny giants3900
ny jets3600,81.81,NY Jets,3600,NYJ,PIT,,,7.1,13.1,1.9,2.71,2,3,12,4.39,-11,0.25,0,0,3,0,0.83,4.2,0,16.8,19.8,-1.2,3,36.5,41,0,0,0,0,0,0,0,0,0,0,0,0,1.34,5.87,0,0,0,0,0,0,0,0,0,39,0.68,0.02,6.8,0,0,0,100,0.6,0,50,7.4,1.7,-2400,0,0,86,0.47,0.13,23,D,16,0,0,0,0,0,0,0,0,0,0,0,0,0,0,0,0,20,0.495,0.3957,0.0079,0.0462,7.11,10.93,5.67,3.14,0.2012,jets,ny jets,n,ny jets3600,41710-12544,D,n,New York Jets,jets,7.714285714,14,3600,PIT@NYJ,NYJ,PIT,,,,,,York,NY,ny jets,ny jets3600
oakland3700,72.66,Oakland,3700,OAK,@LAC,,,6.6,15,0.6,1.89,1.8,0.5,2,4.71,-2,0.91,0,0,2,0,0.61,3.6,0,18.8,26.3,-2,7.5,45,55,0,0,0,0,0,0,0,0,0,0,0,0,2.29,5.74,0,0,0,0,0,0,0,0,0,63,0.6,0.09,0.8,-900,0,0,50,0,0.5,40,5.9,10,-2300,0,0,77,0.36,0.22,22,D,16,0,0,0,0,0,0,0,0,0,0,0,0,0,0,0,0,20,0.5163,0.5072,0.0129,0.0566,8.43,9.69,5.53,3.62,0.2387,oakland,oakland,o,oakland3700,41710-12537,D,o,Oakland Raiders,raiders,4.5,14,3700,OAK@LAC,OAK,LAC,,,,,,Raiders,Raiders,oakland,oakland3700
philadelphia4100,46.17,Philadelphia,4100,PHI,DAL,,,6.6,14.5,1.5,0.6,1.6,3,8,6,-4,0.54,0,0,1,0,0.43,-2.6,0,22.5,24.5,0,2,47,31,0,0,0,0,0,0,0,0,0,0,0,0,2,8.01,0,0,0,0,0,0,0,0,0,38,0.73,0.01,5.4,900,0,0,60,0.4,0.4,50,6.2,0,-1900,0,0,76,0.38,0.23,26,D,16,0,0,0,0,0,0,0,0,0,0,0,0,0,0,0,0,2.2,0.4627,0.431,0.0124,0.0491,7.3,8.53,4.29,3.18,0.2188,philadelphia,philadelphia,p,philadelphia4100,41710-12545,D,p,Philadelphia Eagles,eagles,6.857142857,14,4100,DAL@PHI,PHI,DAL,,,,,,Eagles,Eagles,philadelphia,philadelphia4100
pittsburgh4900,77.71,Pittsburgh,4900,PIT,@NYJ,,,9.2,15.3,2,0.63,1.9,14.5,5,8.57,-1,0.23,0,0,4,0,0.8,-0.4,0,19.8,16.8,-1.2,-3,36.5,59,0,0,0,0,0,0,0,0,0,0,0,0,3.77,10.36,0,0,0,0,0,0,0,0,0,39,0.68,0.02,11,-100,0,0,100,0.6,0,50,11.6,4.9,-1100,0,0,88,0.76,0.12,25,D,16,0,0,0,0,0,0,0,0,0,0,0,0,0,0,0,0,3.1,0.4463,0.4657,0.0211,0.0356,6.77,8.75,4.43,30,0.1929,pittsburgh,pittsburgh,p,pittsburgh4900,41710-12547,D,p,Pittsburgh Steelers,steelers,12.07142857,14,4900,PIT@NYJ,PIT,NYJ,,,,,,Steelers,Steelers,pittsburgh,pittsburgh4900
seattle4400,66.43,Seattle,4400,SEA,ARI,,,7.1,14.1,1.4,0.14,1.6,6.5,4,6.96,-9,0.3,0,0,3,0,0.82,0.7,0,29.5,21.5,-1,-8,51,50,0,0,0,0,0,0,0,0,0,0,0,0,2.57,4.98,0,0,0,0,0,0,0,0,0,44,0.74,0.11,9.7,300,0,0,100,0.83,0,60,7.8,1.4,-1600,0,0,96,0.46,0.03,26,D,16,0,0,0,0,0,0,0,0,0,0,0,0,0,0,0,0,2.6,0.4912,0.5041,0.0164,0.0414,7.03,8.44,4.2,2.5,0.237,seattle,seattle,s,seattle4400,41710-12550,D,s,Seattle Seahawks,seahawks,8.428571429,14,4400,ARI@SEA,SEA,ARI,,,,,,Seahawks,Seahawks,seattle,seattle4400
tennessee3600,42.51,Tennessee,3600,TEN,NO,,,6.1,14.6,0.8,1.71,1.7,0.5,-1,4.39,-1,0.85,0,0,1,0,0.53,-3.6,0,22.8,26.3,-1.5,3.5,49,26,0,0,0,0,0,0,0,0,0,0,0,0,2.76,6.72,0,0,0,0,0,0,0,0,0,55,0.55,0.35,9.4,-1400,0,0,100,0.4,0,50,80,1.4,-2400,0,0,80,0.45,0.2,20,D,16,0,0,0,0,0,0,0,0,0,0,0,0,0,0,0,0,1.9,0.5138,0.4439,0.0158,0.0413,7.36,8.19,4.5,2.64,0.2366,tennessee,tennessee,t,tennessee3600,41710-12534,D,t,Tennessee Titans,titans,9.071428571,14,3600,NO@TEN,TEN,NO,,,,,,Titans,Titans,tennessee,tennessee3600
washington3800,77.45,Washington,3800,WAS,NYG,,,7.5,14.3,1.3,2.47,2,18.5,-3,5.03,-12,0.06,0,0,2,0,0.8,1.9,0,20.5,21.5,-1.8,1,42,49,0,0,0,0,0,0,0,0,0,0,0,0,2.67,9.16,0,0,0,0,0,0,0,0,0,44,0.59,0.01,10.5,800,0,0,100,0.75,0,40,6.7,20,-2200,0,0,90,0.5,0.1,20,D,16,0,0,0,0,0,0,0,0,0,0,0,0,0,0,0,0,2.7,0.5153,0.5203,0.0139,0.0423,7.43,10.88,5.75,30,0.2069,washington,washington,w,washington3800,41710-12552,D,w,Washington Redskins,redskins,6.714285714,14,3800,NYG@WAS,WAS,NYG,,,,,,Redskins,Redskins,washington,washington3800
blough6600qbd,33.95,David Blough,6600,DET,@DEN,,,13.3,19.8,6.5,-1.11,2,0.5,8.68,14.41,-7,0.43,1,0.4,0,0,0.33,3.1,70,15.3,24.8,0,9.5,40,34,23,40,248,57,6.2,3.87,1,48,11.6,61.2,24,2.5,4.3,7,2,3,6,3.3,0,0.333,1,0.71,0.07,58,0.14,0.01,9.7,600,0.21,0.14,75,0.25,0.25,40,2.8,-0.3,600,0.06,0.04,15,0.05,0.57,19,QB,16,0,0,0,0,0,0,0,0,0,0,0,0,0,0,0,0,0,0,0,0,0,0,0,0,0,0,blough,david blough,d,blough6600qbd,41710-52606,QB,d,David Blough,blough,12.93333308,3,6600,DET@DEN,DET,DEN,,,,,,ryland,ryland,david,blough6600qbd
brees8200qbd,75.8,Drew Brees,8200,NO,@TEN,,,19.1,29.1,11.6,1.55,2.3,6.5,22.86,17.55,1,0.86,0.67,4.4,1,0,0.62,2.1,58,26.3,22.8,-1,-3.5,49,74,26,34,277,75,7.9,8.43,2.2,34,27.2,49,17.2,6.5,1.2,3.1,0,0,0,-0.2,0.1,0.333,3.88,1.81,0.94,55,0.55,0.35,26.3,-300,0.73,0.44,80,0.8,0.2,50,14.6,1.6,2200,0.4,0.25,48,0.32,0.36,25,QB,16,0,0,0,0,0,0,0,0,0,0,0,0,0,0,0,0,0,0,0,0,0,0,0,0,0,0,brees,drew brees,d,brees8200qbd,41710-6504,QB,d,Drew Brees,brees,20.43111165,9,8200,NO@TEN,NO,TEN,,,,,,ryland,ryland,drew,brees8200qbd
brissett7500qbj,72.45,Jacoby Brissett,7500,IND,CAR,,,17.1,26,9.1,0.92,2.3,0.5,15.16,16.18,5,0.84,0.33,1.2,1,0,0.39,0,64,26.8,19.3,0.5,-7.5,46,53,18,30,204,62,6.7,6.34,1.4,29,17.7,50.6,26.6,4.7,1.7,5.1,3,6,13,3.6,0.2,0.531,4,1.69,1.25,0,0,0,13,300,0.32,0.21,50,0.25,0.5,40,11.2,-0.4,1500,0.31,0.17,52,0.26,0.34,23,QB,16,0,0,0,0,0,0,0,0,0,0,0,0,0,0,0,0,0,0,0,0,0,0,0,0,0,0,brissett,jacoby brissett,j,brissett7500qbj,41710-30231,QB,j,Jacoby Brissett,brissett,15.67999972,13,7500,CAR@IND,IND,CAR,,,,,,ryland,ryland,jacoby,brissett7500qbj
carr7300qbd,37.45,Derek Carr,7300,OAK,@LAC,,,14.4,22.4,7.2,-1.39,2,0.5,21.94,15.79,-3,0.5,1,0.8,0,0,0.16,-3.6,62,18.8,26.3,-2,7.5,45,55,21,31,232,70,7.5,6.65,1.2,32,22.2,41.5,31.3,3.9,1.9,5.5,1,4,4,2.6,0.1,0.276,4.31,2.13,1.13,63,0.6,0.09,13.2,-100,0.37,0.22,75,0.25,0.25,40,13.4,-1.4,1300,0.39,0.22,73,0.34,0.08,23,QB,16,0,0,0,0,0,0,0,0,0,0,0,0,0,0,0,0,0,0,0,0,0,0,0,0,0,0,carr,derek carr,d,carr7300qbd,41710-45859,QB,d,Derek Carr,carr,15.0557142,14,7300,OAK@LAC,OAK,LAC,,,,,,ryland,ryland,derek,carr7300qbd
dalton7100qba,67.45,Andy Dalton,7100,CIN,@MIA,,,16.5,25.6,8.6,1.11,2.3,3,33.84,15.39,-2,0.68,0.87,5.6,1,0,0.19,2.9,69,23.8,22.3,1.3,-1.5,46,40,24,40,264,59,6.5,4.92,1,37,15.1,63.1,17.1,2.5,3,6.8,2,4,5,2.6,0.3,0.417,5.07,2.43,1.43,77,0.65,0.11,7.5,1100,0.19,0.11,75,0.25,0.25,40,10.9,-1.1,1100,0.24,0.16,50,0.35,0.3,20,QB,16,0,0,0,0,0,0,0,0,0,0,0,0,0,0,0,0,0,0,0,0,0,0,0,0,0,0,dalton,andy dalton,a,dalton7100qba,41710-14225,QB,a,Andy Dalton,dalton,15.06545466,11,7100,CIN@MIA,CIN,MIA,,,,,,ryland,ryland,andy,dalton7100qba
darnold7400qbs,28.65,Sam Darnold,7400,NYJ,PIT,,,12.9,20.4,6.8,-3.08,1.7,0.5,9.62,15.98,-6,0.45,0,0.4,0,0,0.06,-3.2,64,16.8,19.8,-1.2,3,36.5,41,21,34,242,61,7.1,5.82,1.5,38,17.9,63.1,13.8,4.4,2.6,7.4,2,6,7,3.1,0.2,0.333,4.19,1.38,0.88,39,0.68,0.02,18.1,0,0.45,0.28,100,0.4,0,50,12.9,0.5,1400,0.33,0.2,54,0.31,0.27,22,QB,16,0,0,0,0,0,0,0,0,0,0,0,0,0,0,0,0,0,0,0,0,0,0,0,0,0,0,darnold,sam darnold,s,darnold7400qbs,41710-63589,QB,s,Sam Darnold,darnold,16.52545443,11,7400,PIT@NYJ,NYJ,PIT,,,,,,ryland,ryland,sam,darnold7400qbs
fitzpatrick7400qbr,64,Ryan Fitzpatrick,7400,MIA,CIN,,,17.7,26.3,10,1.72,2.4,6.5,32.66,15.98,-5,0.6,1,7.2,1,0,0.55,-0.5,55,22.3,23.8,-1.2,1.5,46,60,19,31,214,61,6.8,5.43,1.2,30,19.8,59.7,18.3,3.9,2.9,8.3,3,8,16,5,0.2,0.568,4.25,1.38,0.75,77,0.65,0.11,22.2,300,0.47,0.32,100,0.75,0,40,12.4,10,1400,0.33,0.23,57,0.28,0.23,21,QB,16,0,0,0,0,0,0,0,0,0,0,0,0,0,0,0,0,0,0,0,0,0,0,0,0,0,0,fitzpatrick,ryan fitzpatrick,r,fitzpatrick7400qbr,41710-7659,QB,r,Ryan Fitzpatrick,fitzpatrick,15.19230769,13,7400,CIN@MIA,MIA,CIN,,,,,,ryland,ryland,ryan,fitzpatrick7400qbr
grier6000qbw,47.8,Will Grier,6000,CAR,@IND,,,14,20.8,7.3,0.77,2.3,3,7.66,13.23,-11,0.27,0.86,7.6,1,0,0.33,3,0,19.3,26.8,-0.5,7.5,46,47,0,0,0,0,0,0,0,0,0,0,0,0,0,0,0,0,0,0,0,0,0,0,0,0,0,0,0,0,0,0,0,0,1,40,0,0,0,0,0,0,0,0.78,19,QB,16,0,0,0,0,0,0,0,0,0,0,0,0,0,0,0,0,0,0,0,0,0,0,0,0,0,0,grier,will grier,w,grier6000qbw,41710-52342,QB,w,Will Grier,grier,0,0,6000,CAR@IND,CAR,IND,,,,,,ryland,ryland,will,grier6000qbw
haskins7000qbd,47.3,Dwayne Haskins,7000,WAS,NYG,,,13.9,24.5,7.9,-1.3,2,3,13.32,15.2,-5,0.57,0.88,4,0,0,0.04,5,50,20.5,21.5,-1.8,1,42,49,13,23,154,56,6.6,3.84,0.6,35,21.8,63.3,11.7,2.6,3.9,12.9,2,9,12,5.1,0,0.4,2.21,0.86,0.5,44,0.59,0.01,10.3,300,0.31,0.17,100,0.25,0,40,50,-1.1,1000,0.17,0.1,33,0.11,0.44,18,QB,16,0,0,0,0,0,0,0,0,0,0,0,0,0,0,0,0,0,0,0,0,0,0,0,0,0,0,haskins,dwayne haskins,d,haskins7000qbd,41710-73183,QB,d,Dwayne Haskins Jr.,haskins,8.797499657,8,7000,NYG@WAS,WAS,NYG,,,,,,ryland,ryland,dwayne,haskins7000qbd
hodges6900qbd,44.2,Devlin Hodges,6900,PIT,@NYJ,,,12.2,23.1,6,-2.8,1.8,0.5,1.36,15,2,0.57,0,0.4,0,0,0.24,4.7,50,19.8,16.8,-1.2,-3,36.5,59,13,19,147,67,7.5,5.22,0.8,37,20.3,59.3,13.6,4.2,5.3,8.2,3,11,11,3.6,0,0.368,1.5,0.67,0.33,39,0.68,0.02,10.2,900,0.36,0.19,80,0,0.2,50,5.8,-1.8,900,0.24,0.12,37,0,0.37,16,QB,16,0,0,0,0,0,0,0,0,0,0,0,0,0,0,0,0,0,0,0,0,0,0,0,0,0,0,hodges,devlin hodges,d,hodges6900qbd,41710-95893,QB,d,Devlin Hodges,hodges,9.376666387,6,6900,PIT@NYJ,PIT,NYJ,,,,,,ryland,ryland,devlin,hodges6900qbd
jackson9300qbl,87.15,Lamar Jackson,9300,BAL,@CLE,,,24.3,29.8,12.3,4.59,2.6,18.5,29.82,19.71,0,0.47,1,10,2,0,0.62,0.3,65,29,19.5,-0.3,-9.5,48.5,76,16,26,204,65,7.9,7.95,2.1,43,14.4,42.3,40.1,8.1,1.5,6.5,12,23,77,6.4,0.6,0.531,6.38,3.13,1.38,45,0.63,0.02,30.5,-200,0.88,0.51,100,0.8,0,50,27.3,7.7,3300,0.69,0.42,82,0.65,0,23,QB,16,0,0,0,0,0,0,0,0,0,0,0,0,0,0,0,0,0,0,0,0,0,0,0,0,0,0,jackson,lamar jackson,l,jackson9300qbl,41710-63115,QB,l,Lamar Jackson,jackson,27.98999895,14,9300,BAL@CLE,BAL,CLE,,,,,,ryland,ryland,lamar,jackson9300qbl
jones7300qbd,60.2,Daniel Jones,7300,NYG,@WAS,,,17,24.9,9.6,1.21,2.3,0.5,35.28,15.79,3,0.78,0.67,2,1,0,0.55,0.5,62,21.5,20.5,1.7,-1,42,51,20,33,215,61,6.4,4.97,1.6,42,17.6,55.9,24.1,4.8,3,8.3,3,11,21,6.2,0.2,0.641,4.14,2,1,44,0.59,0.01,5.2,-200,0.13,0.08,40,0,0.6,50,11.7,0.4,1300,0.29,0.19,54,0.13,0.27,22,QB,16,0,0,0,0,0,0,0,0,0,0,0,0,0,0,0,0,0,0,0,0,0,0,0,0,0,0,jones,daniel jones,d,jones7300qbd,41710-63519,QB,d,Daniel Jones,jones,16.00545432,11,7300,NYG@WAS,NYG,WAS,,,,,,ryland,ryland,daniel,jones7300qbd
lock7300qbd,68,Drew Lock,7300,DEN,DET,,,16.7,23.5,8.4,0.91,2.3,3,12.68,15.79,-8,0.47,0.92,5.2,1,0,0.33,6,58,24.8,15.3,2.5,-9.5,40,66,19,31,217,61,6.9,6.28,1.7,41,25.3,52.6,20,5.5,3.2,3.1,2,7,11,4.1,0,0.625,6.33,1.67,0.67,58,0.14,0.01,15.4,1300,0.44,0.27,50,0.5,0.25,40,15.4,0.1,1300,0.44,0.27,11,0.11,0.05,17,QB,16,0,0,0,0,0,0,0,0,0,0,0,0,0,0,0,0,0,0,0,0,0,0,0,0,0,0,lock,drew lock,d,lock7300qbd,41710-64051,QB,d,Drew Lock,lock,15.44666672,3,7300,DET@DEN,DEN,DET,,,,,,ryland,ryland,drew,lock7300qbd
mayfield7400qbb,37.35,Baker Mayfield,7400,CLE,BAL,,,14.8,21.7,7.6,-1.18,2,0.5,15.08,15.98,-4,0.47,0,1.2,0,0,0.16,-5.8,67,19.5,29,-0.3,9.5,48.5,24,20,34,251,60,7.3,5.69,1.4,41,22.1,60.8,14.1,4.1,3.8,5.8,1,5,7,4.4,0.2,0.571,6.31,3.13,1.88,45,0.63,0.02,16.1,-100,0.44,0.24,75,0.5,0.25,40,14.7,-1.3,1400,0.38,0.22,66,0.33,0.2,24,QB,16,0,0,0,0,0,0,0,0,0,0,0,0,0,0,0,0,0,0,0,0,0,0,0,0,0,0,mayfield,baker mayfield,b,mayfield7400qbb,41710-41535,QB,b,Baker Mayfield,mayfield,15.14571381,14,7400,BAL@CLE,CLE,BAL,,,,,,ryland,ryland,baker,mayfield7400qbb
minshew6800qbg,57.9,Gardner Minshew,6800,JAX,@ATL,,,17.5,23.5,10,2.7,2.6,0.5,14.84,14.8,-1,0.61,1,4,1,0,0.62,-2.4,65,20.3,27.8,1.3,7.5,48,41,20,33,232,61,7,6.49,1.4,40,20.3,61,14.8,4.2,1.2,6.5,4,9,25,5.5,0,0.436,4.5,2,0.93,0,0,0,11,800,0.29,0.2,75,0.5,0.25,40,14.2,1.1,800,0.35,0.22,68,0.52,0.1,19,QB,16,0,0,0,0,0,0,0,0,0,0,0,0,0,0,0,0,0,0,0,0,0,0,0,0,0,0,minshew,gardner minshew,g,minshew6800qbg,41710-61798,QB,g,Gardner Minshew II,minshew,16.24166616,12,6800,JAC@ATL,JAC,ATL,,,,,,ryland,ryland,gardner,minshew6800qbg
murray7700qbk,65,Kyler Murray,7700,ARI,@SEA,,,18.8,28.6,8,2.23,2.4,6.5,12.72,16.57,0,0.83,0.94,6,2,0,0.39,-0.7,66,21.5,29.5,1,8,51,50,22,34,234,64,6.8,5.51,1.2,41,19.7,67.4,8.5,3.5,2.1,8.8,6,17,36,5.9,0.3,0.494,6.29,2.93,1.71,44,0.74,0.11,14.9,0,0.38,0.24,100,0,0,30,19.5,2.8,1700,0.45,0.3,77,0.5,0.05,18,QB,16,0,0,0,0,0,0,0,0,0,0,0,0,0,0,0,0,0,0,0,0,0,0,0,0,0,0,murray,kyler murray,k,murray7700qbk,41710-63484,QB,k,Kyler Murray,murray,19.25428554,14,7700,ARI@SEA,ARI,SEA,,,,,,ryland,ryland,kyler,murray7700qbk
prescott8000qbd,71.2,Dak Prescott,8000,DAL,@PHI,,,19,26.4,9.4,1.84,2.4,6.5,11.3,17.16,-4,0.61,0.85,6.8,1,0,0.39,-1,69,24.5,22.5,-0.5,-2,47,69,24,36,305,65,8.3,8.06,1.9,43,15.5,59.2,21.9,5.3,1.9,3.7,3,9,14,4.2,0.3,0.446,5.44,2.19,0.81,38,0.73,0.01,15.3,-100,0.35,0.22,66,0.33,0.33,60,21.4,3.7,2000,0.51,0.31,75,0.62,0.12,32,QB,16,0,0,0,0,0,0,0,0,0,0,0,0,0,0,0,0,0,0,0,0,0,0,0,0,0,0,prescott,dak prescott,d,prescott8000qbd,41710-31716,QB,d,Dak Prescott,prescott,21.98999895,14,8000,DAL@PHI,DAL,PHI,,,,,,ryland,ryland,dak,prescott8000qbd
rivers7500qbp,76.1,Philip Rivers,7500,LAC,OAK,,,17.3,27.2,9.8,1.12,2.3,3,11.16,16.18,4,0.83,1,5.2,1,0,0.24,3.3,63,26.3,18.8,0,-7.5,45,45,23,35,275,65,7.8,6.12,1.4,41,29.1,51.5,16.2,4,4,5.7,0,1,1,1.9,0,0.154,5.44,2.38,1.19,63,0.6,0.09,17.8,200,0.55,0.31,100,0.66,0,30,15.7,-0.7,1500,0.41,0.25,75,0.28,0.1,28,QB,16,0,0,0,0,0,0,0,0,0,0,0,0,0,0,0,0,0,0,0,0,0,0,0,0,0,0,rivers,philip rivers,p,rivers7500qbp,41710-7968,QB,p,Philip Rivers,rivers,16.18571472,14,7500,OAK@LAC,LAC,OAK,,,,,,ryland,ryland,philip,rivers7500qbp
ryan7700qbm,82.2,Matt Ryan,7700,ATL,JAX,,,19.4,27.3,12.3,2.83,2.5,10.5,17.96,16.57,-2,0.56,1,4,1,0,0.5,4.1,69,27.8,20.3,1.3,-7.5,48,59,26,39,292,66,7.4,6.46,1.9,43,15.4,63.9,16.4,4.9,2.3,6.9,2,6,9,4.5,0.1,0.485,5.88,2,0.94,0,0,0,16.9,-200,0.34,0.22,75,0.75,0.25,40,18.8,2.3,1700,0.42,0.27,66,0.47,0.14,21,QB,16,0,0,0,0,0,0,0,0,0,0,0,0,0,0,0,0,0,0,0,0,0,0,0,0,0,0,ryan,matt ryan,m,ryan7700qbm,41710-6616,QB,m,Matt Ryan,ryan,19.14307697,13,7700,JAC@ATL,ATL,JAC,,,,,,ryland,ryland,matt,ryan7700qbm
tannehill7800qbr,64.25,Ryan Tannehill,7800,TEN,NO,,,18,26.4,9.1,1.23,2.3,6.5,23.68,16.77,-3,0.61,1,3.2,1,0,0.65,-0.5,52,22.8,26.3,-1.5,3.5,49,26,18,26,233,69,8.8,7.17,1.6,43,16.1,57.2,23.3,6.2,3.1,10.3,3,10,15,4.5,0.3,0.452,2.88,1.25,0.63,55,0.55,0.35,26.4,700,0.81,0.44,100,0.8,0,50,14.2,3.4,1800,0.43,0.27,60,0.4,0.25,20,QB,16,0,0,0,0,0,0,0,0,0,0,0,0,0,0,0,0,0,0,0,0,0,0,0,0,0,0,tannehill,ryan tannehill,r,tannehill7800qbr,41710-21948,QB,r,Ryan Tannehill,tannehill,18.85800018,10,7800,NO@TEN,TEN,NO,,,,,,ryland,ryland,ryan,tannehill7800qbr
wentz7700qbc,63.65,Carson Wentz,7700,PHI,DAL,,,17.4,24.2,9.1,0.83,2.3,3,18.96,16.57,-5,0.54,0.6,2.4,1,0,0.19,2.8,73,22.5,24.5,0,2,47,31,23,37,245,63,6.5,6.16,1.8,33,16.9,44.6,36.8,4.9,1.4,6.3,3,7,14,3.9,0.1,0.623,5.81,2.25,1.44,38,0.73,0.01,19.5,400,0.38,0.25,100,0.6,0,50,14.3,0.7,1700,0.32,0.2,61,0.3,0.23,26,QB,16,0,0,0,0,0,0,0,0,0,0,0,0,0,0,0,0,0,0,0,0,0,0,0,0,0,0,wentz,carson wentz,c,wentz7700qbc,41710-70324,QB,c,Carson Wentz,wentz,17.63142831,14,7700,DAL@PHI,PHI,DAL,,,,,,ryland,ryland,carson,wentz7700qbc
wilson8300qbr,86.15,Russell Wilson,8300,SEA,ARI,,,21.2,28,12.5,3.45,2.6,18.5,10.96,17.75,-1,0.28,1,8.4,1,0,0.62,7,70,29.5,21.5,-1,-8,51,50,20,30,258,66,8.3,7.83,2,40,14.9,61,19.2,6.7,1.3,9.6,4,12,22,4.9,0.2,0.413,6,2.38,1,44,0.74,0.11,14.8,100,0.4,0.22,50,0.16,0.5,60,21.2,3.1,2300,0.55,0.3,70,0.4,0.14,27,QB,16,0,0,0,0,0,0,0,0,0,0,0,0,0,0,0,0,0,0,0,0,0,0,0,0,0,0,wilson,russell wilson,r,wilson8300qbr,41710-22015,QB,r,Russell Wilson,wilson,21.60142953,14,8300,ARI@SEA,SEA,ARI,,,,,,ryland,ryland,russell,wilson8300qbr
barkley8800rbs,77.22,Saquon Barkley,8800,NYG,@WAS,,,15.5,24.3,5.4,-0.16,1.8,6.5,41.9,15.66,2,0.8,0.94,5.5,7,0,0.92,2.7,55,21.5,20.5,1.7,-1,42,51,0,0,0,0,0,0,0,0,0,0,0,0,0,0,0,20,67,4,0.5,0.426,2.81,1.63,0.81,44,0.59,0.01,12.9,900,0.54,0.23,40,0.2,0.6,50,11.4,-0.3,2800,0.5,0.21,43,0.13,0.39,23,RB,16,0.5,0.671,0.823,16,6,4,30,19,7.2,0.1,4.4,0.132,0.342,0,0,0,0,0,0,0,0,0,0,0,0,0,barkley,saquon barkley,s,barkley8800rbs,41710-64401,RB,s,Saquon Barkley,barkley,14.27272727,11,8800,NYG@WAS,NYG,WAS,,,,,,ryland,ryland,saquon,barkley8800rbs
bell7100rbl,59.62,Le'Veon Bell,7100,NYJ,PIT,,,12.2,23.2,3.3,0.78,1.7,3,11.3,11.42,5,0.94,0.67,2.9,4,0,0.43,-2.7,53,16.8,19.8,-1.2,3,36.5,41,0,0,0,0,0,0,0,0,0,0,0,0,0,0,0,10,52,3.3,0.2,0.441,1.93,0.86,0.5,39,0.68,0.02,8.3,-200,0.45,0.17,60,0,0.4,50,11.4,0.1,1100,0.54,0.22,57,0.09,0.23,21,RB,16,0.5,0.694,0.833,15,5,4,31,12,7.1,0.1,6.1,0.167,0.611,0,0,0,0,0,0,0,0,0,0,0,0,0,bell,le'veon bell,l,bell7100rbl,41710-28181,RB,l,Le'Veon Bell,bell,12.34615385,13,7100,PIT@NYJ,NYJ,PIT,,,,,,ryland,ryland,le'veon,bell7100rbl
bernard4700rbg,71.3,Giovani Bernard,4700,CIN,@MIA,,,6.8,12.2,0.8,1.37,1.4,0.5,2.5,5.43,-15,0.65,0,0,2,0,0.64,2.7,26,23.8,22.3,1.3,-1.5,46,40,0,0,0,0,0,0,0,0,0,0,0,0,0,0,0,7,10,3.3,0,0.333,1.19,0.38,0.13,77,0.65,0.11,4.1,0,0.79,0.2,100,0,0,40,3.4,-2,-1300,0.56,0.13,55,0,0.2,20,RB,16,0,0.113,0.397,3,2,2,14,11,7.2,0,50,0,0.3,0,0,0,0,0,0,0,0,0,0,0,0,0,bernard,giovani bernard,g,bernard4700rbg,41710-25290,RB,g,Giovani Bernard,bernard,3.607142857,14,4700,CIN@MIA,CIN,MIA,,,,,,ryland,ryland,giovani,bernard4700rbg
blasingame4800rbk,47.52,Khari Blasingame,4800,TEN,NO,,,6.2,11.2,1,0.52,1.3,0.5,0,5.68,-13,0.59,0,0,1,0,0.09,-2.3,12,22.8,26.3,-1.5,3.5,49,26,0,0,0,0,0,0,0,0,0,0,0,0,0,0,0,0,0,0,0,0,0.25,0.25,0.25,55,0.55,0.35,1.6,300,2.07,0.13,25,0,0.75,40,1.6,0,-1200,2.07,0.13,5,0,0.16,18,RB,16,0,0,0.211,0,0,0,11,6,15.7,0,5.9,0,0,0,0,0,0,0,0,0,0,0,0,0,0,0,blasingame,khari blasingame,k,blasingame4800rbk,41710-56041,RB,k,Khari Blasingame,blasingame,3.099999905,2,4800,NO@TEN,TEN,NO,,,,,,ryland,ryland,khari,blasingame4800rbk
carson8200rbc,88.93,Chris Carson,8200,SEA,ARI,,,17.2,26.7,6.3,3.04,2.1,23,6.5,14.16,0,0.17,1,4.5,12,0,0.98,0.1,49,29.5,21.5,-1,-8,51,50,0,0,0,0,0,0,0,0,0,0,0,0,0,0,0,22,89,4.5,0.6,0.56,3.25,1.75,0.88,44,0.74,0.11,15.5,500,0.75,0.34,75,0.25,0.25,40,15.7,3.1,2200,0.69,0.32,60,0.39,0.21,23,RB,16,0.556,0.601,0.699,19,2,2,15,7,6.8,0.1,4.5,0.2,0.56,0,0,0,0,0,0,0,0,0,0,0,0,0,carson,chris carson,c,carson8200rbc,41710-64119,RB,c,Chris Carson,carson,14.82857186,14,8200,ARI@SEA,SEA,ARI,,,,,,ryland,ryland,chris,carson8200rbc
chubb8000rbn,59.35,Nick Chubb,8000,CLE,BAL,,,13,18.3,5,-0.66,1.6,0.5,4.5,13.66,0,0.95,0.8,2.3,4,0,0.5,-2,45,19.5,29,-0.3,9.5,48.5,24,0,0,0,0,0,0,0,0,0,0,0,0,0,0,0,29,96,5.2,0.5,0.463,3.63,2.06,1,45,0.63,0.02,16.7,-200,0.86,0.43,75,0.5,0.25,40,14.6,1.3,2000,0.67,0.32,58,0.25,0.29,24,RB,16,0.533,0.785,0.666,18,3,2,17,11,7.1,0,60,0.118,0.353,0,0,0,0,0,0,0,0,0,0,0,0,0,chubb,nick chubb,n,chubb8000rbn,41710-53562,RB,n,Nick Chubb,chubb,16.28571429,14,8000,BAL@CLE,CLE,BAL,,,,,,ryland,ryland,nick,chubb8000rbn
conner7400rbj,59.37,James Conner,7400,PIT,@NYJ,,,11.3,20,5.2,-0.87,1.5,0.5,3.2,12.17,3,0.98,0.67,1.3,2,0,0.56,-1.1,35,19.8,16.8,-1.2,-3,36.5,59,0,0,0,0,0,0,0,0,0,0,0,0,0,0,0,13,49,4,0.4,0.468,1.19,0.44,0.31,39,0.68,0.02,5.2,300,0.4,0.15,40,0,0.6,50,9.8,1.3,1400,0.6,0.28,39,0.21,0.47,23,RB,16,0.8,0.627,0.563,12,4,3,28,13,7.6,0.3,5.5,0.286,0.571,0,0,0,0,0,0,0,0,0,0,0,0,0,conner,james conner,j,conner7400rbj,41710-40687,RB,j,James Conner,conner,13.92222256,9,7400,PIT@NYJ,PIT,NYJ,,,,,,ryland,ryland,james,conner7400rbj
drake7100rbk,69.67,Kenyan Drake,7100,ARI,@SEA,,,11.6,22.1,4.2,0.18,1.6,3,31.9,11.42,3,0.92,0.88,3.5,6,0,0.59,1.1,41,21.5,29.5,1,8,51,50,0,0,0,0,0,0,0,0,0,0,0,0,0,0,0,12,46,4.4,0.4,0.483,1.36,0.64,0.36,44,0.74,0.11,17.8,700,0.97,0.4,100,0.33,0,30,12.5,1.2,1100,0.79,0.3,63,0.22,0.04,22,RB,16,0.5,0.507,0.667,10,5,3,27,14,7.3,0,6.4,0.313,0.75,0,0,0,0,0,0,0,0,0,0,0,0,0,drake,kenyan drake,k,drake7100rbk,41710-30989,RB,k,Kenyan Drake,drake,11.79166667,12,7100,ARI@SEA,ARI,SEA,,,,,,ryland,ryland,kenyan,drake7100rbk
edwards5000rbg,62.58,Gus Edwards,5000,BAL,@CLE,,,3.8,9.5,0.1,-2.38,0.8,0.5,7.8,6.18,-15,0.49,0,0,5,0,0.59,-0.3,24,29,19.5,-0.3,-9.5,48.5,76,0,0,0,0,0,0,0,0,0,0,0,0,0,0,0,18,42,5.4,0.1,0.516,1.63,0.69,0.5,45,0.63,0.02,3.4,-400,0.46,0.15,50,0,0.5,40,50,-1.5,-1000,0.6,0.21,55,0.1,0.25,20,RB,16,0.095,0.208,0.343,7,0,0,3,2,8.2,0,2.6,0.04,0.32,0,0,0,0,0,0,0,0,0,0,0,0,0,edwards,gus edwards,g,edwards5000rbg,41710-40167,RB,g,Gus Edwards,edwards,4.971428462,14,5000,BAL@CLE,BAL,CLE,,,,,,ryland,ryland,gus,edwards5000rbg
ekeler6800rba,80.58,Austin Ekeler,6800,LAC,OAK,,,13,22.4,4.5,2.33,1.9,3,9.4,10.67,6,0.92,1,2.9,11,0,0.61,1.6,36,26.3,18.8,0,-7.5,45,45,0,0,0,0,0,0,0,0,0,0,0,0,0,0,0,14,37,4.4,0.3,0.457,1.81,1.13,0.88,63,0.6,0.09,18.2,100,1.33,0.57,100,0.66,0,30,14.6,3.2,800,1,0.41,70,0.33,0.12,24,RB,16,0.4,0.387,0.55,8,6,5,59,27,11.4,0.5,9.6,0.176,0.412,0,0,0,0,0,0,0,0,0,0,0,0,0,ekeler,austin ekeler,a,ekeler6800rba,41710-80001,RB,a,Austin Ekeler,ekeler,17.15714264,14,6800,OAK@LAC,LAC,OAK,,,,,,ryland,ryland,austin,ekeler6800rba
elliott8700rbe,75.45,Ezekiel Elliott,8700,DAL,@PHI,,,16.6,24.3,6.6,1.19,1.9,14.5,11.9,15.41,-3,0.41,0.93,5.5,7,0,0.59,0.2,58,24.5,22.5,-0.5,-2,47,69,0,0,0,0,0,0,0,0,0,0,0,0,0,0,0,16,84,4.4,0.7,0.549,4.5,2.19,1.19,38,0.73,0.01,19.6,300,0.79,0.32,100,0.4,0,50,16.1,1.4,2700,0.68,0.28,67,0.21,0.17,28,RB,16,0.611,0.651,0.842,19,4,3,27,13,8.3,0.1,60,0.18,0.541,0,0,0,0,0,0,0,0,0,0,0,0,0,elliott,ezekiel elliott,e,elliott8700rbe,41710-38791,RB,e,Ezekiel Elliott,elliott,17.63571385,14,8700,DAL@PHI,DAL,PHI,,,,,,ryland,ryland,ezekiel,elliott8700rbe
fournette7500rbl,73.39,Leonard Fournette,7500,JAX,@ATL,,,15.2,25.6,4.5,2.78,2,6.5,12,12.42,4,0.82,0.7,3.9,7,0,0.94,-3.4,60,20.3,27.8,1.3,7.5,48,41,0,0,0,0,0,0,0,0,0,0,0,0,0,0,0,27,74,4.2,0.3,0.418,3.75,1.75,0.63,0,0,0,15.9,500,0.61,0.25,75,0.25,0.25,40,13.9,2.3,1500,0.57,0.23,66,0.14,0.14,21,RB,16,1,0.68,0.871,17,6,5,34,14,6.8,0,5.4,0.083,0.271,0,0,0,0,0,0,0,0,0,0,0,0,0,fournette,leonard fournette,l,fournette7500rbl,41710-52922,RB,l,Leonard Fournette,fournette,14.95714242,14,7500,JAC@ATL,JAC,ATL,,,,,,ryland,ryland,leonard,fournette7500rbl
freeman5500rbr,64.87,Royce Freeman,5500,DEN,DET,,,7.4,13.7,1.7,-0.03,1.3,0.5,10.7,7.43,-10,0.75,0,0,7,0,0.36,0.7,33,24.8,15.3,2.5,-9.5,40,66,0,0,0,0,0,0,0,0,0,0,0,0,0,0,0,10,34,3.8,0.1,0.414,1.81,0.81,0.31,58,0.14,0.01,5.8,200,0.72,0.2,100,0.25,0,40,8.2,0.7,-500,0.65,0.25,80,0.33,0.04,21,RB,16,0.222,0.341,0.511,9,3,3,17,8,5.9,0.1,4.5,0.087,0.391,0,0,0,0,0,0,0,0,0,0,0,0,0,freeman,royce freeman,r,freeman5500rbr,41710-55970,RB,r,Royce Freeman,freeman,7.792857034,14,5500,DET@DEN,DEN,DET,,,,,,ryland,ryland,royce,freeman5500rbr
freeman6200rbd,91.37,Devonta Freeman,6200,ATL,JAX,,,12.6,26.7,4.1,3.43,2,14.5,29.2,9.17,3,0.43,1,4.8,9,0,0.95,2.9,46,27.8,20.3,1.3,-7.5,48,59,0,0,0,0,0,0,0,0,0,0,0,0,0,0,0,12,45,3.6,0.1,0.412,1.71,0.5,0.14,0,0,0,8.1,0,0.42,0.15,80,0.2,0.2,50,9.2,0.7,200,0.53,0.2,54,0.18,0.18,22,RB,16,0.167,0.53,0.644,12,4,4,26,11,6.7,0.3,5.3,0.056,0.333,0,0,0,0,0,0,0,0,0,0,0,0,0,freeman,devonta freeman,d,freeman6200rbd,41710-24920,RB,d,Devonta Freeman,freeman,10.88333384,12,6200,JAC@ATL,ATL,JAC,,,,,,ryland,ryland,devonta,freeman6200rbd
gaskin5200rbm,54.32,Myles Gaskin,5200,MIA,CIN,,,7.4,13.1,0.9,0.72,1.4,0.5,12.3,6.68,-6,0.71,1,3.2,1,0,0.39,-2,15,22.3,23.8,-1.2,1.5,46,60,0,0,0,0,0,0,0,0,0,0,0,0,0,0,0,8,13,3.9,0,0.3,0.36,0.14,0.07,77,0.65,0.11,3.8,600,0.58,0.2,100,0.25,0,40,1.1,-0.4,-800,0.23,0.07,22,0.05,0.55,18,RB,16,0,0.16,0.22,3,1,1,8,6,80,0,4.3,0,0,0,0,0,0,0,0,0,0,0,0,0,0,0,gaskin,myles gaskin,m,gaskin5200rbm,41710-60930,RB,m,Myles Gaskin,gaskin,2.600000064,6,5200,CIN@MIA,MIA,CIN,,,,,,ryland,ryland,myles,gaskin5200rbm
gordon7000rbm,78.85,Melvin Gordon,7000,LAC,OAK,,,13.3,23.5,5.7,2.13,1.9,6.5,19.7,11.17,0,0.78,1,2.3,9,0,0.39,1.6,36,26.3,18.8,0,-7.5,45,45,0,0,0,0,0,0,0,0,0,0,0,0,0,0,0,14,52,3.9,0.5,0.503,2.85,1.54,1.08,63,0.6,0.09,11.3,0,0.63,0.35,66,0,0.33,30,10.4,-0.5,1000,0.6,0.29,46,0.11,0.26,26,RB,16,0.75,0.588,0.555,13,3,3,18,11,6.3,0.1,60,0.188,0.594,0,0,0,0,0,0,0,0,0,0,0,0,0,gordon,melvin gordon,m,gordon7000rbm,41710-28900,RB,m,Melvin Gordon III,gordon,11.89000015,10,7000,OAK@LAC,LAC,OAK,,,,,,ryland,ryland,melvin,gordon7000rbm
hill4900rbb,66.92,Brian Hill,4900,ATL,JAX,,,4.1,11.6,0.4,-1.83,0.8,0.5,6.6,5.93,-17,0.64,0,0,6,0,0.54,2.9,25,27.8,20.3,1.3,-7.5,48,59,0,0,0,0,0,0,0,0,0,0,0,0,0,0,0,18,38,4.6,0.2,0.427,0.94,0.31,0.19,0,0,0,5.7,-600,0.76,0.24,100,0.2,0,50,4.3,0.1,-1100,0.44,0.17,52,0.19,0.28,21,RB,16,0.286,0.381,0.349,8,1,1,7,5,7.1,0.1,3.5,0.091,0.636,0,0,0,0,0,0,0,0,0,0,0,0,0,hill,brian hill,b,hill4900rbb,41710-54010,RB,b,Brian Hill,hill,6.6875,8,4900,JAC@ATL,ATL,JAC,,,,,,ryland,ryland,brian,hill4900rbb
hines5700rbn,63.83,Nyheim Hines,5700,IND,CAR,,,6.2,12.1,1.5,-1.73,1.1,0.5,13.1,7.93,-11,0.65,0,0,6,0,0.43,5.4,21,26.8,19.3,0.5,-7.5,46,53,0,0,0,0,0,0,0,0,0,0,0,0,0,0,0,6,10,3.6,0.2,0.468,1,0.63,0.25,0,0,0,5.2,200,0.83,0.21,33,0.33,0.66,30,5.4,-0.7,-300,0.79,0.26,63,0.36,0.22,22,RB,16,0.2,0.084,0.301,2,3,2,22,13,7.7,0,5.8,0.375,0.875,0,0,0,0,0,0,0,0,0,0,0,0,0,hines,nyheim hines,n,hines5700rbn,41710-63625,RB,n,Nyheim Hines,hines,5.407142639,14,5700,CAR@IND,IND,CAR,,,,,,ryland,ryland,nyheim,hines5700rbn
hunt6100rbk,58.69,Kareem Hunt,6100,CLE,BAL,,,9.8,19,3.8,0.88,1.6,0.5,5.3,8.92,2,0.97,0.8,1.6,1,0,0.64,-2,40,19.5,29,-0.3,9.5,48.5,24,0,0,0,0,0,0,0,0,0,0,0,0,0,0,0,9,27,4.4,0.3,0.579,1.17,0.5,0.17,45,0.63,0.02,13,500,1.11,0.32,100,0.75,0,40,11.5,1.4,100,0.93,0.29,38,0.22,0,18,RB,16,0.333,0.208,0.59,6,6,5,36,17,7.3,0.2,7.4,0.5,0.75,0,0,0,0,0,0,0,0,0,0,0,0,0,hunt,kareem hunt,k,hunt6100rbk,41710-45229,RB,k,Kareem Hunt,hunt,11.94999949,6,6100,BAL@CLE,CLE,BAL,,,,,,ryland,ryland,kareem,hunt6100rbk
ingram7600rbm,77.8,Mark Ingram,7600,BAL,@CLE,,,13,24.6,4.7,0.34,1.7,6.5,16.1,12.66,3,0.8,0,0,7,0,0.59,-0.3,33,29,19.5,-0.3,-9.5,48.5,76,0,0,0,0,0,0,0,0,0,0,0,0,0,0,0,19,64,4.9,0.7,0.586,3.13,2,1.13,45,0.63,0.02,17.4,-200,1.06,0.56,80,0.6,0.2,50,13.9,1.7,1600,0.92,0.42,60,0.26,0.21,23,RB,16,0.478,0.334,0.483,13,1,1,14,9,8.7,0.3,6.1,0.244,0.689,0,0,0,0,0,0,0,0,0,0,0,0,0,ingram,mark ingram,m,ingram7600rbm,41710-14211,RB,m,Mark Ingram II,ingram,15.24285671,14,7600,BAL@CLE,BAL,CLE,,,,,,ryland,ryland,mark,ingram7600rbm
johnson4500rbk,70.25,Kerryon Johnson,4500,DET,@DEN,,,7.8,15.9,2.6,2.87,1.7,0.5,4.8,4.93,-2,0.86,0.8,2.6,3,0,0.98,-1.6,39,15.3,24.8,0,9.5,40,34,0,0,0,0,0,0,0,0,0,0,0,0,0,0,0,9,51,3.3,0.3,0.522,2.83,2,1.33,58,0.14,0.01,0,0,0,0,0,0,0,40,11.3,0.1,-1500,0.64,0.29,27,0.13,0.09,22,RB,16,1,0.498,0.562,15,2,1,21,15,14,0.2,7.8,0.188,0.375,0,0,0,0,0,0,0,0,0,0,0,0,0,johnson,kerryon johnson,k,johnson4500rbk,41710-63806,RB,k,Kerryon Johnson,johnson,10.65000025,6,4500,DET@DEN,DET,DEN,IR,Knee - meniscus,,,,ryland,ryland,kerryon,johnson4500rbk
johnson4900rbt,31.58,Ty Johnson,4900,DET,@DEN,,,2.7,6.2,0,-3.23,0.6,0.5,2,5.93,-23,0.29,0,0,0,0,0.09,-1.6,21,15.3,24.8,0,9.5,40,34,0,0,0,0,0,0,0,0,0,0,0,0,0,0,0,6,13,3.3,0,0.404,0.57,0.43,0.07,58,0.14,0.01,3.1,100,0.56,0.12,100,0,0,50,2.9,-2.5,-1100,0.48,0.14,52,0.05,0.26,19,RB,16,0,0.136,0.3,4,2,1,7,4,4.5,0,2.9,0,0.429,0,0,0,0,0,0,0,0,0,0,0,0,0,johnson,ty johnson,t,johnson4900rbt,41710-63050,RB,t,Ty Johnson,johnson,3.053846213,13,4900,DET@DEN,DET,DEN,,,,,,ryland,ryland,ty,johnson4900rbt
johnson5000rbd,66.98,David Johnson,5000,ARI,@SEA,,,4.5,10.2,0.2,-1.68,0.9,0.5,1.2,6.18,-14,0.53,0,0,5,0,0.94,1.1,37,21.5,29.5,1,8,51,50,0,0,0,0,0,0,0,0,0,0,0,0,0,0,0,10,31,3.7,0.1,0.429,1.63,0.56,0.44,44,0.74,0.11,5.4,-700,1.16,0.34,33,0.33,0.33,30,8.6,-0.1,-1000,0.69,0.23,40,0.25,0.4,20,RB,16,0.143,0.264,0.555,8,3,2,28,14,10.4,0.4,5.6,0.1,0.35,0,0,0,0,0,0,0,0,0,0,0,0,0,johnson,david johnson,d,johnson5000rbd,41710-62497,RB,d,David Johnson,johnson,11.1181821,11,5000,ARI@SEA,ARI,SEA,,,,,,ryland,ryland,david,johnson5000rbd
kamara7200rba,89.19,Alvin Kamara,7200,NO,@TEN,,,13.6,20.7,5.7,1.93,1.9,14.5,26,11.67,-12,0.34,0.5,4.5,6,0,0.98,1.8,46,26.3,22.8,-1,-3.5,49,74,0,0,0,0,0,0,0,0,0,0,0,0,0,0,0,16,53,4.4,0.2,0.509,2.38,1.31,0.38,55,0.55,0.35,10.4,-1100,0.54,0.23,60,0,0.4,50,12.4,0.3,1200,0.61,0.27,50,0.11,0.34,26,RB,16,0.375,0.543,0.706,12,7,5,43,18,7.4,0.1,6.1,0.13,0.522,0,0,0,0,0,0,0,0,0,0,0,0,0,kamara,alvin kamara,a,kamara7200rba,41710-42104,RB,a,Alvin Kamara,kamara,13.61000061,12,7200,NO@TEN,NO,TEN,,,,,,ryland,ryland,alvin,kamara7200rba
laird5500rbp,63.45,Patrick Laird,5500,MIA,CIN,,,9.1,18.1,3.2,1.67,1.7,3,2.3,7.43,-6,0.78,1,2.3,2,0,0.56,-2,30,22.3,23.8,-1.2,1.5,46,60,0,0,0,0,0,0,0,0,0,0,0,0,0,0,0,10,21,3,0.2,0.279,0.93,0.36,0.14,77,0.65,0.11,8.5,600,0.6,0.22,100,0.5,0,40,3.3,0.4,-500,0.29,0.11,33,0.16,0.44,18,RB,16,0.2,0.267,0.443,7,4,3,25,11,8.6,0,5.6,0.125,0.25,0,0,0,0,0,0,0,0,0,0,0,0,0,laird,patrick laird,p,laird5500rbp,41710-55941,RB,p,Patrick Laird,laird,7.583333333,6,5500,CIN@MIA,MIA,CIN,,,,,,ryland,ryland,patrick,laird5500rbp
lewis4800rbd,76.22,Dion Lewis,4800,TEN,NO,,,10.4,20,3.5,4.72,2.2,45.5,9.2,5.68,-26,0.02,0,0.3,4,0,0.92,-2.3,23,22.8,26.3,-1.5,3.5,49,26,0,0,0,0,0,0,0,0,0,0,0,0,0,0,0,4,8,3.4,0,0.463,0.5,0.06,0,55,0.55,0.35,4.7,100,0.85,0.29,100,0.25,0,40,3.1,-2.4,-1200,0.64,0.14,47,0.05,0.36,19,RB,16,0,0.069,0.372,2,2,1,11,9,6.3,0.1,5.1,0,1,0,0,0,0,0,0,0,0,0,0,0,0,0,lewis,dion lewis,d,lewis4800rbd,41710-14339,RB,d,Dion Lewis,lewis,3.376923194,13,4800,NO@TEN,TEN,NO,,,,,,ryland,ryland,dion,lewis4800rbd
lindsay6300rbp,80.21,Phillip Lindsay,6300,DEN,DET,,,11.8,23.2,4.8,2.38,1.9,6.5,18.8,9.42,-4,0.78,0.89,3.2,9,0,0.54,0.7,30,24.8,15.3,2.5,-9.5,40,66,0,0,0,0,0,0,0,0,0,0,0,0,0,0,0,16,59,4.5,0.4,0.487,2,0.81,0.56,58,0.14,0.01,7.7,0,0.49,0.3,75,0.25,0.25,40,10.2,0.3,300,0.63,0.34,56,0.26,0.3,23,RB,16,0.667,0.58,0.48,13,3,2,13,8,5.7,0,3.4,0.185,0.556,0,0,0,0,0,0,0,0,0,0,0,0,0,lindsay,phillip lindsay,p,lindsay6300rbp,41710-41426,RB,p,Phillip Lindsay,lindsay,11.15000044,14,6300,DET@DEN,DEN,DET,,,,,,ryland,ryland,phillip,lindsay6300rbp
mack7300rbm,78.97,Marlon Mack,7300,IND,CAR,,,12.8,20.1,3.6,0.88,1.8,6.5,17.1,11.92,-9,0.7,0.9,6.8,8,0,0.5,5.4,39,26.8,19.3,0.5,-7.5,46,53,0,0,0,0,0,0,0,0,0,0,0,0,0,0,0,20,76,4.2,0.5,0.51,2.31,0.88,0.44,0,0,0,3.4,0,0.28,0.14,25,0,0.75,40,10.2,-0.1,1300,0.52,0.26,45,0.2,0.41,24,RB,16,0.583,0.62,0.567,18,1,1,5,4,4.9,0,2.9,0.171,0.429,0,0,0,0,0,0,0,0,0,0,0,0,0,mack,marlon mack,m,mack7300rbm,41710-57909,RB,m,Marlon Mack,mack,11.45833333,12,7300,CAR@IND,IND,CAR,,,,,,ryland,ryland,marlon,mack7300rbm
mccaffrey10800rbc,67.71,C. McCaffrey,10800,CAR,@IND,,,20.8,33.6,9.6,0.16,1.9,10.5,24.8,20.64,7,0.68,1,5.5,10,0,0.61,-1.4,64,19.3,26.8,-0.5,7.5,46,47,0,0,0,0,0,0,0,0,0,0,0,0,0,0,0,26,89,4.9,0.9,0.486,4.81,2.63,1.5,0,0,0,24,300,0.85,0.33,100,0.75,0,40,24.8,5.4,4800,0.87,0.37,70,0.55,0.1,20,RB,16,0.667,0.734,0.897,18,8,6,57,17,8.5,0.3,7.7,0.169,0.508,0,0,0,0,0,0,0,0,0,0,0,0,0,mccaffrey,c. mccaffrey,c,mccaffrey10800rbc,41710-55050,RB,c,Christian McCaffrey,mccaffrey,26.36428615,14,10800,CAR@IND,CAR,IND,,,,,,ryland,ryland,christian,mccaffrey10800rbc
mckissic4900rbj,42.87,J.D. McKissic,4900,DET,@DEN,,,3.6,12.6,0,-2.33,0.7,0.5,0,5.93,-6,0.7,0,0,2,0,0.11,-1.6,15,15.3,24.8,0,9.5,40,34,0,0,0,0,0,0,0,0,0,0,0,0,0,0,0,8,13,5.4,0,0.487,0.56,0.31,0.13,58,0.14,0.01,3.3,-600,0.78,0.24,80,0,0.2,50,4.3,-0.9,-1100,0.86,0.28,59,0.09,0.18,22,RB,16,0,0.119,0.22,2,2,2,14,9,6.9,0.1,4.6,0,0.5,0,0,0,0,0,0,0,0,0,0,0,0,0,mckissic,j.d. mckissic,j,mckissic4900rbj,41710-43334,RB,j,J.D. McKissic,mckissic,4.707142966,14,4900,DET@DEN,DET,DEN,,,,,,ryland,ryland,j.d.,mckissic4900rbj
mixon7800rbj,69.91,Joe Mixon,7800,CIN,@MIA,,,12.7,24.1,5,-0.46,1.6,23,8.3,13.16,-1,0.16,1,10,5,0,0.46,2.7,40,23.8,22.3,1.3,-1.5,46,40,0,0,0,0,0,0,0,0,0,0,0,0,0,0,0,17,68,4.2,0.2,0.471,2.38,1.38,0.94,77,0.65,0.11,16.5,1100,0.69,0.37,100,0.75,0,40,11.5,0.5,1800,0.6,0.29,59,0.31,0.22,22,RB,16,0.5,0.729,0.606,16,2,2,16,12,7.5,0.2,6.2,0.097,0.452,0,0,0,0,0,0,0,0,0,0,0,0,0,mixon,joe mixon,j,mixon7800rbj,41710-52442,RB,j,Joe Mixon,mixon,12.10714286,14,7800,CIN@MIA,CIN,MIA,,,,,,ryland,ryland,joe,mixon7800rbj
montgomery4600rbt,41.54,Ty Montgomery,4600,NYJ,PIT,,,3,6.8,0,-2.18,0.7,0.5,1.3,5.18,-21,0.33,0,0,0,0,0.64,-2.7,10,16.8,19.8,-1.2,3,36.5,41,0,0,0,0,0,0,0,0,0,0,0,0,0,0,0,4,6,3.4,0,0.375,0.19,0.06,0,39,0.68,0.02,3.3,0,0.55,0.28,100,0.25,0,40,1.9,-1.9,-1400,0.59,0.19,38,0.04,0.42,21,RB,16,0,0.071,0.161,2,1,0,6,4,7.5,0,2.5,0,0,0,0,0,0,0,0,0,0,0,0,0,0,0,montgomery,ty montgomery,t,montgomery4600rbt,41710-29734,RB,t,Ty Montgomery,montgomery,1.884615385,13,4600,PIT@NYJ,NYJ,PIT,,,,,,ryland,ryland,ty,montgomery4600rbt
murray5500rbl,73.43,Latavius Murray,5500,NO,@TEN,,,7.7,12.3,1.4,0.27,1.4,0.5,3.5,7.43,-8,0.68,0,0,2,0,0.93,1.8,24,26.3,22.8,-1,-3.5,49,74,0,0,0,0,0,0,0,0,0,0,0,0,0,0,0,13,37,4.5,0.3,0.594,2,0.75,0.19,55,0.55,0.35,5.8,100,0.71,0.28,66,0.33,0.33,60,7.7,-0.1,-500,0.71,0.32,50,0.2,0.33,24,RB,16,0.625,0.357,0.376,8,2,2,13,7,6.5,0.1,4.4,0.125,0.458,0,0,0,0,0,0,0,0,0,0,0,0,0,murray,latavius murray,l,murray5500rbl,41710-34331,RB,l,Latavius Murray,murray,9.192856925,14,5500,NO@TEN,NO,TEN,,,,,,ryland,ryland,latavius,murray5500rbl
peterson6500rba,59.02,Adrian Peterson,6500,WAS,NYG,,,11.7,22,2.7,1.78,1.8,6.5,12.5,9.92,-6,0.75,0,0,2,0,0.36,-2.5,26,20.5,21.5,-1.8,1,42,49,0,0,0,0,0,0,0,0,0,0,0,0,0,0,0,14,60,4.2,0.3,0.516,1.56,0.56,0.38,44,0.59,0.01,12.9,700,0.8,0.52,100,0.75,0,40,7.7,0.1,500,0.5,0.3,50,0.36,0.31,22,RB,16,0.571,0.576,0.456,14,1,1,8,7,8.7,0,5.6,0.19,0.524,0,0,0,0,0,0,0,0,0,0,0,0,0,peterson,adrian peterson,a,peterson6500rba,41710-6703,RB,a,Adrian Peterson,peterson,9.207692073,13,6500,NYG@WAS,WAS,NYG,,,,,,ryland,ryland,adrian,peterson6500rba
pollard4800rbt,63.15,Tony Pollard,4800,DAL,@PHI,,,3.7,8.2,0.1,-1.98,0.8,0.5,-2,5.68,-19,0.41,0,0,2,0,0.94,0.2,13,24.5,22.5,-0.5,-2,47,69,0,0,0,0,0,0,0,0,0,0,0,0,0,0,0,10,30,5.6,0.2,0.5,0.57,0,0,38,0.73,0.01,5.1,-700,0.59,0.34,50,0.16,0.5,60,5.1,-0.4,-1200,0.75,0.39,35,0.15,0.45,20,RB,16,0.133,0.22,0.188,5,1,1,7,4,7.3,0.1,2.6,0.5,1,0,0,0,0,0,0,0,0,0,0,0,0,0,pollard,tony pollard,t,pollard4800rbt,41710-63759,RB,t,Tony Pollard,pollard,6.391666412,12,4800,DAL@PHI,DAL,PHI,,,,,,ryland,ryland,tony,pollard4800rbt
powell5000rbb,32.93,Bilal Powell,5000,NYJ,PIT,,,3,6.2,0,-3.18,0.6,0.5,1.3,6.18,-26,0.29,0,0,0,0,0.39,-2.7,13,16.8,19.8,-1.2,3,36.5,41,0,0,0,0,0,0,0,0,0,0,0,0,0,0,0,7,18,3.9,0,0.392,0.5,0.07,0,39,0.68,0.02,3,100,0.26,0.11,60,0.2,0.4,50,1.7,-0.3,-1000,0.26,0.13,31,0.05,0.47,19,RB,16,0,0.242,0.21,4,0,0,2,2,4.7,0,1.1,0,0.2,0,0,0,0,0,0,0,0,0,0,0,0,0,powell,bilal powell,b,powell5000rbb,41710-14320,RB,b,Bilal Powell,powell,2.570000076,10,5000,PIT@NYJ,NYJ,PIT,Q,Ankle,,,,ryland,ryland,bilal,powell5000rbb
prosise5100rbc,53.25,C.J. Prosise,5100,SEA,ARI,,,4.1,8.8,0.1,-2.33,0.8,0.5,1.4,6.43,-18,0.46,0,0,5,0,0.11,0.1,16,29.5,21.5,-1,-8,51,50,0,0,0,0,0,0,0,0,0,0,0,0,0,0,0,6,8,3.1,0.1,0.368,0.29,0.21,0.14,44,0.74,0.11,0.8,500,0.23,0.08,25,0,0.75,40,1.6,-0.7,-900,0.36,0.1,23,0.09,0.42,21,RB,16,0.125,0.064,0.221,2,1,1,10,7,7.6,0,3.8,0.25,0.5,0,0,0,0,0,0,0,0,0,0,0,0,0,prosise,c.j. prosise,c,prosise5100rbc,41710-33472,RB,c,C.J. Prosise,prosise,3.199999946,7,5100,ARI@SEA,SEA,ARI,,,,,,ryland,ryland,c.j.,prosise5100rbc
richard5200rbj,49.39,Jalen Richard,5200,OAK,@LAC,,,7.1,13.9,0.8,0.42,1.4,3,4.9,6.68,-9,0.57,0,0,0,0,0.11,-0.5,18,18.8,26.3,-2,7.5,45,55,0,0,0,0,0,0,0,0,0,0,0,0,0,0,0,5,7,3.3,0.1,0.395,0.19,0.06,0.06,63,0.6,0.09,4.9,200,0.75,0.25,75,0,0.25,40,4.4,-1.5,-800,0.86,0.25,52,0.04,0.28,21,RB,16,0.077,0.065,0.293,2,2,2,20,11,90,0,6.3,0.5,1,0,0,0,0,0,0,0,0,0,0,0,0,0,richard,jalen richard,j,richard5200rbj,41710-33578,RB,j,Jalen Richard,richard,3.785714286,14,5200,OAK@LAC,OAK,LAC,,,,,,ryland,ryland,jalen,richard5200rbj
samuels5600rbj,45.45,Jaylen Samuels,5600,PIT,@NYJ,,,4.2,12.4,0.1,-3.48,0.8,0.5,5.9,7.68,-8,0.68,0,0,2,0,0.14,-1.1,28,19.8,16.8,-1.2,-3,36.5,59,0,0,0,0,0,0,0,0,0,0,0,0,0,0,0,6,15,2.9,0.1,0.416,1.38,0.63,0.31,39,0.68,0.02,4.1,-1300,0.63,0.16,75,0,0.25,40,5.7,-0.7,-400,0.46,0.2,50,0.22,0.36,22,RB,16,0.25,0.198,0.432,5,4,3,22,9,5.9,0.1,5.5,0.083,0.417,0,0,0,0,0,0,0,0,0,0,0,0,0,samuels,jaylen samuels,j,samuels5600rbj,41710-55323,RB,j,Jaylen Samuels,samuels,6.718181957,11,5600,PIT@NYJ,PIT,NYJ,,,,,,ryland,ryland,jaylen,samuels5600rbj
sanders7400rbm,67.5,Miles Sanders,7400,PHI,DAL,,,12.9,23.9,3.1,0.73,1.7,6.5,24.1,12.17,-1,0.8,0.9,4.2,5,0,0.54,-1.8,38,22.5,24.5,0,2,47,31,0,0,0,0,0,0,0,0,0,0,0,0,0,0,0,18,49,4.6,0.1,0.46,2.43,1,0.29,38,0.73,0.01,15.8,1800,0.75,0.28,100,0.6,0,50,10.5,1.7,1400,0.73,0.28,77,0.27,0.04,22,RB,16,0.167,0.404,0.524,10,3,3,30,16,10.3,0.2,8.1,0.043,0.435,0,0,0,0,0,0,0,0,0,0,0,0,0,sanders,miles sanders,m,sanders7400rbm,41710-71845,RB,m,Miles Sanders,sanders,11.64285714,14,7400,DAL@PHI,PHI,DAL,,,,,,ryland,ryland,miles,sanders7400rbm
scarbrough5900rbb,30.51,Bo Scarbrough,5900,DET,@DEN,,,2.8,7.2,0,-5.63,0.5,0.5,3.4,8.43,-23,0.34,0,0,2,0,0.07,-1.6,35,15.3,24.8,0,9.5,40,34,0,0,0,0,0,0,0,0,0,0,0,0,0,0,0,18,75,4.2,0.3,0.569,1,0.8,0.2,58,0.14,0.01,6.4,-500,0.31,0.18,80,0,0.2,50,6.4,-0.4,-100,0.34,0.18,30,0,0.07,13,RB,16,0.5,0.639,0.488,18,1,0,1,1,50,0,0.4,0.2,1,0,0,0,0,0,0,0,0,0,0,0,0,0,scarbrough,bo scarbrough,b,scarbrough5900rbb,41710-56064,RB,b,Bo Scarbrough,scarbrough,8.774999619,4,5900,DET@DEN,DET,DEN,Q,Ribs,,,,ryland,ryland,bo,scarbrough5900rbb
scott5400rbb,58.15,Boston Scott,5400,PHI,DAL,,,7.8,14.6,1.6,0.62,1.4,0.5,4.9,7.18,-3,0.8,1,1.6,1,0,0.39,-1.8,16,22.5,24.5,0,2,47,31,0,0,0,0,0,0,0,0,0,0,0,0,0,0,0,11,25,4.6,0.3,0.59,0.7,0.4,0.2,38,0.73,0.01,8,200,0.82,0.32,50,0.5,0.5,40,3.9,-0.5,-600,0.51,0.24,27,0.09,0.27,22,RB,16,0.4,0.198,0.217,5,2,2,16,4,8.1,0,3.2,0.286,1,0,0,0,0,0,0,0,0,0,0,0,0,0,scott,boston scott,b,scott5400rbb,41710-43433,RB,b,Boston Scott,scott,6.600000109,7,5400,DAL@PHI,PHI,DAL,,,,,,ryland,ryland,boston,scott5400rbb
thompson5000rbc,50.31,Chris Thompson,5000,WAS,NYG,,,5.7,10.9,0.5,-0.48,1.1,0.5,7.2,6.18,-12,0.59,0,0,1,0,0.43,-2.5,27,20.5,21.5,-1.8,1,42,49,0,0,0,0,0,0,0,0,0,0,0,0,0,0,0,6,11,3.8,0,0.344,0.56,0.31,0.19,44,0.59,0.01,3.7,-200,0.69,0.17,50,0,0.25,40,5.2,0.5,-1000,0.63,0.19,45,0.18,0.31,22,RB,16,0,0.108,0.452,2,5,3,34,16,8.9,0,6.9,0,0.25,0,0,0,0,0,0,0,0,0,0,0,0,0,thompson,chris thompson,c,thompson5000rbc,41710-24891,RB,c,Chris Thompson,thompson,7.088888804,9,5000,NYG@WAS,WAS,NYG,,,,,,ryland,ryland,chris,thompson5000rbc
washington5600rbd,61.55,D. Washington,5600,OAK,@LAC,,,11.9,18.8,2.4,4.22,2.1,45.5,17.6,7.68,-20,0,1,6.8,2,0,0.14,-0.5,11,18.8,26.3,-2,7.5,45,55,0,0,0,0,0,0,0,0,0,0,0,0,0,0,0,6,15,3.5,0.1,0.521,0.69,0.31,0.19,63,0.6,0.09,7.7,600,0.73,0.4,50,0.25,0.5,40,4.4,-0.7,-400,0.69,0.4,42,0.09,0.38,21,RB,16,0.154,0.131,0.186,4,1,1,13,9,8.3,0,6.1,0.222,0.556,0,0,0,0,0,0,0,0,0,0,0,0,0,washington,d. washington,d,washington5600rbd,41710-32613,RB,d,DeAndre Washington,washington,4.935714177,14,5600,OAK@LAC,OAK,LAC,,,,,,ryland,ryland,deandre,washington5600rbd
wilkins5500rbj,50.82,Jordan Wilkins,5500,IND,CAR,,,2.8,6.5,0,-4.63,0.5,0.5,14.4,7.43,-22,0.31,0,0,6,0,0.39,5.4,13,26.8,19.3,0.5,-7.5,46,53,0,0,0,0,0,0,0,0,0,0,0,0,0,0,0,10,18,5.4,0.1,0.556,0.63,0.19,0.19,0,0,0,5,800,0.71,0.24,66,0.33,0.33,30,2.2,-1.7,-500,0.5,0.17,42,0.09,0.42,21,RB,16,0.111,0.164,0.184,3,0,0,3,3,60,0,2.6,0.111,0.889,0,0,0,0,0,0,0,0,0,0,0,0,0,wilkins,jordan wilkins,j,wilkins5500rbj,41710-41867,RB,j,Jordan Wilkins,wilkins,3.281818043,11,5500,CAR@IND,IND,CAR,,,,,,ryland,ryland,jordan,wilkins5500rbj
andrews6500tem,81.77,Mark Andrews,6500,BAL,@CLE,,,8.3,12.4,0.7,-0.14,1.3,6.5,24.3,8.44,-4,0.6,0.86,4.3,8,0,0.69,0.9,29,29,19.5,-0.3,-9.5,48.5,76,0,0,0,0,0,0,0,0,0,0,0,0,0,0,0,0,0,0,0,0,0.88,0.38,0.19,45,0.63,0.02,9.3,-400,1.95,0.4,80,0.4,0.2,50,10.4,1.8,500,1.73,0.36,66,0.33,0.14,21,TE,16,0,0,0,0,6,4,56,29,14,0.6,11,0.5,0,0.229,0.257,0.264,0,0,0,0,0,0,0,0,0,0,andrews,mark andrews,m,andrews6500tem,41710-52436,TE,m,Mark Andrews,andrews,10.77857099,14,6500,BAL@CLE,BAL,CLE,,,,,,ryland,ryland,mark,andrews6500tem
boyle4700ten,60.8,Nick Boyle,4700,BAL,@CLE,,,3.4,6.4,0,-0.84,0.7,0.5,3.9,4.24,-16,0.51,0,0,1,0,0.43,0.9,47,29,19.5,-0.3,-9.5,48.5,76,0,0,0,0,0,0,0,0,0,0,0,0,0,0,0,0,0,0,0,0,0.31,0.25,0.25,45,0.63,0.02,2,-100,1.35,0.04,20,0.2,0.6,50,3.2,-0.3,-1300,1.32,0.07,47,0.19,0.28,21,TE,16,0,0,0,0,2,1,19,10,10.6,0.1,6.9,0.4,0,0.093,0.057,0.09,0,0,0,0,0,0,0,0,0,0,boyle,nick boyle,n,boyle4700ten,41710-62510,TE,n,Nick Boyle,boyle,4.199999883,13,4700,BAL@CLE,BAL,CLE,,,,,,ryland,ryland,nick,boyle4700ten
brown4700ted,46.48,Daniel Brown,4700,NYJ,PIT,,,3.1,6.2,0,-1.14,0.7,0.5,0,4.24,-19,0.5,0,0,0,0,0.09,-1.2,14,16.8,19.8,-1.2,3,36.5,41,0,0,0,0,0,0,0,0,0,0,0,0,0,0,0,0,0,0,0,0,0.06,0,0,39,0.68,0.02,0.9,400,0.7,0.03,25,0,0.5,40,0.7,-0.1,-1300,1.76,0.05,9,0.04,0.66,21,TE,16,0,0,0,0,0,0,2,2,10,0.1,2.3,1,0,0.013,0.056,0.012,0,0,0,0,0,0,0,0,0,0,brown,daniel brown,d,brown4700ted,41710-62718,TE,d,Daniel Brown,brown,3,4,4700,PIT@NYJ,NYJ,PIT,,,,,,ryland,ryland,daniel,brown4700ted
clay4800tec,57.6,Charles Clay,4800,ARI,@SEA,,,2.6,6.3,0,-1.87,0.5,0.5,2.1,4.47,-17,0.51,0,0.4,2,0,0.5,3.7,28,21.5,29.5,1,8,51,50,0,0,0,0,0,0,0,0,0,0,0,0,0,0,0,0,0,0,0,0,0.31,0.06,0.06,44,0.74,0.11,4.4,300,2.63,0.14,66,0.33,0.33,30,2.2,-0.9,-1200,1.45,0.08,35,0.1,0.5,20,TE,16,0,0,0,0,1,1,14,11,13,0.1,8.1,0.2,0,0.047,0.05,0.063,0,0,0,0,0,0,0,0,0,0,clay,charles clay,c,clay4800tec,41710-14362,TE,c,Charles Clay,clay,2.614285605,14,4800,ARI@SEA,ARI,SEA,,,,,,ryland,ryland,charles,clay4800tec
cook6600tej,74.24,Jared Cook,6600,NO,@TEN,,,8.7,12.4,0.6,0.02,1.3,6.5,21.9,8.68,-4,0.6,0.75,2.2,6,0,0.53,1.6,37,26.3,22.8,-1,-3.5,49,74,0,0,0,0,0,0,0,0,0,0,0,0,0,0,0,0,0,0,0,0,0.56,0.31,0.25,55,0.55,0.35,12.2,600,2.44,0.49,100,0.33,0,60,7.3,0.3,600,1.51,0.2,54,0.2,0.29,24,TE,16,0,0,0,0,4,3,44,21,14.5,0.4,10.7,0.444,0,0.142,0.24,0.175,0,0,0,0,0,0,0,0,0,0,cook,jared cook,j,cook6600tej,41710-7761,TE,j,Jared Cook,cook,9.391666412,12,6600,NO@TEN,NO,TEN,,,,,,ryland,ryland,jared,cook6600tej
devalve4300tes,65.47,Seth DeValve,4300,JAX,@ATL,,,3,7.9,0,-0.3,0.7,0.5,6,3.3,-8,0.68,0,0,2,0,0.47,1.2,22,20.3,27.8,1.3,7.5,48,41,0,0,0,0,0,0,0,0,0,0,0,0,0,0,0,0,0,0,0,0,0.19,0.06,0,0,0,0,0.8,-200,0.41,0.03,25,0,0.75,40,0.9,0,-1700,0.86,0.04,20,0.05,0.6,20,TE,16,0,0,0,0,1,0,7,4,10.2,0,40,0,0,0.029,0,0.028,0,0,0,0,0,0,0,0,0,0,devalve,seth devalve,s,devalve4300tes,41710-70335,TE,s,Seth DeValve,devalve,2.620000076,5,4300,JAC@ATL,JAC,ATL,,,,,,ryland,ryland,seth,devalve4300tes
doyle6200tej,70.37,Jack Doyle,6200,IND,CAR,,,7.9,12.2,0.7,0.16,1.3,0.5,2.7,7.74,-2,0.89,0.5,3.5,2,0,0.5,-0.2,50,26.8,19.3,0.5,-7.5,46,53,0,0,0,0,0,0,0,0,0,0,0,0,0,0,0,0,0,0,0,0,0.79,0.29,0.21,0,0,0,6.6,1200,0.89,0.12,25,0.25,0.75,40,5.7,0.1,200,1.25,0.11,50,0.25,0.3,20,TE,16,0,0,0,0,4,2,30,14,10.6,0.3,6.6,0.364,0,0.145,0.182,0.14,0,0,0,0,0,0,0,0,0,0,doyle,jack doyle,j,doyle6200tej,41710-39859,TE,j,Jack Doyle,doyle,6.653846154,13,6200,CAR@IND,IND,CAR,,,,,,ryland,ryland,jack,doyle6200tej
eifert4700tet,75.22,Tyler Eifert,4700,CIN,@MIA,,,5.6,10.5,0.2,1.36,1.2,0.5,15.7,4.24,-5,0.82,1,0.4,2,0,0.61,0,30,23.8,22.3,1.3,-1.5,46,40,0,0,0,0,0,0,0,0,0,0,0,0,0,0,0,0,0,0,0,0,0.64,0.5,0.21,77,0.65,0.11,3.9,-300,1.31,0.14,75,0.25,0.25,40,4.6,0.2,-1300,1.21,0.15,73,0.15,0.05,19,TE,16,0,0,0,0,3,2,24,13,9.3,0.1,70,0.222,0,0.104,0.154,0.1,0,0,0,0,0,0,0,0,0,0,eifert,tyler eifert,t,eifert4700tet,41710-33557,TE,t,Tyler Eifert,eifert,4.642857143,14,4700,CIN@MIA,CIN,MIA,,,,,,ryland,ryland,tyler,eifert4700tet
ertz6900tez,89.71,Zach Ertz,6900,PHI,DAL,,,12.2,19.3,1.1,2.82,1.8,23,4.8,9.38,0,0.13,1,10,9,0,0.99,1.5,63,22.5,24.5,0,2,47,31,0,0,0,0,0,0,0,0,0,0,0,0,0,0,0,0,0,0,0,0,1.5,0.44,0.31,38,0.73,0.01,18.2,800,1.69,0.28,80,0.8,0.2,50,12.2,2.5,900,1.31,0.19,61,0.34,0.23,26,TE,16,0,0,0,0,9,6,63,20,10.2,0.5,6.7,0.25,0,0.245,0.25,0.243,0,0,0,0,0,0,0,0,0,0,ertz,zach ertz,z,ertz6900tez,41710-29780,TE,z,Zach Ertz,ertz,11.91428593,14,6900,DAL@PHI,PHI,DAL,,,,,,ryland,ryland,zach,ertz6900tez
fant5900ten,63.08,Noah Fant,5900,DEN,DET,,,6.3,12.5,0.4,-0.74,1.1,0.5,2,7.04,5,0.91,1,3,2,0,0.07,-0.9,44,24.8,15.3,2.5,-9.5,40,66,0,0,0,0,0,0,0,0,0,0,0,0,0,0,0,0,0,0,0,0,0.71,0.5,0.29,58,0.14,0.01,7.5,800,1.99,0.23,50,0.25,0.5,40,6.1,1.2,-100,1.31,0.14,55,0.16,0.16,18,TE,16,0,0,0,0,4,2,39,24,14.8,0.2,9.8,0.1,0,0.147,0.214,0.181,0,0,0,0,0,0,0,0,0,0,fant,noah fant,n,fant5900ten,41710-71705,TE,n,Noah Fant,fant,6.292857034,14,5900,DET@DEN,DEN,DET,Q,Shoulder,,,,ryland,ryland,noah,fant5900ten
firkser4600tea,63.54,Anthony Firkser,4600,TEN,NO,,,3.5,8.1,0,-0.5,0.8,0.5,0,4,-8,0.7,0,0,3,0,0.09,1.2,14,22.8,26.3,-1.5,3.5,49,26,0,0,0,0,0,0,0,0,0,0,0,0,0,0,0,0,0,0,0,0,0.31,0.13,0.06,55,0.55,0.35,2.3,-400,1.03,0.15,50,0,0.5,40,2.2,-0.4,-1400,1.35,0.16,38,0.05,0.44,18,TE,16,0,0,0,0,1,1,14,11,13.9,0.1,8.6,0.2,0,0.061,0.043,0.062,0,0,0,0,0,0,0,0,0,0,firkser,anthony firkser,a,firkser4600tea,41710-80294,TE,a,Anthony Firkser,firkser,4.050000191,8,4600,NO@TEN,TEN,NO,,,,,,ryland,ryland,anthony,firkser4600tea
gesicki5300tem,74.98,Michael Gesicki,5300,MIA,CIN,,,7.5,12.3,0.1,1.86,1.4,3,23.2,5.64,-5,0.77,1,6.5,4,0,0.5,-0.1,39,22.3,23.8,-1.2,1.5,46,60,0,0,0,0,0,0,0,0,0,0,0,0,0,0,0,0,0,0,0,0,0.5,0.25,0,77,0.65,0.11,8.6,300,1.28,0.16,75,0.5,0.25,40,4.8,0.2,-700,1.05,0.12,61,0.23,0.19,21,TE,16,0,0,0,0,4,2,29,14,11.1,0.1,5.9,0.25,0,0.13,0.105,0.131,0,0,0,0,0,0,0,0,0,0,gesicki,michael gesicki,m,gesicki5300tem,41710-56265,TE,m,Mike Gesicki,gesicki,5.838461656,13,5300,CIN@MIA,MIA,CIN,,,,,,ryland,ryland,mike,gesicki5300tem
goedert5900ted,74.72,Dallas Goedert,5900,PHI,DAL,,,8.1,12.3,0.1,1.06,1.4,3,19.6,7.04,1,0.77,0.8,3.5,4,0,0.47,1.5,48,22.5,24.5,0,2,47,31,0,0,0,0,0,0,0,0,0,0,0,0,0,0,0,0,0,0,0,0,0.75,0.38,0.31,38,0.73,0.01,6.7,700,0.99,0.12,100,0.2,0,50,60,0.8,-100,1.27,0.13,65,0.26,0.19,26,TE,16,0,0,0,0,4,3,33,17,10,0.3,6.9,0.25,0,0.127,0.129,0.13,0,0,0,0,0,0,0,0,0,0,goedert,dallas goedert,d,goedert5900ted,41710-83074,TE,d,Dallas Goedert,goedert,6.738461421,13,5900,DAL@PHI,PHI,DAL,,,,,,ryland,ryland,dallas,goedert5900ted
harris4500ted,55.46,Demetrius Harris,4500,CLE,BAL,,,3,7,0,-0.77,0.7,0.5,6.6,3.77,-23,0.58,0,0,0,0,0.39,-2,36,19.5,29,-0.3,9.5,48.5,24,0,0,0,0,0,0,0,0,0,0,0,0,0,0,0,0,0,0,0,0,0.44,0.19,0.13,45,0.63,0.02,1.9,0,0.71,0.04,75,0,0.25,40,1.9,-1.5,-1500,1.2,0.05,36,0.09,0.5,22,TE,16,0,0,0,0,1,0,9,6,10.6,0.1,3.9,0.143,0,0.048,0.091,0.039,0,0,0,0,0,0,0,0,0,0,harris,demetrius harris,d,harris4500ted,41710-19342,TE,d,Demetrius Harris,harris,3.254545385,11,4500,BAL@CLE,CLE,BAL,,,,,,ryland,ryland,demetrius,harris4500ted
henry6100teh,82.82,Hunter Henry,6100,LAC,OAK,,,9,12.5,0.7,1.49,1.5,3,7,7.51,1,0.79,0.71,3,7,0,0.63,1.5,50,26.3,18.8,0,-7.5,45,45,0,0,0,0,0,0,0,0,0,0,0,0,0,0,0,0,0,0,0,0,0.71,0.36,0.14,63,0.6,0.09,4.9,-500,1.64,0.11,33,0,0.66,30,7.1,0.9,100,1.13,0.14,42,0.09,0.33,21,TE,16,0,0,0,0,6,4,56,19,12.6,0.4,9.1,0.3,0,0.186,0.222,0.192,0,0,0,0,0,0,0,0,0,0,henry,hunter henry,h,henry6100teh,41710-40845,TE,h,Hunter Henry,henry,10.3,10,6100,OAK@LAC,LAC,OAK,,,,,,ryland,ryland,hunter,henry6100teh
heuerman4500tej,41.55,Jeff Heuerman,4500,DEN,DET,,,2.1,3.3,0,-1.67,0.5,0.5,2.3,3.77,-26,0.16,0,0,0,0,0.39,-0.9,27,24.8,15.3,2.5,-9.5,40,66,0,0,0,0,0,0,0,0,0,0,0,0,0,0,0,0,0,0,0,0,0.29,0.07,0,58,0.14,0.01,2.6,300,1.47,0.11,50,0.25,0.5,40,1.5,-1.2,-1500,0.98,0.05,33,0.05,0.5,18,TE,16,0,0,0,0,1,1,8,5,8.4,0.1,3.7,0.25,0,0.049,0.091,0.04,0,0,0,0,0,0,0,0,0,0,heuerman,jeff heuerman,j,heuerman4500tej,41710-28487,TE,j,Jeff Heuerman,heuerman,3.157142912,7,4500,DET@DEN,DEN,DET,,,,,,ryland,ryland,jeff,heuerman4500tej
hill5200tet,56.02,Taysom Hill,5200,NO,@TEN,,,4.9,4.3,0,-0.5,0.9,0.5,5,5.4,-22,0.27,0,0,2,0,0.66,1.6,12,26.3,22.8,-1,-3.5,49,74,0,0,0,0,0,0,0,0,0,0,0,0,0,0,0,0,0,0,0,0,0.94,0.63,0.38,55,0.55,0.35,8.1,500,1.7,0.5,50,0.5,0.5,40,50,-0.4,-800,1.24,0.42,31,0.13,0.5,22,TE,16,0,0,0,0,1,1,10,7,10.1,0.3,5.3,0.571,0,0.036,0.156,0.04,0,0,0,0,0,0,0,0,0,0,hill,taysom hill,t,hill5200tet,41710-45565,TE,t,Taysom Hill,hill,5.450000218,14,5200,NO@TEN,NO,TEN,,,,,,ryland,ryland,taysom,hill5200tet
hill5300tej,53.04,Josh Hill,5300,NO,@TEN,,,3.6,7.4,0,-2.04,0.7,0.5,0,5.64,-11,0.63,0,0,1,0,0.09,1.6,40,26.3,22.8,-1,-3.5,49,74,0,0,0,0,0,0,0,0,0,0,0,0,0,0,0,0,0,0,0,0,0.63,0.31,0.25,55,0.55,0.35,4.2,800,2.4,0.1,75,0.25,0.25,40,30,-0.3,-700,1.42,0.08,50,0.09,0.31,22,TE,16,0,0,0,0,2,1,12,9,80,0.2,4.2,0.3,0,0.061,0.094,0.044,0,0,0,0,0,0,0,0,0,0,hill,josh hill,j,hill5300tej,41710-39492,TE,j,Josh Hill,hill,4.008333206,12,5300,NO@TEN,NO,TEN,,,,,,ryland,ryland,josh,hill5300tej
hollister5700tej,81.83,Jacob Hollister,5700,SEA,ARI,,,8,12.4,0.7,1.43,1.4,10.5,8.9,6.57,-5,0.4,1,9.6,5,0,0.61,4,45,29.5,21.5,-1,-8,51,50,0,0,0,0,0,0,0,0,0,0,0,0,0,0,0,0,0,0,0,0,0.82,0.36,0.18,44,0.74,0.11,5,-100,0.94,0.1,75,0,0.25,40,5.4,1.2,-300,1.09,0.12,34,0.13,0.26,23,TE,16,0,0,0,0,5,3,28,13,8.1,0.3,5.5,0.333,0,0.162,0.188,0.113,0,0,0,0,0,0,0,0,0,0,hollister,jacob hollister,j,hollister5700tej,41710-54007,TE,j,Jacob Hollister,hollister,7.5,8,5700,ARI@SEA,SEA,ARI,,,,,,ryland,ryland,jacob,hollister5700tej
hooper6000tea,86.24,Austin Hooper,6000,ATL,JAX,,,9.9,12.9,0.9,2.63,1.7,14.5,11.7,7.27,-3,0.24,0.92,5.7,8,0,0.53,1.9,54,27.8,20.3,1.3,-7.5,48,59,0,0,0,0,0,0,0,0,0,0,0,0,0,0,0,0,0,0,0,0,0.94,0.5,0.19,0,0,0,1.5,-600,0.26,0.03,0,0,1,50,8.5,2.2,0,1.28,0.16,54,0.27,0.27,22,TE,16,0,0,0,0,6,5,58,20,11.2,0.5,8.9,0.4,0,0.173,0.207,0.19,0,0,0,0,0,0,0,0,0,0,hooper,austin hooper,a,hooper6000tea,41710-40126,TE,a,Austin Hooper,hooper,12.22727273,11,6000,JAC@ATL,ATL,JAC,,,,,,ryland,ryland,austin,hooper6000tea
hurst5100teh,59.04,Hayden Hurst,5100,BAL,@CLE,,,3.9,7.7,0,-1.27,0.8,0.5,1.4,5.17,-8,0.66,1,0.4,2,0,0.39,0.9,27,29,19.5,-0.3,-9.5,48.5,76,0,0,0,0,0,0,0,0,0,0,0,0,0,0,0,0,0,0,0,0,0.5,0.25,0.13,45,0.63,0.02,4.6,600,1.86,0.18,60,0.2,0.4,50,3.7,-0.1,-900,1.5,0.14,61,0.09,0.19,21,TE,16,0,0,0,0,2,1,22,16,12.2,0.1,8.6,0.125,0,0.095,0.057,0.108,0,0,0,0,0,0,0,0,0,0,hurst,hayden hurst,h,hurst5100teh,41710-64031,TE,h,Hayden Hurst,hurst,4,14,5100,BAL@CLE,BAL,CLE,,,,,,ryland,ryland,hayden,hurst5100teh
james4600tej,51.88,Jesse James,4600,DET,@DEN,,,3.4,7.3,0,-0.6,0.7,0.5,1.7,4,-15,0.6,0,0,0,0,0.09,0.6,29,15.3,24.8,0,9.5,40,34,0,0,0,0,0,0,0,0,0,0,0,0,0,0,0,0,0,0,0,0,0.13,0.06,0,58,0.14,0.01,2.2,600,1.08,0.07,50,0,0.25,40,1.2,-0.8,-1400,0.79,0.04,30,0,0.4,20,TE,16,0,0,0,0,1,0,7,6,9.6,0,4.3,0,0,0.041,0,0.027,0,0,0,0,0,0,0,0,0,0,james,jesse james,j,james4600tej,41710-28694,TE,j,Jesse James,james,1.727272727,11,4600,DET@DEN,DET,DEN,,,,,,ryland,ryland,jesse,james4600tej
jarwin5300teb,56.54,Blake Jarwin,5300,DAL,@PHI,,,4.5,7.5,0,-1.14,0.8,0.5,1.9,5.64,-13,0.63,0,0.4,2,0,0.04,0.4,28,24.5,22.5,-0.5,-2,47,69,0,0,0,0,0,0,0,0,0,0,0,0,0,0,0,0,0,0,0,0,0.25,0.06,0.06,38,0.73,0.01,4.3,500,1,0.15,100,0.2,0,50,5.9,1.3,-700,1.87,0.21,66,0.25,0.16,24,TE,16,0,0,0,0,3,2,29,17,12.3,0.4,10.6,0.75,0,0.088,0.194,0.098,0,0,0,0,0,0,0,0,0,0,jarwin,blake jarwin,b,jarwin5300teb,41710-27527,TE,b,Blake Jarwin,jarwin,5.238461421,13,5300,DAL@PHI,DAL,PHI,,,,,,ryland,ryland,blake,jarwin5300teb
mcdonald5000tev,62.21,Vance McDonald,5000,PIT,@NYJ,,,3.8,7.7,0,-1.14,0.8,0.5,2.4,4.94,-11,0.66,0,0.4,1,0,0.43,-0.2,47,19.8,16.8,-1.2,-3,36.5,59,0,0,0,0,0,0,0,0,0,0,0,0,0,0,0,0,0,0,0,0,0.69,0.38,0.19,39,0.68,0.02,1,-300,0.6,0.02,20,0,0.8,50,4.1,-0.9,-1000,0.99,0.09,40,0.09,0.36,22,TE,16,0,0,0,0,4,2,23,14,90,0.2,5.8,0.273,0,0.124,0.167,0.107,0,0,0,0,0,0,0,0,0,0,mcdonald,vance mcdonald,v,mcdonald5000tev,41710-32045,TE,v,Vance McDonald,mcdonald,4.933333397,12,5000,PIT@NYJ,PIT,NYJ,,,,,,ryland,ryland,vance,mcdonald5000tev
olsen4900teg,78.94,Greg Olsen,4900,CAR,@IND,,,6,12.4,0.5,1.3,1.2,3,4.3,4.7,-7,0.79,1,3,3,0,0.67,-0.3,61,19.3,26.8,-0.5,7.5,46,47,0,0,0,0,0,0,0,0,0,0,0,0,0,0,0,0,0,0,0,0,0.5,0.14,0.14,0,0,0,2.7,-200,0.53,0.05,50,0,0.5,40,70,10,-1100,1.18,0.11,47,0.14,0.23,21,TE,16,0,0,0,0,5,4,46,16,11.5,0.2,70,0.286,0,0.165,0.133,0.182,0,0,0,0,0,0,0,0,0,0,olsen,greg olsen,g,olsen4900teg,41710-6914,TE,g,Greg Olsen,olsen,7.599999746,12,4900,CAR@IND,CAR,IND,,,,,,ryland,ryland,greg,olsen4900teg
seals-jones5300ter,42.51,Ricky Seals-Jones,5300,CLE,BAL,,,2.8,6.1,0,-2.84,0.5,0.5,2.8,5.64,-21,0.5,0,0,0,0,0.05,-2,17,19.5,29,-0.3,9.5,48.5,24,0,0,0,0,0,0,0,0,0,0,0,0,0,0,0,0,0,0,0,0,0.38,0.25,0.19,45,0.63,0.02,4.3,200,2.85,0.29,50,0.25,0.5,40,2.9,-1.3,-700,1.78,0.17,22,0.13,0.59,22,TE,16,0,0,0,0,1,1,16,12,14.9,0.3,6.2,0.5,0,0.05,0.267,0.069,0,0,0,0,0,0,0,0,0,0,seals-jones,ricky seals-jones,r,seals-jones5300ter,41710-40977,TE,r,Ricky Seals-Jones,seals-jones,6.137499809,8,5300,BAL@CLE,CLE,BAL,,,,,,ryland,ryland,ricky,seals-jones5300ter
smith5100tek,67.01,Kaden Smith,5100,NYG,@WAS,,,5.8,11.7,0.4,0.63,1.1,0.5,18.5,5.17,-4,0.86,1,1.3,1,0,0.43,1.1,41,21.5,20.5,1.7,-1,42,51,0,0,0,0,0,0,0,0,0,0,0,0,0,0,0,0,0,0,0,0,0.14,0.07,0.07,44,0.59,0.01,6.9,1100,1.25,0.12,100,0.5,0,40,20,0.8,-900,0.61,0.05,22,0.11,0.55,18,TE,16,0,0,0,0,3,2,19,11,7.9,0.1,3.9,0.5,0,0.098,0.077,0.087,0,0,0,0,0,0,0,0,0,0,smith,kaden smith,k,smith5100tek,41710-71806,TE,k,Kaden Smith,smith,5.6,5,5100,NYG@WAS,NYG,WAS,,,,,,ryland,ryland,kaden,smith5100tek
smith5400tej,75.38,Jonnu Smith,5400,TEN,NO,,,6.4,13.7,0.8,0.53,1.2,0.5,13.8,5.87,8,0.94,1,2.6,2,0,0.53,1.2,44,22.8,26.3,-1.5,3.5,49,26,0,0,0,0,0,0,0,0,0,0,0,0,0,0,0,0,0,0,0,0,0.5,0.14,0.07,55,0.55,0.35,6.5,100,2,0.13,50,0.5,0.5,40,5.2,0.9,-600,1.69,0.12,52,0.29,0.29,17,TE,16,0,0,0,0,2,2,26,15,11.8,0.1,8.2,0.333,0,0.105,0.083,0.109,0,0,0,0,0,0,0,0,0,0,smith,jonnu smith,j,smith5400tej,41710-48116,TE,j,Jonnu Smith,smith,5.592307458,13,5400,NO@TEN,TEN,NO,,,,,,ryland,ryland,jonnu,smith5400tej
sprinkle4800tej,57.35,Jeremy Sprinkle,4800,WAS,NYG,,,3.3,7.8,0,-1.17,0.7,0.5,2.4,4.47,-7,0.68,0,0,2,0,0.07,1.6,38,20.5,21.5,-1.8,1,42,49,0,0,0,0,0,0,0,0,0,0,0,0,0,0,0,0,0,0,0,0,0.19,0.19,0.19,44,0.59,0.01,2,100,0.98,0.04,50,0,0.5,40,2.5,-0.9,-1200,1.16,0.07,65,0.05,0.15,20,TE,16,0,0,0,0,2,1,14,11,10,0.1,6.4,0.333,0,0.077,0.067,0.078,0,0,0,0,0,0,0,0,0,0,sprinkle,jeremy sprinkle,j,sprinkle4800tej,41710-31169,TE,j,Jeremy Sprinkle,sprinkle,2.876923194,13,4800,NYG@WAS,WAS,NYG,,,,,,ryland,ryland,jeremy,sprinkle4800tej
thomas4500tel,54.9,Logan Thomas,4500,DET,@DEN,,,3.2,6.8,0,-0.57,0.7,0.5,2.7,3.77,-17,0.56,0,0,0,0,0.43,0.6,19,15.3,24.8,0,9.5,40,34,0,0,0,0,0,0,0,0,0,0,0,0,0,0,0,0,0,0,0,0,0.44,0.13,0.06,58,0.14,0.01,2.5,500,1,0.08,40,0.2,0.6,50,1.6,-0.4,-1500,1.09,0.08,33,0.04,0.42,21,TE,16,0,0,0,0,1,0,8,6,10.8,0.1,50,0.143,0,0.041,0.033,0.032,0,0,0,0,0,0,0,0,0,0,thomas,logan thomas,l,thomas4500tel,41710-26355,TE,l,Logan Thomas,thomas,2.418181853,11,4500,DET@DEN,DET,DEN,,,,,,ryland,ryland,logan,thomas4500tel
thomas5100tei,55.32,Ian Thomas,5100,CAR,@IND,,,3.4,7.7,0,-1.77,0.7,0.5,3.1,5.17,-6,0.66,1,0.9,1,0,0.39,-0.3,22,19.3,26.8,-0.5,7.5,46,47,0,0,0,0,0,0,0,0,0,0,0,0,0,0,0,0,0,0,0,0,0.25,0.25,0.13,0,0,0,5.7,1100,1.2,0.14,50,0.25,0.5,40,30,0.5,-900,1.39,0.13,19,0.14,0.61,21,TE,16,0,0,0,0,2,1,13,6,10.3,0.2,2.5,0.75,0,0.057,0.15,0.052,0,0,0,0,0,0,0,0,0,0,thomas,ian thomas,i,thomas5100tei,41710-72515,TE,i,Ian Thomas,thomas,3.257142748,7,5100,CAR@IND,CAR,IND,,,,,,ryland,ryland,ian,thomas5100tei
uzomah4700tec,53.06,C.J. Uzomah,4700,CIN,@MIA,,,3.5,7.4,0,-0.74,0.7,0.5,11.7,4.24,-13,0.63,0,0,0,0,0.07,0,40,23.8,22.3,1.3,-1.5,46,40,0,0,0,0,0,0,0,0,0,0,0,0,0,0,0,0,0,0,0,0,0.5,0.19,0.06,77,0.65,0.11,2.5,400,0.89,0.06,50,0.25,0.5,40,2.6,-0.7,-1300,1.14,0.06,35,0.15,0.45,20,TE,16,0,0,0,0,2,1,14,7,10.2,0.1,40,0.125,0,0.065,0.067,0.064,0,0,0,0,0,0,0,0,0,0,uzomah,c.j. uzomah,c,uzomah4700tec,41710-31207,TE,c,C.J. Uzomah,uzomah,2.454545455,11,4700,CIN@MIA,CIN,MIA,,,,,,ryland,ryland,c.j.,uzomah4700tec
waller6500ted,85.48,Darren Waller,6500,OAK,@LAC,,,10.4,14.4,1.1,1.96,1.6,14.5,5.7,8.44,0,0.3,1,5.2,8,0,0.99,0.7,53,18.8,26.3,-2,7.5,45,55,0,0,0,0,0,0,0,0,0,0,0,0,0,0,0,0,0,0,0,0,0.69,0.25,0.13,63,0.6,0.09,10.9,300,1.4,0.19,100,0.5,0,40,9.9,2.2,500,1.44,0.19,77,0.27,0.04,22,TE,16,0,0,0,0,6,5,64,23,12.1,0.2,9.9,0.273,0,0.225,0.15,0.273,0,0,0,0,0,0,0,0,0,0,waller,darren waller,d,waller6500ted,41710-25011,TE,d,Darren Waller,waller,11.18571472,14,6500,OAK@LAC,OAK,LAC,,,,,,ryland,ryland,darren,waller6500ted
witten5800tej,71.6,Jason Witten,5800,DAL,@PHI,,,6.2,13.3,0.6,-0.61,1.1,0.5,2.4,6.81,7,0.93,0,0.4,4,0,0.47,0.4,53,24.5,22.5,-0.5,-2,47,69,0,0,0,0,0,0,0,0,0,0,0,0,0,0,0,0,0,0,0,0,0.71,0.43,0.29,38,0.73,0.01,9.2,500,1.54,0.18,83,0.5,0.16,60,7.3,1.4,-200,1.34,0.14,70,0.29,0.12,24,TE,16,0,0,0,0,5,4,35,13,8.6,0.3,6.6,0.4,0,0.152,0.154,0.113,0,0,0,0,0,0,0,0,0,0,witten,jason witten,j,witten5800tej,41710-6641,TE,j,Jason Witten,witten,7.257142748,14,5800,DAL@PHI,DAL,PHI,,,,,,ryland,ryland,jason,witten5800tej
allen6700wrk,88.4,Keenan Allen,6700,LAC,OAK,,,12.1,20.6,2.2,2.9,1.8,14.5,9.1,9.2,0,0.49,1,6.5,4,0,0.94,0.9,57,26.3,18.8,0,-7.5,45,45,0,0,0,0,0,0,0,0,0,0,0,0,0,0,0,0,0,0,0,0,1.13,0.56,0.19,63,0.6,0.09,13.7,-100,1.86,0.25,100,0.66,0,30,11.8,0.9,700,1.3,0.21,44,0.22,0.4,27,WR,16,0,0,0,0,9,6,73,23,11.8,0.3,8.2,0.167,0,0.259,0.217,0.263,0,0,0,0,0,0,0,0,0,0,allen,keenan allen,k,allen6700wrk,41710-29253,WR,k,Keenan Allen,allen,12.97857121,14,6700,OAK@LAC,LAC,OAK,,,,,,ryland,ryland,keenan,allen6700wrk
amendola6000wrd,67.55,Danny Amendola,6000,DET,@DEN,,,8.8,15,1.4,1.19,1.5,0.5,3.1,7.61,8,0.89,1,5,0,0,0.54,1.6,43,15.3,24.8,0,9.5,40,34,0,0,0,0,0,0,0,0,0,0,0,0,0,0,0,0,0,0,0,0,0.56,0.25,0.06,58,0.14,0.01,6.6,300,0.83,0.12,100,0.2,0,50,6.7,0.9,0,1.02,0.16,61,0.19,0.19,21,WR,16,0,0,0,0,6,4,47,19,10.9,0.1,6.9,0,0,0.188,0.04,0.18,0,0,0,0,0,0,0,0,0,0,amendola,danny amendola,d,amendola6000wrd,41710-8117,WR,d,Danny Amendola,amendola,7.623076806,13,6000,DET@DEN,DET,DEN,,,,,,ryland,ryland,danny,amendola6000wrd
anderson6100wrr,70.97,Robby Anderson,6100,NYJ,PIT,,,8.4,14.7,0.6,0.56,1.4,3,10.2,7.84,-9,0.72,0.33,1.5,2,0,0.94,0.2,58,16.8,19.8,-1.2,3,36.5,41,0,0,0,0,0,0,0,0,0,0,0,0,0,0,0,0,0,0,0,0,0.5,0.25,0.13,39,0.68,0.02,14.6,700,1.77,0.24,100,0.6,0,50,9.1,1.1,100,1.36,0.16,45,0.22,0.36,22,WR,16,0,0,0,0,6,3,55,24,15.1,0.3,7.8,0.25,0,0.214,0.25,0.25,0,0,0,0,0,0,0,0,0,0,anderson,robby anderson,r,anderson6100wrr,41710-26251,WR,r,Robby Anderson,anderson,8.771428789,14,6100,PIT@NYJ,NYJ,PIT,Q,Illness,,,,ryland,ryland,robby,anderson6100wrr
arcega-whiteside5100wrj,52.12,J. Arcega-Whiteside,5100,PHI,DAL,,,5.5,12.9,0,-0.06,1.1,0.5,4.9,5.56,-8,0.77,0,0,0,0,0.15,0.7,30,22.5,24.5,0,2,47,31,0,0,0,0,0,0,0,0,0,0,0,0,0,0,0,0,0,0,0,0,0.29,0.14,0,38,0.73,0.01,4.3,600,1.43,0.07,75,0.25,0.25,40,1.5,-1.5,-900,1.07,0.05,26,0.05,0.52,19,WR,16,0,0,0,0,1,0,9,7,16.3,0.1,4.2,0.25,0,0.038,0.04,0.038,0,0,0,0,0,0,0,0,0,0,arcega-whiteside,j. arcega-whiteside,j,arcega-whiteside5100wrj,41710-64907,WR,j,JJ Arcega-Whiteside,arcega-whiteside,3.285714286,7,5100,DAL@PHI,PHI,DAL,,,,,,ryland,ryland,jj,arcega-whiteside5100wrj
austin4800wrt,39.89,Tavon Austin,4800,DAL,@PHI,,,2.6,5.2,0,-2.27,0.5,0.5,1,4.87,-35,0.24,0,0,0,0,0.43,0.1,22,24.5,22.5,-0.5,-2,47,69,0,0,0,0,0,0,0,0,0,0,0,0,0,0,0,0,0,0,0,0,0.19,0.06,0,38,0.73,0.01,4,300,1.45,0.2,50,0.25,0.5,40,2.6,0,-1200,1.18,0.12,39,0.17,0.43,23,WR,16,0,0,0,0,1,0,13,10,15.1,0.1,80,0,0,0.048,0.04,0.043,0,0,0,0,0,0,0,0,0,0,austin,tavon austin,t,austin4800wrt,41710-26458,WR,t,Tavon Austin,austin,3.274999936,12,4800,DAL@PHI,DAL,PHI,,,,,,ryland,ryland,tavon,austin4800wrt
beckham6700wro,71.05,Odell Beckham,6700,CLE,BAL,,,9.8,15.5,0.2,0.6,1.5,0.5,12.4,9.2,11,0.91,0.2,4.5,2,0,0.58,0.4,65,19.5,29,-0.3,9.5,48.5,24,0,0,0,0,0,0,0,0,0,0,0,0,0,0,0,0,0,0,0,0,0.81,0.25,0.25,45,0.63,0.02,9.3,-300,1.17,0.15,75,0,0.25,40,8.3,-1.4,700,0.84,0.13,36,0.04,0.5,22,WR,16,0,0,0,0,8,4,65,30,13.6,0.1,7.6,0,0,0.262,0.118,0.27,0,0,0,0,0,0,0,0,0,0,beckham,odell beckham,o,beckham6700wro,41710-31360,WR,o,Odell Beckham Jr.,beckham,9.735714504,14,6700,BAL@CLE,CLE,BAL,,,,,,ryland,ryland,odell,beckham6700wro
blake4600wrc,50.18,Christian Blake,4600,ATL,JAX,,,5,8.8,0,0.58,1.1,0.5,0,4.42,-24,0.49,0,0,0,0,0.4,0.1,32,27.8,20.3,1.3,-7.5,48,59,0,0,0,0,0,0,0,0,0,0,0,0,0,0,0,0,0,0,0,0,0.14,0.14,0.14,0,0,0,2.8,100,0.59,0.06,50,0.25,0.5,40,2.1,-0.2,-1400,0.66,0.07,16,0.05,0.22,18,WR,16,0,0,0,0,3,1,13,5,8.3,0,2.7,0,0,0.078,0,0.043,0,0,0,0,0,0,0,0,0,0,blake,christian blake,c,blake4600wrc,41710-56580,WR,c,Christian Blake,blake,2.920000076,5,4600,JAC@ATL,ATL,JAC,,,,,,ryland,ryland,christian,blake4600wrc
boyd6300wrt,85.41,Tyler Boyd,6300,CIN,@MIA,,,11.1,19.5,1.4,2.81,1.8,10.5,29.3,8.29,3,0.62,1,7.5,4,0,0.94,3.9,61,23.8,22.3,1.3,-1.5,46,40,0,0,0,0,0,0,0,0,0,0,0,0,0,0,0,0,0,0,0,0,0.5,0.06,0.06,77,0.65,0.11,11.5,700,1.39,0.2,75,0.5,0.25,40,8.3,0.9,300,0.9,0.14,54,0.22,0.27,22,WR,16,0,0,0,0,8,5,61,22,11.3,0.2,6.6,0.25,0,0.246,0.231,0.25,0,0,0,0,0,0,0,0,0,0,boyd,tyler boyd,t,boyd6300wrt,41710-40669,WR,t,Tyler Boyd,boyd,10.0142855,14,6300,CIN@MIA,CIN,MIA,,,,,,ryland,ryland,tyler,boyd6300wrt
brown5700wrm,80.86,Marquise Brown,5700,BAL,@CLE,,,8.3,17.7,2.4,1.38,1.5,6.5,1.1,6.92,-3,0.72,0.67,3,3,0,0.94,-0.5,41,29,19.5,-0.3,-9.5,48.5,76,0,0,0,0,0,0,0,0,0,0,0,0,0,0,0,0,0,0,0,0,0.93,0.43,0,45,0.63,0.02,10.7,-300,2.68,0.24,66,0.66,0.33,60,9.4,2.9,-300,1.69,0.23,55,0.4,0.25,20,WR,16,0,0,0,0,5,3,46,26,13.1,0.6,8.6,0.308,0,0.206,0.206,0.214,0,0,0,0,0,0,0,0,0,0,brown,marquise brown,m,brown5700wrm,41710-86687,WR,m,Marquise Brown,brown,9.983333588,12,5700,BAL@CLE,BAL,CLE,,,,,,ryland,ryland,marquise,brown5700wrm
brown7200wra,79.75,A.J. Brown,7200,TEN,NO,,,11,18.4,1.1,0.65,1.5,18.5,14.8,10.35,-8,0.26,0.63,10,4,0,0.96,1.3,41,22.8,26.3,-1.5,3.5,49,26,0,0,0,0,0,0,0,0,0,0,0,0,0,0,0,0,0,0,0,0,0.64,0.14,0.07,55,0.55,0.35,20,1900,2.67,0.39,100,0.75,0,40,10.5,3.6,1200,1.93,0.25,61,0.33,0.22,18,WR,16,0,0,0,0,5,3,63,32,19,0.5,12.7,0.444,0,0.194,0.292,0.258,0,0,0,0,0,0,0,0,0,0,brown,a.j. brown,a,brown7200wra,41710-72846,WR,a,A.J. Brown,brown,11.13571385,14,7200,NO@TEN,TEN,NO,,,,,,ryland,ryland,a.j.,brown7200wra
byrd5000wrd,53.64,Damiere Byrd,5000,ARI,@SEA,,,4.3,9.7,0.1,-1.03,0.9,0.5,1.6,5.33,-19,0.54,1,0.5,1,0,0.47,2.2,43,21.5,29.5,1,8,51,50,0,0,0,0,0,0,0,0,0,0,0,0,0,0,0,0,0,0,0,0,0.14,0,0,44,0.74,0.11,4.4,400,1.31,0.19,66,0.33,0.33,30,2.8,-0.2,-1000,0.68,0.07,31,0.21,0.42,19,WR,16,0,0,0,0,4,2,30,19,11.4,0,8.3,0,0,0.123,0,0.132,0,0,0,0,0,0,0,0,0,0,byrd,damiere byrd,d,byrd5000wrd,41710-30678,WR,d,Damiere Byrd,byrd,4.377777947,9,5000,ARI@SEA,ARI,SEA,,,,,,ryland,ryland,damiere,byrd5000wrd
chark6300wrd,82.01,DJ Chark,6300,JAX,@ATL,,,9.7,16.2,1.4,1.41,1.5,3,2.8,8.29,-3,0.8,0,0,5,0,0.97,-0.6,54,20.3,27.8,1.3,7.5,48,41,0,0,0,0,0,0,0,0,0,0,0,0,0,0,0,0,0,0,0,0,0.75,0.25,0.06,0,0,0,6.5,-700,0.93,0.09,50,0,0.5,40,11.6,40,300,1.47,0.21,61,0.33,0.19,21,WR,16,0,0,0,0,7,4,68,27,14.3,0.6,9.7,0.333,0,0.219,0.444,0.277,0,0,0,0,0,0,0,0,0,0,chark,dj chark,d,chark6300wrd,41710-52917,WR,d,DJ Chark Jr.,chark,13.9307697,13,6300,JAC@ATL,JAC,ATL,Q,Ankle,,,,ryland,ryland,dj,chark6300wrd
cobb5300wrr,64.79,Randall Cobb,5300,DAL,@PHI,,,6.1,13,0,0.09,1.2,0.5,9.8,6.01,-6,0.77,0,0.5,2,0,0.5,0.1,48,24.5,22.5,-0.5,-2,47,69,0,0,0,0,0,0,0,0,0,0,0,0,0,0,0,0,0,0,0,0,0.5,0.13,0,38,0.73,0.01,5.8,-700,1.37,0.13,83,0,0.16,60,6.7,0.8,-700,1.02,0.14,60,0.13,0.21,23,WR,16,0,0,0,0,5,3,50,25,15.2,0.2,90,0.125,0,0.151,0.115,0.166,0,0,0,0,0,0,0,0,0,0,cobb,randall cobb,r,cobb5300wrr,41710-14257,WR,r,Randall Cobb,cobb,8.230769231,13,5300,DAL@PHI,DAL,PHI,,,,,,ryland,ryland,randall,cobb5300wrr
cole5400wrk,48.46,Keelan Cole,5400,JAX,@ATL,,,4.9,11.9,0.1,-1.34,0.9,0.5,3.4,6.24,-6,0.69,1,2,0,0,0.08,-0.6,24,20.3,27.8,1.3,7.5,48,41,0,0,0,0,0,0,0,0,0,0,0,0,0,0,0,0,0,0,0,0,0.38,0.13,0.06,0,0,0,3.8,100,1.17,0.11,50,0.25,0.5,40,3.3,-0.5,-600,1.34,0.14,38,0.23,0.42,21,WR,16,0,0,0,0,2,1,19,11,13.2,0.1,5.3,0.333,0,0.072,0.1,0.083,0,0,0,0,0,0,0,0,0,0,cole,keelan cole,k,cole5400wrk,41710-79998,WR,k,Keelan Cole,cole,4.909999847,10,5400,JAC@ATL,JAC,ATL,,,,,,ryland,ryland,keelan,cole5400wrk
conley5800wrc,63.35,Chris Conley,5800,JAX,@ATL,,,8.4,14.8,0.2,1.25,1.4,3,12.6,7.15,-10,0.72,1,4.5,1,0,0.4,-0.6,54,20.3,27.8,1.3,7.5,48,41,0,0,0,0,0,0,0,0,0,0,0,0,0,0,0,0,0,0,0,0,0.44,0.31,0.25,0,0,0,8.7,100,1.39,0.15,75,0.25,0.25,40,6.4,0.8,-200,1.18,0.12,58,0.16,0.25,24,WR,16,0,0,0,0,5,2,45,22,16.3,0.3,7.9,0.286,0,0.156,0.16,0.178,0,0,0,0,0,0,0,0,0,0,conley,chris conley,c,conley5800wrc,41710-30403,WR,c,Chris Conley,conley,8.221428462,14,5800,JAC@ATL,JAC,ATL,,,,,,ryland,ryland,chris,conley5800wrc
cooper4900wrp,45.65,Pharoh Cooper,4900,ARI,@SEA,,,3.4,6.6,0,-1.7,0.7,0.5,2.4,5.1,-32,0.34,0,0,1,0,0.07,2.2,15,21.5,29.5,1,8,51,50,0,0,0,0,0,0,0,0,0,0,0,0,0,0,0,0,0,0,0,0,0.18,0.12,0.06,44,0.74,0.11,2.6,-200,0.97,0.12,66,0,0.33,30,2.5,-0.7,-1100,1.08,0.16,43,0.04,0.34,23,WR,16,0,0,0,0,2,1,17,11,9.9,0.1,6.6,0.333,0,0.07,0.053,0.071,0,0,0,0,0,0,0,0,0,0,cooper,pharoh cooper,p,cooper4900wrp,41710-40932,WR,p,Pharoh Cooper,cooper,3.770000076,10,4900,ARI@SEA,ARI,SEA,,,,,,ryland,ryland,pharoh,cooper4900wrp
cooper7700wra,73.17,Amari Cooper,7700,DAL,@PHI,,,11,18.2,1.2,-0.49,1.4,10.5,4.4,11.49,-4,0.59,0.92,7.5,2,0,0.56,0.1,53,24.5,22.5,-0.5,-2,47,69,0,0,0,0,0,0,0,0,0,0,0,0,0,0,0,0,0,0,0,0,0.63,0.25,0.13,38,0.73,0.01,10.3,0,1.8,0.19,66,0,0.33,60,14,2.1,1700,1.9,0.26,60,0.26,0.26,30,WR,16,0,0,0,0,7,5,70,23,14.1,0.5,8.7,0.5,0,0.208,0.258,0.23,0,0,0,0,0,0,0,0,0,0,cooper,amari cooper,a,cooper7700wra,41710-31001,WR,a,Amari Cooper,cooper,13.62857165,14,7700,DAL@PHI,DAL,PHI,,,,,,ryland,ryland,amari,cooper7700wra
crowder6000wrj,72.91,Jamison Crowder,6000,NYJ,PIT,,,8.6,12.9,0.2,0.99,1.4,0.5,8,7.61,-3,0.77,0.67,2,2,0,0.63,0.2,50,16.8,19.8,-1.2,3,36.5,41,0,0,0,0,0,0,0,0,0,0,0,0,0,0,0,0,0,0,0,0,0.88,0.25,0.19,39,0.68,0.02,11.4,-500,1.47,0.22,40,0.4,0.6,50,9.6,1.8,0,1.29,0.19,52,0.33,0.28,21,WR,16,0,0,0,0,7,4,49,19,11,0.3,6.5,0.214,0,0.246,0.278,0.239,0,0,0,0,0,0,0,0,0,0,crowder,jamison crowder,j,crowder6000wrj,41710-24755,WR,j,Jamison Crowder,crowder,9.578571865,14,6000,PIT@NYJ,NYJ,PIT,,,,,,ryland,ryland,jamison,crowder6000wrj
davis5200wrc,67.42,Corey Davis,5200,TEN,NO,,,7.3,13.4,0.1,1.52,1.4,3,5.5,5.78,-15,0.64,1,0.5,1,0,0.5,1.3,48,22.8,26.3,-1.5,3.5,49,26,0,0,0,0,0,0,0,0,0,0,0,0,0,0,0,0,0,0,0,0,0.19,0.06,0,55,0.55,0.35,4.6,0,1.22,0.1,75,0,0.25,40,5.9,0.1,-800,1.22,0.12,63,0.1,0.21,19,WR,16,0,0,0,0,4,2,40,19,13.9,0.1,8.4,0.333,0,0.173,0.083,0.167,0,0,0,0,0,0,0,0,0,0,davis,corey davis,c,davis5200wrc,41710-45439,WR,c,Corey Davis,davis,6.28461515,13,5200,NO@TEN,TEN,NO,,,,,,ryland,ryland,corey,davis5200wrc
erickson5100wra,59.99,Alex Erickson,5100,CIN,@MIA,,,6.6,12.6,0.2,1.04,1.3,0.5,8.5,5.56,-5,0.74,1,2,0,0,0.08,3.9,36,23.8,22.3,1.3,-1.5,46,40,0,0,0,0,0,0,0,0,0,0,0,0,0,0,0,0,0,0,0,0,0.38,0.06,0.06,77,0.65,0.11,3.9,400,0.6,0.08,75,0.25,0.25,40,4.8,0.2,-900,0.83,0.13,55,0.25,0.2,20,WR,16,0,0,0,0,4,2,34,17,12.6,0,7.2,0.167,0,0.132,0,0.152,0,0,0,0,0,0,0,0,0,0,erickson,alex erickson,a,erickson5100wra,41710-28907,WR,a,Alex Erickson,erickson,4.545714242,14,5100,CIN@MIA,CIN,MIA,,,,,,ryland,ryland,alex,erickson5100wra
fitzgerald5700wrl,74.53,Larry Fitzgerald,5700,ARI,@SEA,,,8.6,13.9,0.2,1.68,1.5,6.5,12.8,6.92,-21,0.51,1,0.5,2,0,0.4,2.2,56,21.5,29.5,1,8,51,50,0,0,0,0,0,0,0,0,0,0,0,0,0,0,0,0,0,0,0,0,0.94,0.56,0.56,44,0.74,0.11,5.9,0,0.94,0.11,100,0,0,30,8.9,1.7,-300,1.11,0.16,75,0.35,0.1,20,WR,16,0,0,0,0,7,4,50,20,10.4,0.3,6.8,0.267,0,0.215,0.211,0.22,0,0,0,0,0,0,0,0,0,0,fitzgerald,larry fitzgerald,l,fitzgerald5700wrl,41710-6883,WR,l,Larry Fitzgerald,fitzgerald,8.614285605,14,5700,ARI@SEA,ARI,SEA,,,,,,ryland,ryland,larry,fitzgerald5700wrl
ford4800wri,42.15,Isaiah Ford,4800,MIA,CIN,,,3.5,6.8,0,-1.37,0.7,0.5,9.3,4.87,-31,0.34,0,0,0,0,0.43,0,22,22.3,23.8,-1.2,1.5,46,60,0,0,0,0,0,0,0,0,0,0,0,0,0,0,0,0,0,0,0,0,0.29,0,0,77,0.65,0.11,5.3,300,1.05,0.15,50,0.25,0.25,40,2.5,0.3,-1200,0.76,0.11,15,0.05,0.2,20,WR,16,0,0,0,0,3,1,20,6,11.1,0,2.9,0,0,0.093,0,0.078,0,0,0,0,0,0,0,0,0,0,ford,isaiah ford,i,ford4800wri,41710-56356,WR,i,Isaiah Ford,ford,2.950000127,6,4800,CIN@MIA,MIA,CIN,,,,,,ryland,ryland,isaiah,ford4800wri
gage5100wrr,75.92,Russell Gage,5100,ATL,JAX,,,8.2,16.4,1.1,2.64,1.6,0.5,8.1,5.56,13,0.94,0.5,2,2,0,0.62,0.1,28,27.8,20.3,1.3,-7.5,48,59,0,0,0,0,0,0,0,0,0,0,0,0,0,0,0,0,0,0,0,0,0.63,0.06,0.06,0,0,0,8.5,-200,1.13,0.16,75,0.5,0.25,40,3.6,0.4,-900,0.96,0.13,45,0.15,0.35,20,WR,16,0,0,0,0,3,2,21,9,8.8,0.1,4.6,0.1,0,0.093,0.03,0.069,0,0,0,0,0,0,0,0,0,0,gage,russell gage,r,gage5100wrr,41710-52916,WR,r,Russell Gage,gage,4.65833346,12,5100,JAC@ATL,ATL,JAC,,,,,,ryland,ryland,russell,gage5100wrr
gallup6500wrm,78.51,Michael Gallup,6500,DAL,@PHI,,,9.8,18.4,0.9,1.05,1.5,6.5,12.3,8.75,3,0.76,1,5.5,3,0,0.56,0.1,60,24.5,22.5,-0.5,-2,47,69,0,0,0,0,0,0,0,0,0,0,0,0,0,0,0,0,0,0,0,0,0.44,0.06,0.06,38,0.73,0.01,8.7,-300,1.39,0.14,66,0.33,0.33,60,10.2,2.1,500,1.37,0.17,71,0.32,0.14,28,WR,16,0,0,0,0,7,4,72,26,16.4,0.3,9.5,0.286,0,0.205,0.138,0.23,0,0,0,0,0,0,0,0,0,0,gallup,michael gallup,m,gallup6500wrm,41710-69956,WR,m,Michael Gallup,gallup,11.42500051,12,6500,DAL@PHI,DAL,PHI,,,,,,ryland,ryland,michael,gallup6500wrm
ginn5300wrt,54.52,Ted Ginn,5300,NO,@TEN,,,5,9.6,0,-1.01,0.9,0.5,0,6.01,-19,0.54,1,0.5,1,0,0.43,2.9,40,26.3,22.8,-1,-3.5,49,74,0,0,0,0,0,0,0,0,0,0,0,0,0,0,0,0,0,0,0,0,0.38,0.06,0,55,0.55,0.35,3.4,100,1.05,0.11,50,0.25,0.5,40,5.1,0,-700,1.2,0.13,50,0.18,0.27,22,WR,16,0,0,0,0,4,2,32,19,14.3,0.1,7.3,0.2,0,0.115,0.065,0.115,0,0,0,0,0,0,0,0,0,0,ginn,ted ginn,t,ginn5300wrt,41710-6627,WR,t,Ted Ginn Jr.,ginn,5.338461656,13,5300,NO@TEN,NO,TEN,,,,,,ryland,ryland,ted,ginn5300wrt
golladay7400wrk,78.73,Kenny Golladay,7400,DET,@DEN,,,10.8,17,1.4,0,1.5,3,15.6,10.8,-6,0.85,0.67,7.5,5,0,0.58,1.6,63,15.3,24.8,0,9.5,40,34,0,0,0,0,0,0,0,0,0,0,0,0,0,0,0,0,0,0,0,0,1.06,0.81,0.31,58,0.14,0.01,15.3,-400,2.55,0.23,60,0.4,0.4,50,13.3,2.7,1400,1.74,0.21,52,0.26,0.3,23,WR,16,0,0,0,0,7,4,74,35,17.9,0.7,10.8,0.294,0,0.213,0.385,0.271,0,0,0,0,0,0,0,0,0,0,golladay,kenny golladay,k,golladay7400wrk,41710-54244,WR,k,Kenny Golladay,golladay,13.65714264,14,7400,DET@DEN,DET,DEN,,,,,,ryland,ryland,kenny,golladay7400wrk
hamilton4700wrd,56.03,DaeSean Hamilton,4700,DEN,DET,,,4.5,8.7,0,-0.14,1,0.5,15.5,4.64,-26,0.47,1,1,1,0,0.4,3.6,44,24.8,15.3,2.5,-9.5,40,66,0,0,0,0,0,0,0,0,0,0,0,0,0,0,0,0,0,0,0,0,0.44,0.19,0,58,0.14,0.01,2.3,-200,0.54,0.06,75,0,0.25,40,3.3,-1.7,-1300,0.94,0.08,42,0.09,0.42,21,WR,16,0,0,0,0,3,1,16,8,9.1,0.1,3.3,0.143,0,0.113,0.059,0.073,0,0,0,0,0,0,0,0,0,0,hamilton,daesean hamilton,d,hamilton4700wrd,41710-41741,WR,d,DaeSean Hamilton,hamilton,2.520000076,10,4700,DET@DEN,DEN,DET,,,,,,ryland,ryland,daesean,hamilton4700wrd
harmon4800wrk,59.18,Kelvin Harmon,4800,WAS,NYG,,,5.6,12,0,0.73,1.2,0.5,8.74,4.87,-11,0.7,0,0,0,0,0.47,2.5,26,20.5,21.5,-1.8,1,42,49,0,0,0,0,0,0,0,0,0,0,0,0,0,0,0,0,0,0,0,0,0.29,0.21,0.07,44,0.59,0.01,4.8,300,1.06,0.1,100,0.25,0,40,2.7,-0.7,-1200,1.16,0.11,50,0.11,0.27,18,WR,16,0,0,0,0,2,1,19,13,12.5,0,6.5,0,0,0.084,0,0.102,0,0,0,0,0,0,0,0,0,0,harmon,kelvin harmon,k,harmon4800wrk,41710-71039,WR,k,Kelvin Harmon,harmon,3.49090923,11,4800,NYG@WAS,WAS,NYG,,,,,,ryland,ryland,kelvin,harmon4800wrk
hilton7300wrt,66.62,T.Y. Hilton,7300,IND,CAR,,,10,17.4,1.3,-0.57,1.4,3,4.1,10.57,1,0.87,0.83,4,2,0,0.58,0.5,53,26.8,19.3,0.5,-7.5,46,53,0,0,0,0,0,0,0,0,0,0,0,0,0,0,0,0,0,0,0,0,0.63,0.38,0.25,0,0,0,2.3,300,0.25,0.08,0,0,1,40,7.6,-0.3,1300,1.02,0.14,33,0.04,0.54,24,WR,16,0,0,0,0,7,4,60,25,12.5,0.5,8.2,0.5,0,0.241,0.313,0.266,0,0,0,0,0,0,0,0,0,0,hilton,t.y. hilton,t,hilton7300wrt,41710-22031,WR,t,T.Y. Hilton,hilton,11.22500038,8,7300,CAR@IND,IND,CAR,,,,,,ryland,ryland,t.y.,hilton7300wrt
hurns5300wra,56.08,Allen Hurns,5300,MIA,CIN,,,5.8,12.2,0,-0.21,1.1,0.5,5.1,6.01,-11,0.7,0,0.5,1,0,0.43,0,33,22.3,23.8,-1.2,1.5,46,60,0,0,0,0,0,0,0,0,0,0,0,0,0,0,0,0,0,0,0,0,0.38,0.06,0.06,77,0.65,0.11,6.9,200,1.39,0.14,75,0.25,0.25,40,4.1,0,-700,1.3,0.12,60,0.17,0.21,23,WR,16,0,0,0,0,3,2,28,16,13.7,0.1,10.5,0.333,0,0.085,0.095,0.114,0,0,0,0,0,0,0,0,0,0,hurns,allen hurns,a,hurns5300wra,41710-25760,WR,a,Allen Hurns,hurns,4.807692308,13,5300,CIN@MIA,MIA,CIN,,,,,,ryland,ryland,allen,hurns5300wra
isabella4700wra,46.79,Andy Isabella,4700,ARI,@SEA,,,2.7,5.6,0,-1.94,0.6,0.5,0,4.64,-34,0.27,0,0,2,0,0.11,2.2,12,21.5,29.5,1,8,51,50,0,0,0,0,0,0,0,0,0,0,0,0,0,0,0,0,0,0,0,0,0.14,0.07,0.07,44,0.74,0.11,0.6,-200,0.45,0.04,0,0,1,30,2.2,-1.9,-1300,1.68,0.18,17,0.11,0.64,17,WR,16,0,0,0,0,1,0,14,12,21,0.1,9.9,0,0,0.031,0.059,0.064,0,0,0,0,0,0,0,0,0,0,isabella,andy isabella,a,isabella4700wra,41710-63419,WR,a,Andy Isabella,isabella,2.809090874,11,4700,ARI@SEA,ARI,SEA,,,,,,ryland,ryland,andy,isabella4700wra
johnson5700wrd,66.83,Diontae Johnson,5700,PIT,@NYJ,,,7.3,13.6,0.1,0.38,1.3,3,18.1,6.92,-16,0.65,0.67,3,0,0,0.56,2.2,40,19.8,16.8,-1.2,-3,36.5,59,0,0,0,0,0,0,0,0,0,0,0,0,0,0,0,0,0,0,0,0,0.5,0.07,0.07,39,0.68,0.02,9.3,100,1.33,0.21,100,0.25,0,40,8.4,2.6,-300,1.47,0.21,70,0.35,0.15,20,WR,16,0,0,0,0,5,3,38,21,11.6,0.3,6.7,0.143,0,0.177,0.235,0.188,0,0,0,0,0,0,0,0,0,0,johnson,diontae johnson,d,johnson5700wrd,41710-66008,WR,d,Diontae Johnson,johnson,7.721428462,14,5700,PIT@NYJ,PIT,NYJ,,,,,,ryland,ryland,diontae,johnson5700wrd
johnson5900wrm,44.29,Marcus Johnson,5900,IND,CAR,,,4.9,9.1,0,-2.48,0.8,0.5,0.7,7.38,-23,0.51,0,0,0,0,0.15,0.5,54,26.8,19.3,0.5,-7.5,46,53,0,0,0,0,0,0,0,0,0,0,0,0,0,0,0,0,0,0,0,0,0.33,0.11,0.11,0,0,0,10.1,1000,1.78,0.18,100,0.66,0,30,60,0.6,-100,1.44,0.11,28,0.21,0.21,14,WR,16,0,0,0,0,4,2,40,19,17.4,0.3,7.7,0.333,0,0.132,0.4,0.201,0,0,0,0,0,0,0,0,0,0,johnson,marcus johnson,m,johnson5900wrm,41710-32235,WR,m,Marcus Johnson,johnson,7.233333588,6,5900,CAR@IND,IND,CAR,,,,,,ryland,ryland,marcus,johnson5900wrm
jones4600wrz,43.52,Zay Jones,4600,OAK,@LAC,,,3.8,8.7,0,-0.62,0.8,0.5,2.9,4.42,-30,0.47,0,0,0,0,0.15,-2,44,18.8,26.3,-2,7.5,45,55,0,0,0,0,0,0,0,0,0,0,0,0,0,0,0,0,0,0,0,0,0.56,0.31,0.25,63,0.6,0.09,1.5,-200,0.59,0.03,50,0,0.5,40,4.3,-0.2,-1400,1.1,0.1,55,0.1,0.25,20,WR,16,0,0,0,0,3,2,22,12,10.3,0.2,5.3,0.111,0,0.125,0.15,0.093,0,0,0,0,0,0,0,0,0,0,jones,zay jones,z,jones4600wrz,41710-41305,WR,z,Zay Jones,jones,2.449999968,12,4600,OAK@LAC,OAK,LAC,,,,,,ryland,ryland,zay,jones4600wrz
jones8000wrj,91.15,Julio Jones,8000,ATL,JAX,,,14.9,24.2,2.9,2.73,1.9,35.5,21.6,12.17,-1,0.06,1,8.5,7,0,0.97,0.1,51,27.8,20.3,1.3,-7.5,48,59,0,0,0,0,0,0,0,0,0,0,0,0,0,0,0,0,0,0,0,0,1.13,0.5,0.31,0,0,0,10.1,-400,0.79,0.18,20,0.2,0.8,50,13.3,1.8,2000,1.34,0.26,47,0.23,0.33,21,WR,16,0,0,0,0,9,6,87,31,13.9,0.5,8.9,0.389,0,0.251,0.258,0.282,0,0,0,0,0,0,0,0,0,0,jones,julio jones,j,jones8000wrj,41710-14190,WR,j,Julio Jones,jones,14.74615361,13,8000,JAC@ATL,ATL,JAC,,,,,,ryland,ryland,julio,jones8000wrj
kirk5900wrc,86.89,Christian Kirk,5900,ARI,@SEA,,,10.1,16.4,1.3,2.72,1.7,10.5,0.9,7.38,-1,0.49,1,5.5,5,0,0.95,2.2,61,21.5,29.5,1,8,51,50,0,0,0,0,0,0,0,0,0,0,0,0,0,0,0,0,0,0,0,0,0.93,0.43,0.07,44,0.74,0.11,8.3,-200,1.08,0.15,66,0.33,0.33,30,8.8,2.3,-100,0.98,0.14,47,0.26,0.26,19,WR,16,0,0,0,0,8,5,59,21,10.6,0.3,7.1,0.083,0,0.245,0.214,0.249,0,0,0,0,0,0,0,0,0,0,kirk,christian kirk,c,kirk5900wrc,41710-60858,WR,c,Christian Kirk,kirk,11.19999972,11,5900,ARI@SEA,ARI,SEA,Q,Ankle,,,,ryland,ryland,christian,kirk5900wrc
landry6900wrj,79.6,Jarvis Landry,6900,CLE,BAL,,,10.4,22,1.6,0.74,1.5,3,10.9,9.66,17,0.97,0.33,3,2,0,0.58,0.4,63,19.5,29,-0.3,9.5,48.5,24,0,0,0,0,0,0,0,0,0,0,0,0,0,0,0,0,0,0,0,0,1.25,0.75,0.38,45,0.63,0.02,14.2,0,1.46,0.22,75,0.25,0.25,40,12,2.7,900,1.21,0.19,80,0.28,0.04,21,WR,16,0,0,0,0,8,5,72,28,14.1,0.4,8.3,0.25,0,0.259,0.261,0.285,0,0,0,0,0,0,0,0,0,0,landry,jarvis landry,j,landry6900wrj,41710-31394,WR,j,Jarvis Landry,landry,12.12857165,14,6900,BAL@CLE,CLE,BAL,,,,,,ryland,ryland,jarvis,landry6900wrj
lockett7600wrt,79.66,Tyler Lockett,7600,SEA,ARI,,,11.5,18.1,1.8,0.24,1.5,14.5,1.7,11.26,-8,0.41,0.92,6,4,0,0.97,1.4,63,29.5,21.5,-1,-8,51,50,0,0,0,0,0,0,0,0,0,0,0,0,0,0,0,0,0,0,0,0,1.19,0.38,0.06,44,0.74,0.11,5.6,200,1.11,0.1,14,0.14,0.85,70,11.3,1.3,1600,1.67,0.18,57,0.3,0.26,26,WR,16,0,0,0,0,6,5,72,28,14.3,0.5,13.3,0.316,0,0.217,0.25,0.281,0,0,0,0,0,0,0,0,0,0,lockett,tyler lockett,t,lockett7600wrt,41710-27050,WR,t,Tyler Lockett,lockett,12.74285671,14,7600,ARI@SEA,SEA,ARI,,,,,,ryland,ryland,tyler,lockett7600wrt
mclaurin6500wrt,85.07,Terry McLaurin,6500,WAS,NYG,,,10.9,17.5,1.6,2.15,1.7,14.5,12.1,8.75,-9,0.39,1,6,5,0,0.95,2.5,55,20.5,21.5,-1.8,1,42,49,0,0,0,0,0,0,0,0,0,0,0,0,0,0,0,0,0,0,0,0,0.93,0.57,0.29,44,0.59,0.01,11.7,700,1.67,0.21,75,0.75,0.25,40,11.1,3.3,500,1.72,0.2,66,0.42,0.14,21,WR,16,0,0,0,0,6,3,64,29,16.3,0.5,10.2,0.231,0,0.23,0.5,0.326,0,0,0,0,0,0,0,0,0,0,mclaurin,terry mclaurin,t,mclaurin6500wrt,41710-56250,WR,t,Terry McLaurin,mclaurin,11.60000023,13,6500,NYG@WAS,WAS,NYG,,,,,,ryland,ryland,terry,mclaurin6500wrt
metcalf6300wrd,85.71,D.K. Metcalf,6300,SEA,ARI,,,10.5,16.5,1.7,2.21,1.7,14.5,0,8.29,-16,0.32,1,1.5,6,0,0.94,1.4,57,29.5,21.5,-1,-8,51,50,0,0,0,0,0,0,0,0,0,0,0,0,0,0,0,0,0,0,0,0,1,0.29,0.21,44,0.74,0.11,9.1,-400,1.59,0.16,100,0,0,50,10.1,1.4,300,1.58,0.18,71,0.23,0.09,21,WR,16,0,0,0,0,6,3,58,29,15.8,0.4,9.5,0.214,0,0.204,0.214,0.221,0,0,0,0,0,0,0,0,0,0,metcalf,d.k. metcalf,d,metcalf6300wrd,41710-73048,WR,d,DK Metcalf,metcalf,10.07142857,14,6300,ARI@SEA,SEA,ARI,,,,,,ryland,ryland,dk,metcalf6300wrd
moore4700wrd,52.16,David Moore,4700,SEA,ARI,,,3.9,9.4,0,-0.74,0.8,0.5,2.5,4.64,-21,0.53,0,0,1,0,0.43,1.4,24,29.5,21.5,-1,-8,51,50,0,0,0,0,0,0,0,0,0,0,0,0,0,0,0,0,0,0,0,0,0.56,0.25,0.06,44,0.74,0.11,4.9,100,2.17,0.38,75,0.25,0.25,40,30,-1.3,-1300,1.08,0.13,47,0.13,0.34,23,WR,16,0,0,0,0,2,1,19,16,16.1,0.1,6.7,0.111,0,0.088,0.074,0.075,0,0,0,0,0,0,0,0,0,0,moore,david moore,d,moore4700wrd,41710-79987,WR,d,David Moore,moore,3.71666654,12,4700,ARI@SEA,SEA,ARI,,,,,,ryland,ryland,david,moore4700wrd
moore6600wrd,90.08,D.J. Moore,6600,CAR,@IND,,,11.8,21,3,2.82,1.8,3,0.6,8.98,16,0.95,0,0,6,0,0.98,1.5,66,19.3,26.8,-0.5,7.5,46,47,0,0,0,0,0,0,0,0,0,0,0,0,0,0,0,0,0,0,0,0,0,0,0,0,0,0,17.8,200,1.65,0.26,100,0.75,0,40,12.5,30,600,1.3,0.19,76,0.52,0.04,21,WR,16,0,0,0,0,9,5,79,29,13.8,0.3,9.7,0,0,0.249,0.2,0.305,0,0,0,0,0,0,0,0,0,0,moore,d.j. moore,d,moore6600wrd,41710-63043,WR,d,DJ Moore,moore,13.31428528,14,6600,CAR@IND,CAR,IND,,,,,,ryland,ryland,dj,moore6600wrd
parker6900wrd,84.04,DeVante Parker,6900,MIA,CIN,,,12.1,18.8,1.6,2.44,1.8,18.5,19.6,9.66,-5,0.27,0.94,8.5,5,0,0.97,0,53,22.3,23.8,-1.2,1.5,46,60,0,0,0,0,0,0,0,0,0,0,0,0,0,0,0,0,0,0,0,0,0.81,0.06,0.06,77,0.65,0.11,17.1,900,2.28,0.34,75,0.5,0.25,40,10.8,3.4,900,1.6,0.2,66,0.38,0.14,21,WR,16,0,0,0,0,6,3,60,23,15.9,0.5,8.8,0.385,0,0.192,0.421,0.265,0,0,0,0,0,0,0,0,0,0,parker,devante parker,d,parker6900wrd,41710-33260,WR,d,DeVante Parker,parker,12.34999956,14,6900,CIN@MIA,MIA,CIN,,,,,,ryland,ryland,devante,parker6900wrd
pascal6600wrz,69.36,Zach Pascal,6600,IND,CAR,,,8.1,18.1,1.9,-0.88,1.2,0.5,1.1,8.98,29,0.98,0,0.5,1,0,0.94,0.5,49,26.8,19.3,0.5,-7.5,46,53,0,0,0,0,0,0,0,0,0,0,0,0,0,0,0,0,0,0,0,0,0.81,0.25,0.13,0,0,0,11.3,1200,1.35,0.19,100,0.5,0,40,6.2,-0.1,600,1.1,0.13,41,0.25,0.41,24,WR,16,0,0,0,0,4,2,39,16,14.7,0.3,6.4,0.385,0,0.141,0.185,0.172,0,0,0,0,0,0,0,0,0,0,pascal,zach pascal,z,pascal6600wrz,41710-53390,WR,z,Zach Pascal,pascal,9.316666921,12,6600,CAR@IND,IND,CAR,,,,,,ryland,ryland,zach,pascal6600wrz
patrick5400wrt,53.19,Tim Patrick,5400,DEN,DET,,,5.5,10.9,0,-0.74,1,0.5,7.3,6.24,-10,0.62,1,0.5,1,0,0.08,3.6,40,24.8,15.3,2.5,-9.5,40,66,0,0,0,0,0,0,0,0,0,0,0,0,0,0,0,0,0,0,0,0,0.5,0.13,0.13,58,0.14,0.01,2.7,0,0.73,0.08,50,0,0.5,40,3.8,-0.7,-600,0.85,0.1,26,0.05,0.15,19,WR,16,0,0,0,0,4,2,31,17,14.6,0,5.8,0,0,0.132,0,0.14,0,0,0,0,0,0,0,0,0,0,patrick,tim patrick,t,patrick5400wrt,41710-57091,WR,t,Tim Patrick,patrick,4.120000076,5,5400,DET@DEN,DEN,DET,,,,,,ryland,ryland,tim,patrick5400wrt
raymond4500wrk,54.22,Kalif Raymond,4500,TEN,NO,,,3.8,8.8,0,-0.39,0.8,0.5,0,4.19,-24,0.49,0,0,1,0,0.4,1.3,0,22.8,26.3,-1.5,3.5,49,26,0,0,0,0,0,0,0,0,0,0,0,0,0,0,0,0,0,0,0,0,0,0,0,55,0.55,0.35,0,-200,0,0,0,0,0,40,0,0,-1500,0,0,0,0,0,19,WR,16,0,0,0,0,0,0,0,0,0,0,0,0,0,0,0,0,0,0,0,0,0,0,0,0,0,0,raymond,kalif raymond,k,raymond4500wrk,41710-70422,WR,k,Kalif Raymond,raymond,3.257142748,7,4500,NO@TEN,TEN,NO,,,,,,ryland,ryland,kalif,raymond4500wrk
renfrow5400wrh,50.08,Hunter Renfrow,5400,OAK,@LAC,,,5.7,11.7,0,-0.54,1.1,0.5,20.2,6.24,-11,0.69,1,1,1,0,0.08,-2,32,18.8,26.3,-2,7.5,45,55,0,0,0,0,0,0,0,0,0,0,0,0,0,0,0,0,0,0,0,0,0.5,0.21,0,63,0.6,0.09,1.2,-500,0.23,0.05,25,0,0.75,40,5.1,0.4,-600,1.05,0.16,63,0.1,0.15,19,WR,16,0,0,0,0,4,3,36,18,11,0.2,7.6,0.143,0,0.159,0.125,0.148,0,0,0,0,0,0,0,0,0,0,renfrow,hunter renfrow,h,renfrow5400wrh,41710-57986,WR,h,Hunter Renfrow,renfrow,6.327272589,11,5400,OAK@LAC,OAK,LAC,,,,,,ryland,ryland,hunter,renfrow5400wrh
roberts5100wrs,47.52,Seth Roberts,5100,BAL,@CLE,,,4.9,9.3,0,-0.66,1,0.5,3.3,5.56,-22,0.53,0,0,0,0,0.47,-0.5,35,29,19.5,-0.3,-9.5,48.5,76,0,0,0,0,0,0,0,0,0,0,0,0,0,0,0,0,0,0,0,0,0.19,0,0,45,0.63,0.02,5.5,400,1.68,0.17,75,0.25,0.25,40,3.4,-0.8,-900,1.35,0.1,50,0.1,0.3,20,WR,16,0,0,0,0,2,1,18,10,11.3,0.1,70,0.333,0,0.09,0.059,0.087,0,0,0,0,0,0,0,0,0,0,roberts,seth roberts,s,roberts5100wrs,41710-54741,WR,s,Seth Roberts,roberts,3.85833327,12,5100,BAL@CLE,BAL,CLE,,,,,,ryland,ryland,seth,roberts5100wrs
ross5200wrj,75.75,John Ross,5200,CIN,@MIA,,,7.5,15.5,1.2,1.72,1.4,3,12,5.78,-4,0.77,0,0,2,0,0.56,3.9,48,23.8,22.3,1.3,-1.5,46,40,0,0,0,0,0,0,0,0,0,0,0,0,0,0,0,0,0,0,0,0,0.38,0.13,0.13,77,0.65,0.11,3.6,-300,1.2,0.12,100,0,0,20,8.2,0.6,-800,1.34,0.17,50,0.12,0.12,16,WR,16,0,0,0,0,6,2,48,24,17.5,0.5,6.9,0.333,0,0.181,0.5,0.211,0,0,0,0,0,0,0,0,0,0,ross,john ross,j,ross5200wrj,41710-41475,WR,j,John Ross III,ross,10.66666667,6,5200,CIN@MIA,CIN,MIA,,,,,,ryland,ryland,john,ross5200wrj
samuel6000wrc,64.9,Curtis Samuel,6000,CAR,@IND,,,8.2,12.5,0.1,0.59,1.4,3,3.1,7.61,-30,0.58,1,5.5,1,0,0.4,1.5,61,19.3,26.8,-0.5,7.5,46,47,0,0,0,0,0,0,0,0,0,0,0,0,0,0,0,0,0,0,0,0,1.38,0.88,0.56,0,0,0,9.8,300,1.18,0.15,100,0.5,0,40,10.2,2.1,0,1.24,0.17,71,0.33,0.09,21,WR,16,0,0,0,0,7,3,44,20,12,0.4,6.8,0.333,0,0.192,0.35,0.17,0,0,0,0,0,0,0,0,0,0,samuel,curtis samuel,c,samuel6000wrc,41710-52613,WR,c,Curtis Samuel,samuel,9.950000218,14,6000,CAR@IND,CAR,IND,Q,Knee,,,,ryland,ryland,curtis,samuel6000wrc
sharpe4700wrt,59.97,Tajae Sharpe,4700,TEN,NO,,,4.2,11.6,0.2,-0.44,0.9,0.5,21.4,4.64,-16,0.67,0,0,1,0,0.56,1.3,25,22.8,26.3,-1.5,3.5,49,26,0,0,0,0,0,0,0,0,0,0,0,0,0,0,0,0,0,0,0,0,0.19,0.13,0.06,55,0.55,0.35,2.1,0,1.04,0.09,50,0,0.5,40,3.1,-0.9,-1300,1.65,0.12,50,0.16,0.33,18,WR,16,0,0,0,0,1,1,16,10,13,0.1,7.2,0.667,0,0.068,0.083,0.068,0,0,0,0,0,0,0,0,0,0,sharpe,tajae sharpe,t,sharpe4700wrt,41710-47523,WR,t,Tajae Sharpe,sharpe,4.200000069,11,4700,NO@TEN,TEN,NO,,,,,,ryland,ryland,tajae,sharpe4700wrt
shepard6300wrs,82.43,Sterling Shepard,6300,NYG,@WAS,,,9.8,18.3,1.1,1.51,1.6,6.5,16.6,8.29,-5,0.76,1,1,3,0,0.96,-0.2,59,21.5,20.5,1.7,-1,42,51,0,0,0,0,0,0,0,0,0,0,0,0,0,0,0,0,0,0,0,0,0.94,0.44,0.06,44,0.59,0.01,8.4,-200,0.95,0.15,100,0.33,0,60,6.6,1.4,300,0.72,0.11,52,0.26,0.3,23,WR,16,0,0,0,0,8,5,64,22,11.4,0.2,7.7,0.143,0,0.24,0.133,0.251,0,0,0,0,0,0,0,0,0,0,shepard,sterling shepard,s,shepard6300wrs,41710-27477,WR,s,Sterling Shepard,shepard,11.28750038,8,6300,NYG@WAS,NYG,WAS,,,,,,ryland,ryland,sterling,shepard6300wrs
sims5700wrs,55.45,Steven Sims,5700,WAS,NYG,,,7.3,12.7,0.3,0.38,1.3,0.5,22.3,6.92,-11,0.76,1,3,0,0,0.11,2.5,19,20.5,21.5,-1.8,1,42,49,0,0,0,0,0,0,0,0,0,0,0,0,0,0,0,0,0,0,0,0,0.29,0.14,0.07,44,0.59,0.01,7.4,1100,1.05,0.21,100,0.25,0,40,3.9,-0.6,-300,0.77,0.2,55,0.11,0.22,18,WR,16,0,0,0,0,3,2,15,8,7.2,0.1,4.3,0.333,0,0.126,0.091,0.082,0,0,0,0,0,0,0,0,0,0,sims,steven sims,s,sims5700wrs,41710-62994,WR,s,Steven Sims Jr.,sims,3.871428626,14,5700,NYG@WAS,WAS,NYG,,,,,,ryland,ryland,steven,sims5700wrs
slayton6000wrd,82.45,Darius Slayton,6000,NYG,@WAS,,,8.9,18.3,1.7,1.29,1.5,6.5,0,7.61,-6,0.76,1,2,5,0,0.94,-0.2,52,21.5,20.5,1.7,-1,42,51,0,0,0,0,0,0,0,0,0,0,0,0,0,0,0,0,0,0,0,0,0.43,0.29,0.14,44,0.59,0.01,14,-300,2.08,0.28,100,0.25,0,40,9.1,2.5,0,1.51,0.17,60,0.25,0.2,20,WR,16,0,0,0,0,6,3,57,25,15.7,0.7,9.8,0.333,0,0.174,0.364,0.243,0,0,0,0,0,0,0,0,0,0,slayton,darius slayton,d,slayton6000wrd,41710-63819,WR,d,Darius Slayton,slayton,11.58333333,12,6000,NYG@WAS,NYG,WAS,,,,,,ryland,ryland,darius,slayton6000wrd
smith-schuster6800wrj,65.73,J. Smith-Schuster,6800,PIT,@NYJ,,,7.6,14.5,0.1,-1.83,1.1,3,3.2,9.43,-12,0.7,0,1.5,2,0,0.96,2.2,52,19.8,16.8,-1.2,-3,36.5,59,0,0,0,0,0,0,0,0,0,0,0,0,0,0,0,0,0,0,0,0,0.56,0.06,0.06,39,0.68,0.02,0,300,0,0,0,0,1,40,6.8,-1.8,800,0.95,0.13,29,0.08,0.58,24,WR,16,0,0,0,0,7,4,56,26,12.5,0.3,7.4,0.111,0,0.2,0.235,0.241,0,0,0,0,0,0,0,0,0,0,smith-schuster,j. smith-schuster,j,smith-schuster6800wrj,41710-55987,WR,j,JuJu Smith-Schuster,smith-schuster,8.740000153,10,6800,PIT@NYJ,PIT,NYJ,,,,,,ryland,ryland,juju,smith-schuster6800wrj
smith4500wrt,63.93,Tre'Quan Smith,4500,NO,@TEN,,,4.9,10.8,0,0.71,1.1,0.5,1.8,4.19,-17,0.62,1,1,1,0,0.56,2.9,40,26.3,22.8,-1,-3.5,49,74,0,0,0,0,0,0,0,0,0,0,0,0,0,0,0,0,0,0,0,0,0.31,0.13,0,55,0.55,0.35,7.5,0,2.98,0.16,100,0.6,0,50,40,0.2,-1500,1.93,0.1,41,0.25,0.41,24,WR,16,0,0,0,0,2,1,18,12,12.9,0.5,8.5,0.8,0,0.06,0.208,0.068,0,0,0,0,0,0,0,0,0,0,smith,tre'quan smith,t,smith4500wrt,41710-57342,WR,t,Tre'Quan Smith,smith,5.8125,8,4500,NO@TEN,NO,TEN,,,,,,ryland,ryland,tre'quan,smith4500wrt
smith4900wrv,43.75,Vyncint Smith,4900,NYJ,PIT,,,5,7.7,0,-0.1,1,0.5,4.7,5.1,-28,0.41,0,0,0,0,0.07,0.2,23,16.8,19.8,-1.2,3,36.5,41,0,0,0,0,0,0,0,0,0,0,0,0,0,0,0,0,0,0,0,0,0.38,0.08,0.08,39,0.68,0.02,3.9,300,1.31,0.15,100,0,0,40,3.1,-1,-1100,1.28,0.13,40,0.09,0.22,22,WR,16,0,0,0,0,2,1,16,13,14.7,0.1,8.1,0,0,0.07,0.056,0.07,0,0,0,0,0,0,0,0,0,0,smith,vyncint smith,v,smith4900wrv,41710-84101,WR,v,Vyncint Smith,smith,2.581818147,11,4900,PIT@NYJ,NYJ,PIT,,,,,,ryland,ryland,vyncint,smith4900wrv
snead4600wrw,51.76,Willie Snead,4600,BAL,@CLE,,,4.4,8.3,0,-0.02,1,0.5,0,4.42,-27,0.44,0,0,0,0,0.5,-0.5,44,29,19.5,-0.3,-9.5,48.5,76,0,0,0,0,0,0,0,0,0,0,0,0,0,0,0,0,0,0,0,0,0.5,0.19,0.06,45,0.63,0.02,5.8,0,2.31,0.16,80,0.4,0.2,50,5.1,0.2,-1400,1.91,0.12,57,0.19,0.23,21,WR,16,0,0,0,0,2,1,21,14,11.8,0.3,8.1,0.429,0,0.1,0.143,0.101,0,0,0,0,0,0,0,0,0,0,snead,willie snead,w,snead4600wrw,41710-44449,WR,w,Willie Snead IV,snead,5.42142868,14,4600,BAL@CLE,BAL,CLE,,,,,,ryland,ryland,willie,snead4600wrw
sutton7100wrc,82.59,Courtland Sutton,7100,DEN,DET,,,11.9,18.5,1.4,1.78,1.7,14.5,6.6,10.12,-4,0.42,0.92,7.5,4,0,0.58,3.6,60,24.8,15.3,2.5,-9.5,40,66,0,0,0,0,0,0,0,0,0,0,0,0,0,0,0,0,0,0,0,0,1.19,0.5,0.19,58,0.14,0.01,10.1,300,1.35,0.19,50,0.25,0.5,40,11.9,3.3,1100,1.37,0.2,70,0.5,0.15,20,WR,16,0,0,0,0,7,4,69,33,15.8,0.4,9.4,0.222,0,0.238,0.412,0.315,0,0,0,0,0,0,0,0,0,0,sutton,courtland sutton,c,sutton7100wrc,41710-57403,WR,c,Courtland Sutton,sutton,12.32999965,14,7100,DET@DEN,DEN,DET,,,,,,ryland,ryland,courtland,sutton7100wrc
tate6200wrg,66.88,Golden Tate,6200,NYG,@WAS,,,8.2,16.2,1.9,0.14,1.3,3,12.6,8.06,-13,0.8,1,1.5,1,0,0.43,-0.2,52,21.5,20.5,1.7,-1,42,51,0,0,0,0,0,0,0,0,0,0,0,0,0,0,0,0,0,0,0,0,0.58,0,0,44,0.59,0.01,4.5,-200,0.85,0.1,33,0,0.66,60,8.6,1.2,200,1.24,0.17,48,0.18,0.22,27,WR,16,0,0,0,0,6,4,50,26,12.7,0.5,7.1,0.143,0,0.191,0.2,0.202,0,0,0,0,0,0,0,0,0,0,tate,golden tate,g,tate6200wrg,41710-11485,WR,g,Golden Tate,tate,11.08888923,9,6200,NYG@WAS,NYG,WAS,,,,,,ryland,ryland,golden,tate6200wrg
thomas9000wrm,95.88,Michael Thomas,9000,NO,@TEN,,,18.1,28.3,2.6,3.65,2,35.5,25.6,14.45,0,0.06,1,8.5,8,0,0.98,2.9,59,26.3,22.8,-1,-3.5,49,74,0,0,0,0,0,0,0,0,0,0,0,0,0,0,0,0,0,0,0,0,1.69,0.63,0.31,55,0.55,0.35,20.7,-200,1.8,0.38,80,0.6,0.2,50,18.7,4.5,3000,1.67,0.32,69,0.34,0.13,23,WR,16,0,0,0,0,11,9,105,26,11.3,0.6,9.2,0.296,0,0.324,0.281,0.391,0,0,0,0,0,0,0,0,0,0,thomas,michael thomas,m,thomas9000wrm,41710-28573,WR,m,Michael Thomas,thomas,19.19999913,14,9000,NO@TEN,NO,TEN,,,,,,ryland,ryland,michael,thomas9000wrm
turner5100wrm,48.7,Malik Turner,5100,SEA,ARI,,,4.3,10.6,0,-1.26,0.8,0.5,2.8,5.56,-18,0.61,0,0,1,0,0.15,1.4,15,29.5,21.5,-1,-8,51,50,0,0,0,0,0,0,0,0,0,0,0,0,0,0,0,0,0,0,0,0,0.14,0,0,44,0.74,0.11,3.9,400,1.93,0.24,75,0.25,0.25,40,2.3,-0.2,-900,1.61,0.16,36,0.09,0.31,22,WR,16,0,0,0,0,1,1,17,13,15.9,0.1,8.9,0,0,0.047,0.038,0.063,0,0,0,0,0,0,0,0,0,0,turner,malik turner,m,turner5100wrm,41710-55088,WR,m,Malik Turner,turner,3.911111196,9,5100,ARI@SEA,SEA,ARI,,,,,,ryland,ryland,malik,turner5100wrm
ward5700wrg,61.89,Greg Ward Jr,5700,PHI,DAL,,,8.1,14.7,0.2,1.18,1.4,6.5,9.6,6.92,-18,0.56,0.94,8.5,1,0,0.4,0.7,50,22.5,24.5,0,2,47,31,0,0,0,0,0,0,0,0,0,0,0,0,0,0,0,0,0,0,0,0,1.2,0.4,0.4,38,0.73,0.01,7.3,1200,1.04,0.15,75,0.5,0.25,40,5.8,0.3,-300,0.83,0.12,16,0.11,0.11,18,WR,16,0,0,0,0,7,4,35,10,7.8,0.3,4.5,0.167,0,0.156,0.111,0.121,0,0,0,0,0,0,0,0,0,0,ward,greg ward jr,g,ward5700wrg,41710-40434,WR,g,Greg Ward,ward,7.25,4,5700,DAL@PHI,PHI,DAL,,,,,,ryland,ryland,greg,ward5700wrg
washington6600wrj,58.95,James Washington,6600,PIT,@NYJ,,,7.2,13.4,0.1,-1.78,1.1,0.5,6.6,8.98,-3,0.8,0.71,3.5,1,0,0.47,2.2,42,19.8,16.8,-1.2,-3,36.5,59,0,0,0,0,0,0,0,0,0,0,0,0,0,0,0,0,0,0,0,0,0.13,0.06,0.06,39,0.68,0.02,13.1,500,2.02,0.27,100,0.5,0,40,6.8,0.7,600,1.37,0.16,52,0.19,0.33,21,WR,16,0,0,0,0,4,2,50,28,18,0.2,10,0.5,0,0.147,0.15,0.22,0,0,0,0,0,0,0,0,0,0,washington,james washington,j,washington6600wrj,41710-55748,WR,j,James Washington,washington,8.069230887,13,6600,PIT@NYJ,PIT,NYJ,,,,,,ryland,ryland,james,washington6600wrj
westbrook5700wrd,63.97,Dede Westbrook,5700,JAX,@ATL,,,8.1,13.5,0.1,1.18,1.4,3,1.5,6.92,-17,0.64,0.75,2,1,0,0.63,-0.6,51,20.3,27.8,1.3,7.5,48,41,0,0,0,0,0,0,0,0,0,0,0,0,0,0,0,0,0,0,0,0,0.75,0.44,0.25,0,0,0,9,400,1.24,0.16,75,0.5,0.25,40,7.1,0.6,-300,0.85,0.14,57,0.23,0.23,21,WR,16,0,0,0,0,6,4,42,19,9.5,0.1,5.5,0.182,0,0.208,0.1,0.183,0,0,0,0,0,0,0,0,0,0,westbrook,dede westbrook,d,westbrook5700wrd,41710-60910,WR,d,Dede Westbrook,westbrook,7.961538462,13,5700,JAC@ATL,JAC,ATL,,,,,,ryland,ryland,dede,westbrook5700wrd
williams5600wrt,68.73,Tyrell Williams,5600,OAK,@LAC,,,7.5,15,1.7,0.8,1.3,0.5,10.2,6.7,8,0.89,0,0.5,2,0,0.62,-2,54,18.8,26.3,-2,7.5,45,55,0,0,0,0,0,0,0,0,0,0,0,0,0,0,0,0,0,0,0,0,0.69,0.38,0.19,63,0.6,0.09,5.2,-800,1.22,0.09,50,0.25,0.5,40,8.3,1.5,-400,1.78,0.15,50,0.31,0.31,22,WR,16,0,0,0,0,4,2,43,22,14.7,0.4,9.4,0.364,0,0.155,0.333,0.187,0,0,0,0,0,0,0,0,0,0,williams,tyrell williams,t,williams5600wrt,41710-62535,WR,t,Tyrell Williams,williams,9.325000127,12,5600,OAK@LAC,OAK,LAC,,,,,,ryland,ryland,tyrell,williams5600wrt
williams6500wrm,70.17,Mike Williams,6500,LAC,OAK,,,9.5,17.6,2.2,0.75,1.5,6.5,6.6,8.75,-3,0.72,0,0,2,0,0.4,0.9,53,26.3,18.8,0,-7.5,45,45,0,0,0,0,0,0,0,0,0,0,0,0,0,0,0,0,0,0,0,0,1,0.5,0.38,63,0.6,0.09,14.2,800,2.24,0.28,100,1,0,30,90,1.3,500,1.46,0.17,76,0.2,0.08,25,WR,16,0,0,0,0,6,3,65,33,19.7,0.2,12.8,0.125,0,0.171,0.143,0.238,0,0,0,0,0,0,0,0,0,0,williams,mike williams,m,williams6500wrm,41710-39829,WR,m,Mike Williams,williams,9.646153964,13,6500,OAK@LAC,LAC,OAK,,,,,,ryland,ryland,mike,williams6500wrm
wilson5400wra,52.46,Albert Wilson,5400,MIA,CIN,,,5.8,12.7,0.1,-0.44,1.1,3,12.3,6.24,-24,0.59,1,3.5,0,0,0.15,0,28,22.3,23.8,-1.2,1.5,46,60,0,0,0,0,0,0,0,0,0,0,0,0,0,0,0,0,0,0,0,0,0.5,0.21,0.21,77,0.65,0.11,6.2,700,1,0.18,75,0.75,0.25,40,3.3,-0.2,-600,0.71,0.12,38,0.22,0.38,18,WR,16,0,0,0,0,4,2,19,10,6.9,0.1,4.2,0.167,0,0.115,0.063,0.077,0,0,0,0,0,0,0,0,0,0,wilson,albert wilson,a,wilson5400wra,41710-48344,WR,a,Albert Wilson,wilson,4.218181957,11,5400,CIN@MIA,MIA,CIN,,,,,,ryland,ryland,albert,wilson5400wra
wright4600wrj,44.42,Jarius Wright,4600,CAR,@IND,,,3,6.3,0,-1.42,0.7,0.5,2.4,4.42,-33,0.31,0,0,0,0,0.15,1.5,44,19.3,26.8,-0.5,7.5,46,47,0,0,0,0,0,0,0,0,0,0,0,0,0,0,0,0,0,0,0,0,0.25,0,0,0,0,0,3.1,0,0.81,0.06,75,0,0.25,40,3.1,-1.1,-1400,0.81,0.07,52,0.09,0.28,21,WR,16,0,0,0,0,3,2,22,13,10.5,0,6.6,0,0,0.101,0,0.085,0,0,0,0,0,0,0,0,0,0,wright,jarius wright,j,wright4600wrj,41710-22054,WR,j,Jarius Wright,wright,2.75,14,4600,CAR@IND,CAR,IND,,,,,,ryland,ryland,jarius,wright4600wrj
zaccheaus4500wro,42.49,Olamide Zaccheaus,4500,ATL,JAX,,,2.3,5,0,-1.89,0.5,0.5,0,4.19,-36,0.23,0,0,0,0,0.56,0.1,7,27.8,20.3,1.3,-7.5,48,59,0,0,0,0,0,0,0,0,0,0,0,0,0,0,0,0,0,0,0,0,0,0,0,0,0,0,4,0,5.27,0.4,25,0.25,0.75,40,1.1,-0.2,-1500,2.97,0.16,5,0.05,0.72,18,WR,16,0,0,0,0,0,0,11,11,93,0.1,5.8,0,0,0.009,0.067,0.038,0,0,0,0,0,0,0,0,0,0,zaccheaus,olamide zaccheaus,o,zaccheaus4500wro,41710-64496,WR,o,Olamide Zaccheaus,zaccheaus,7.900000095,2,4500,JAC@ATL,ATL,JAC,,,,,,ryland,ryland,olamide,zaccheaus4500wro
