,rating,name,salary,team,opp,, ,proj,ceil,floor,proj+-,pts/sal,proj_own,act_pts,impld_pts,lev_rank,leverage,sr,buzz,pro,my,bargain,opp+-,snaps,pts,opppts,delta,spread,o/u,spread%,comp,att,yards,%,y/a,adj ypa,td,long,%rb,%wr,%te,%td,int%,sack%,rush-att,not sure,rush_yards,rush_y/a,rush_td,success,rz_opp,rz_opp10,rz-opp5,temp,humidity,precip%,month_ppg,month_change,month_fpo,month_fps,consistency,upside,duds,count,year_ppg,year+-,year_change,year_fpo,year_fps,year_consistency,year_upside,year_duds,year_count,pos,week,rush_td%,rush_yards%,snaps%,rush_att,rec_trgts,not_sure2,rec_yards,rec_long,rec_yr,rec_td,rec_yt,rz_td_pct,rz_succ%,rec_trgts%,rec_td%,rec_yds%,proj_sacks,pass_succ,rush_succ,takeaway%,td%,ypp,rz_snaps,rz_snaps10,rz_snaps5,TD%,Last Name_master,City Name_master,First Name_master,RylandID_master,Player ID + Player Name,Id,Position,First Name,Nickname,Last Name,FPPG,Played,Salary,Game,Team,Opponent,Injury Indicator,Injury Details,Tier,City Name,City Name2,City Name3,RylandID
arizona4200,65.86,Arizona,4200,ARI,@NYJ,,,7,14.2,-0.2,0.68,1.7,6.5,7,6.32,3,0.86,0,0,3,0,0.99,1.5,0,27.8,20.8,0.5,-7,48.5,62,0,0,0,0,0,0,0,0,0,0,0,0,1.43,6.95,0,0,0,0,0,0,0,0,0,67,0.54,0.01,4.5,900,0,0,100,0.5,0,40,4.7,-0.4,900,0,0,80,0.53,0.2,15,D,520,0,0,0,0,0,0,0,0,0,0,0,0,0,0,0,0,2.6,0.5205,0.4342,0.0084,0.0446,7.82,11.4,5.53,30,0.2105,arizona,arizona,a,arizona4200,50700-12546:Arizona Cardinals,50700-12546,D,a,Arizona Cardinals,cardinals,5,4,4200,ARI@NYJ,ARI,NYJ,,,,Cardinals,Cardinals,arizona,arizona4200
atlanta3300,54.07,Atlanta,3300,ATL,CAR,,,6.6,13.3,-0.1,3.17,2,0.5,0,3.43,4,0.89,0,0,2,0,0.98,-0.6,0,28,25.5,0.7,-2.5,53.5,53,0,0,0,0,0,0,0,0,0,0,0,0,2.19,5.46,0,0,0,0,0,0,0,0,0,0,0,0,1.4,-300,0,0,40,0.2,0.6,50,5.4,0.1,-300,0,0,58,0.41,0.41,17,D,520,0,0,0,0,0,0,0,0,0,0,0,0,0,0,0,0,2.4,0.5282,0.5081,0.0131,0.0456,7.72,10.07,6.64,4.21,0.2185,atlanta,atlanta,a,atlanta3300,50700-12525:Atlanta Falcons,50700-12525,D,a,Atlanta Falcons,falcons,1.75,4,3300,CAR@ATL,ATL,CAR,,,,Falcons,Falcons,atlanta,atlanta3300
baltimore4900,67.31,Baltimore,4900,BAL,CIN,,,8.9,17.7,0.1,0.33,1.8,10.5,26,8.57,3,0.86,0,0,3,0,0.62,-0.3,0,30.8,18.3,-2.2,-12.5,49,48,0,0,0,0,0,0,0,0,0,0,0,0,2.06,6.73,0,0,0,0,0,0,0,0,0,67,0.94,0.82,10.8,100,0,0,100,0.75,0,40,11.1,2.7,100,0,0,95,0.75,0.05,20,D,520,0,0,0,0,0,0,0,0,0,0,0,0,0,0,0,0,3.5,0.4561,0.4561,0.0127,0.0342,6.15,7.79,4.25,3.5,0.1743,baltimore,baltimore,b,baltimore4900,50700-12555:Baltimore Ravens,50700-12555,D,b,Baltimore Ravens,ravens,10.75,4,4900,CIN@BAL,BAL,CIN,,,,Ravens,Ravens,baltimore,baltimore4900
carolina3500,28.78,Carolina,3500,CAR,@ATL,,,5.2,10.7,-0.3,1.13,1.5,3,5,4.07,-9,0.2,0,0,1,0,0.53,-2.4,0,25.5,28,1.7,2.5,53.5,47,0,0,0,0,0,0,0,0,0,0,0,0,2.38,7.14,0,0,0,0,0,0,0,0,0,0,0,0,4,100,0,0,75,0.25,0.25,40,40,-1.2,100,0,0,73,0.2,0.26,15,D,520,0,0,0,0,0,0,0,0,0,0,0,0,0,0,0,0,2.2,0.5119,0.5443,0.0133,0.0593,7.57,10.8,4.87,3.17,0.2716,carolina,carolina,c,carolina3500,50700-12553:Carolina Panthers,50700-12553,D,c,Carolina Panthers,panthers,4,4,3500,CAR@ATL,CAR,ATL,,,,Panthers,Panthers,carolina,carolina3500
cincinnati3100,45.77,Cincinnati,3100,CIN,@BAL,,,4.7,10.1,-0.7,1.92,1.5,0.5,3,2.78,-6,0.35,0,0,1,0,0.73,0.4,0,18.3,30.8,-0.7,12.5,49,52,0,0,0,0,0,0,0,0,0,0,0,0,2.63,6.68,0,0,0,0,0,0,0,0,0,67,0.94,0.82,3.3,-500,0,0,75,0.5,0.25,40,4.5,-0.2,-500,0,0,73,0.53,0.26,15,D,520,0,0,0,0,0,0,0,0,0,0,0,0,0,0,0,0,2.1,0.4676,0.5043,0.0135,0.0385,7.82,10.86,60,3.54,0.1645,cincinnati,cincinnati,c,cincinnati3100,50700-12528:Cincinnati Bengals,50700-12528,D,c,Cincinnati Bengals,bengals,3.25,4,3100,CIN@BAL,CIN,BAL,,,,Bengals,Bengals,cincinnati,cincinnati3100
cleveland3800,36.13,Cleveland,3800,CLE,IND,,,6.3,13.2,-0.6,1.27,1.7,3,12,5.03,-3,0.51,0,0,2,0,0.53,-2.7,0,24.8,23.8,1.3,-1,48.5,58,0,0,0,0,0,0,0,0,0,0,0,0,2.6,6.12,0,0,0,0,0,0,0,0,0,63,0.75,0.02,6.3,800,0,0,75,0.5,0.25,40,6.1,-0.4,800,0,0,87,0.43,0.12,16,D,520,0,0,0,0,0,0,0,0,0,0,0,0,0,0,0,0,2.1,0.5158,0.5146,0.0148,0.0505,7.27,12.43,6.29,3.69,0.2241,cleveland,cleveland,c,cleveland3800,50700-12529:Cleveland Browns,50700-12529,D,c,Cleveland Browns,browns,5.75,4,3800,IND@CLE,CLE,IND,,,,Browns,Browns,cleveland,cleveland3800
dallas3500,77.61,Dallas,3500,DAL,NYG,,,7.1,14.1,0.1,3.03,2,14.5,9,4.07,-5,0.4,0,0,4,0,0.98,2.7,0,29.8,22.3,-2,-7.5,52,61,0,0,0,0,0,0,0,0,0,0,0,0,1.35,6.76,0,0,0,0,0,0,0,0,0,0,0,0,-0.3,-300,0,0,25,0,0.75,40,5.5,-1.2,-300,0,0,75,0.35,0.25,20,D,520,0,0,0,0,0,0,0,0,0,0,0,0,0,0,0,0,2.7,0.5,0.4942,0.0074,0.0452,7.22,10.73,5.5,3.18,0.1925,dallas,dallas,d,dallas3500,50700-12530:Dallas Cowboys,50700-12530,D,d,Dallas Cowboys,cowboys,0.25,4,3500,NYG@DAL,DAL,NYG,,,,Cowboys,Cowboys,dallas,dallas3500
houston3700,65.46,Houston,3700,HOU,JAX,,,6.5,13.4,-0.4,1.79,1.8,3,11,4.71,-1,0.63,0,0,3,0,0.53,2.4,0,30.8,24.3,0.3,-6.5,55,57,0,0,0,0,0,0,0,0,0,0,0,0,2.01,5.43,0,0,0,0,0,0,0,0,0,0,0,0,2.3,700,0,0,100,0,0,30,5.1,-1.2,700,0,0,81,0.36,0.18,22,D,520,0,0,0,0,0,0,0,0,0,0,0,0,0,0,0,0,2.5,0.5191,0.4945,0.0106,0.0537,80,11.4,5.71,3.67,0.2398,houston,houston,h,houston3700,50700-12556:Houston Texans,50700-12556,D,h,Houston Texans,texans,1.75,4,3700,JAC@HOU,HOU,JAC,,,,Texans,Texans,houston,houston3700
indianapolis4500,31.25,Indianapolis,4500,IND,@CLE,,,7,13.7,0.3,-0.29,1.6,0.5,11,7.29,6,0.94,0,0,1,0,0.45,-3,0,23.8,24.8,0.3,1,48.5,42,0,0,0,0,0,0,0,0,0,0,0,0,3.9,7.41,0,0,0,0,0,0,0,0,0,63,0.75,0.02,13,800,0,0,100,0.75,0,40,8.4,0.8,800,0,0,83,0.61,0.16,18,D,520,0,0,0,0,0,0,0,0,0,0,0,0,0,0,0,0,2.6,0.499,0.419,0.023,0.0379,7.08,7.93,4.5,2.67,0.1849,indianapolis,indianapolis,i,indianapolis4500,50700-12535:Indianapolis Colts,50700-12535,D,i,Indianapolis Colts,colts,13,4,4500,IND@CLE,IND,CLE,,,,Colts,Colts,indianapolis,indianapolis4500
jacksonville3600,51.31,Jacksonville,3600,JAX,@HOU,,,5.7,11.3,0.1,1.31,1.6,3,4,4.39,-7,0.3,0,0,1,0,0.78,1.3,0,24.3,30.8,0.8,6.5,55,43,0,0,0,0,0,0,0,0,0,0,0,0,2.55,7.43,0,0,0,0,0,0,0,0,0,0,0,0,1.6,100,0,0,40,0.2,0.6,50,5.4,-1.1,100,0,0,68,0.56,0.31,16,D,520,0,0,0,0,0,0,0,0,0,0,0,0,0,0,0,0,2.7,0.5435,0.5126,0.0133,0.0518,8.12,9.53,50,3.29,0.2448,jacksonville,jacksonville,j,jacksonville3600,50700-12554:Jacksonville Jaguars,50700-12554,D,j,Jacksonville Jaguars,jaguars,2,4,3600,JAC@HOU,JAC,HOU,,,,Jaguars,Jaguars,jacksonville,jacksonville3600
kansas city4300,38.94,Kansas City,4300,KC,LV,,,6.3,13.4,-0.8,-0.34,1.5,6.5,-1,6.64,-2,0.57,0,0,3,0,0.73,-1.9,0,32.8,21.8,-1.2,-11,54.5,59,0,0,0,0,0,0,0,0,0,0,0,0,3.12,8.44,0,0,0,0,0,0,0,0,0,78,0.57,0,10.7,0,0,0,100,0.66,0,30,9.8,2.8,100,0,0,100,0.68,0,22,D,520,0,0,0,0,0,0,0,0,0,0,0,0,0,0,0,0,2.5,0.4532,0.5094,0.0186,0.0338,6.57,8.27,4.07,2.38,0.1935,city,kansas city,k,kansas city4300,50700-12536:Kansas City Chiefs,50700-12536,D,k,Kansas City Chiefs,chiefs,9.75,4,4300,LV@KC,KC,LV,,,,City,City,kansas city,kansas city4300
la rams5000,66.09,LA Rams,5000,LA,@WAS,,,8.1,16.3,-0.1,-0.79,1.6,10.5,12,8.89,1,0.78,0,0,2,0,0.62,0.9,0,26,19,-1.8,-7,45,59,0,0,0,0,0,0,0,0,0,0,0,0,2.41,9.44,0,0,0,0,0,0,0,0,0,67,0.98,0.81,6.5,1300,0,0,100,0.5,0,40,8.9,1.2,1300,0,0,83,0.61,0.16,18,D,520,0,0,0,0,0,0,0,0,0,0,0,0,0,0,0,0,2.9,0.4889,0.5062,0.0139,0.0371,6.75,10,60,4.33,0.2,rams,la rams,l,la rams5000,50700-12538:Los Angeles Rams,50700-12538,D,l,Los Angeles Rams,rams,6.5,4,5000,LAR@WAS,LAR,WAS,,,,Angeles,LA,la rams,la rams5000
las vegas3000,39.47,Las Vegas,3000,LV,@KC,,,4.4,9.5,-0.7,1.94,1.5,0.5,4,2.46,-7,0.3,0,0,1,0,0.62,-0.4,0,21.8,32.8,-0.2,11,54.5,41,0,0,0,0,0,0,0,0,0,0,0,0,1.64,5.53,0,0,0,0,0,0,0,0,0,78,0.57,0,1.2,-200,0,0,50,0,0.5,60,3.9,-1.7,-200,0,0,66,0.22,0.33,18,D,520,0,0,0,0,0,0,0,0,0,0,0,0,0,0,0,0,1.8,0.5287,0.5381,0.0091,0.0533,8.21,10.13,50,3.21,0.25,vegas,las vegas,l,las vegas3000,50700-12537:Las Vegas Raiders,50700-12537,D,l,Las Vegas Raiders,raiders,1.25,4,3000,LV@KC,LV,KC,,,,Vegas,Vegas,las vegas,las vegas3000
miami3600,49.84,Miami,3600,MIA,@SF,,,5.3,11,-0.4,0.91,1.5,0.5,12,4.39,-3,0.51,0,0,2,0,0.45,1.3,0,21,29.5,0.7,8.5,50.5,51,0,0,0,0,0,0,0,0,0,0,0,0,2.51,4.84,0,0,0,0,0,0,0,0,0,74,0.44,0,6.2,100,0,0,100,0.4,0,50,50,0,100,0,0,94,0.35,0.05,17,D,520,0,0,0,0,0,0,0,0,0,0,0,0,0,0,0,0,2.3,0.5215,0.5045,0.014,0.0489,7.8,10,4.6,2.42,0.2125,miami,miami,m,miami3600,50700-12539:Miami Dolphins,50700-12539,D,m,Miami Dolphins,dolphins,5.25,4,3600,MIA@SF,MIA,SF,,,,Dolphins,Dolphins,miami,miami3600
ny giants3200,47.69,NY Giants,3200,NYG,@DAL,,,5.1,10.7,-0.5,1.99,1.6,3,11,3.11,-9,0.2,0,0,1,0,0.62,0.4,0,22.3,29.8,0,7.5,52,39,0,0,0,0,0,0,0,0,0,0,0,0,1.23,6.13,0,0,0,0,0,0,0,0,0,0,0,0,3.5,-200,0,0,75,0.5,0.25,40,3.9,-1.4,-200,0,0,68,0.43,0.31,16,D,520,0,0,0,0,0,0,0,0,0,0,0,0,0,0,0,0,2.1,0.5092,0.4069,0.0067,0.0479,7.38,9.64,4.25,30,0.2296,giants,ny giants,n,ny giants3200,50700-12543:New York Giants,50700-12543,D,n,New York Giants,giants,4,4,3200,NYG@DAL,NYG,DAL,,,,York,NY,ny giants,ny giants3200
ny jets3400,37.46,NY Jets,3400,NYJ,ARI,,,5.4,11,-0.2,1.65,1.6,0.5,2,3.75,1,0.78,0,0,1,0,0.68,-1.4,0,20.8,27.8,1,7,48.5,38,0,0,0,0,0,0,0,0,0,0,0,0,2.11,6.16,0,0,0,0,0,0,0,0,0,67,0.54,0.01,5.4,-500,0,0,80,0.6,0.2,50,6.5,0.7,-500,0,0,94,0.52,0.05,19,D,520,0,0,0,0,0,0,0,0,0,0,0,0,0,0,0,0,2.6,0.4859,0.3554,0.012,0.0407,6.86,11.33,6.23,3.58,0.1647,jets,ny jets,n,ny jets3400,50700-12544:New York Jets,50700-12544,D,n,New York Jets,jets,4.75,4,3400,ARI@NYJ,NYJ,ARI,,,,York,NY,ny jets,ny jets3400
philadelphia4000,30.67,Philadelphia,4000,PHI,@PIT,,,6,12.9,-0.9,0.32,1.5,0.5,-1,5.68,0,0.72,0,0,0,0,0.45,-2.6,0,18.3,25.8,-0.7,7.5,44,40,0,0,0,0,0,0,0,0,0,0,0,0,1.27,8.36,0,0,0,0,0,0,0,0,0,71,0.73,0.14,7,-500,0,0,75,0.5,0.25,40,5.1,-2.3,-500,0,0,78,0.36,0.21,19,D,520,0,0,0,0,0,0,0,0,0,0,0,0,0,0,0,0,20,0.4891,0.4242,0.0075,0.0476,7.48,9.73,5.46,4.27,0.2055,philadelphia,philadelphia,p,philadelphia4000,50700-12545:Philadelphia Eagles,50700-12545,D,p,Philadelphia Eagles,eagles,7.5,4,4000,PHI@PIT,PHI,PIT,,,,Eagles,Eagles,philadelphia,philadelphia4000
pittsburgh4400,86.05,Pittsburgh,4400,PIT,PHI,,,8.4,17.1,-0.3,1.44,1.9,14.5,8,6.96,-1,0.63,0,0,5,0,0.79,2.5,0,25.8,18.3,-0.2,-7.5,44,60,0,0,0,0,0,0,0,0,0,0,0,0,3.98,11.06,0,0,0,0,0,0,0,0,0,71,0.73,0.14,9.3,-400,0,0,100,1,0,30,10.9,30,-400,0,0,88,0.72,0.11,18,D,520,0,0,0,0,0,0,0,0,0,0,0,0,0,0,0,0,3.4,0.4336,0.4006,0.0222,0.0331,6.62,7.64,3.83,2.5,0.1963,pittsburgh,pittsburgh,p,pittsburgh4400,50700-12547:Pittsburgh Steelers,50700-12547,D,p,Pittsburgh Steelers,steelers,9.333333333,3,4400,PHI@PIT,PIT,PHI,,,,Steelers,Steelers,pittsburgh,pittsburgh4400
san francisco4600,51.22,San Francisco,4600,SF,MIA,,,7.6,14.9,0.3,-0.01,1.7,14.5,-2,7.61,-4,0.45,0,0,3,0,0.68,-1.9,0,29.5,21,0.2,-8.5,50.5,49,0,0,0,0,0,0,0,0,0,0,0,0,1.43,7.66,0,0,0,0,0,0,0,0,0,74,0.44,0,6.8,-400,0,0,100,0.25,0,40,8.9,0.3,-400,0,0,85,0.57,0.14,21,D,520,0,0,0,0,0,0,0,0,0,0,0,0,0,0,0,0,30,0.451,0.5,0.0081,0.04,6.03,7.71,4.58,3.18,0.2593,francisco,san francisco,s,san francisco4600,50700-12549:San Francisco 49ers,50700-12549,D,s,San Francisco 49ers,49ers,6.75,4,4600,MIA@SF,SF,MIA,,,,Francisco,Francisco,san francisco,san francisco4600
washington3800,32.96,Washington,3800,WAS,LA,,,6.1,13,-0.8,1.07,1.6,0.5,2,5.03,0,0.72,0,0,1,0,0.45,-2.4,0,19,26,0.7,7,45,41,0,0,0,0,0,0,0,0,0,0,0,0,2.64,10.37,0,0,0,0,0,0,0,0,0,67,0.98,0.81,6,400,0,0,100,0.25,0,40,6.4,1.4,400,0,0,93,0.5,0.06,16,D,520,0,0,0,0,0,0,0,0,0,0,0,0,0,0,0,0,2.1,0.4797,0.5109,0.0138,0.0474,7.37,10.13,4.93,2.4,0.2171,washington,washington,w,washington3800,50700-12552:Washington Football Team,50700-12552,D,w,Washington Football Team,footballteam,6,4,3800,LAR@WAS,WAS,LAR,,,,Football,Football,washington,washington3800
allen6000qbk,66.16,Kyle Allen,6000,WAS,LA,,,14.32,24.2,4.4,1.09,2.4,0.5,9.66,13.23,-6,0.33,0.83,1.3,1,0,0.31,1.9,70,19,26,0.7,7,45,41,24,39,264,60,6.6,4.3,1.2,34,23.6,53.9,17.5,3.1,4.1,8.9,2,6,10,3.7,0.2,0.357,4.27,2.53,1.53,67,0.98,0.81,0,0,0,0,0,0,0,40,14,0.1,0,0.3,0.2,60,0.33,0.13,15,QB,520,0,0,0,0,0,0,0,0,0,0,0,0,0,0,0,0,0,0,0,0,0,0,0,0,0,0,allen,kyle allen,k,allen6000qbk,50700-53095:Kyle Allen,50700-53095,QB,k,Kyle Allen,allen,14.88307659,13,6000,LAR@WAS,WAS,LAR,,,,ryland,ryland,kyle,allen6000qbk
bridgewater7100qbt,82.8,Teddy Bridgewater,7100,CAR,@ATL,,,20.14,30.9,9.4,4.75,2.8,6.5,20.82,15.39,-4,0.45,1,10,2,0,0.72,10.7,47,25.5,28,1.7,2.5,53.5,47,21,30,240,69,7.8,7.24,1,37,27.3,59.7,9.7,3.3,1.3,6,3,4,7,2.6,0.1,0.37,3.07,1.33,0.47,0,0,0,18,300,0.45,0.27,100,0.75,0,40,6.6,0.9,300,0.18,0.14,37,0.25,0.62,16,QB,520,0,0,0,0,0,0,0,0,0,0,0,0,0,0,0,0,0,0,0,0,0,0,0,0,0,0,bridgewater,teddy bridgewater,t,bridgewater7100qbt,50700-33259:Teddy Bridgewater,50700-33259,QB,t,Teddy Bridgewater,bridgewater,17.96999931,4,7100,CAR@ATL,CAR,ATL,,,,ryland,ryland,teddy,bridgewater7100qbt
burrow7300qbj,77.62,Joe Burrow,7300,CIN,@BAL,,,17.28,27,7.5,1.49,2.4,0.5,5.32,15.79,-4,0.45,0.5,1.3,1,0,0.69,4.4,76,18.3,30.8,-0.7,12.5,49,52,29,44,280,65,6.3,5.47,1.5,28,16.9,63.3,16.4,3.4,1.1,7.9,5,10,18,3.8,0.3,0.6,6.6,3.4,1.4,67,0.94,0.82,19.6,700,0.37,0.26,100,0.75,0,40,19.6,4.3,700,0.37,0.26,100,0.75,0,40,QB,520,0,0,0,0,0,0,0,0,0,0,0,0,0,0,0,0,0,0,0,0,0,0,0,0,0,0,burrow,joe burrow,j,burrow7300qbj,50700-63336:Joe Burrow,50700-63336,QB,j,Joe Burrow,burrow,19.58499908,4,7300,CIN@BAL,CIN,BAL,,,,ryland,ryland,joe,burrow7300qbj
carr6900qbd,68.09,Derek Carr,6900,LV,@KC,,,17.32,28.9,5.8,2.32,2.5,0.5,24.98,15,0,0.78,0.6,0.8,1,0,0.53,-9.3,64,21.8,32.8,-0.2,11,54.5,41,23,33,268,70,8.1,7.81,1.5,41,24.8,39.1,29.4,4.5,0.9,5.4,1,5,5,3.4,0.1,0.423,6.47,3,1.87,78,0.57,0,18.3,-200,0.46,0.27,100,0.8,0,50,17.2,1.2,-200,0.47,0.27,94,0.64,0.05,17,QB,520,0,0,0,0,0,0,0,0,0,0,0,0,0,0,0,0,0,0,0,0,0,0,0,0,0,0,carr,derek carr,d,carr6900qbd,50700-45859:Derek Carr,50700-45859,QB,d,Derek Carr,carr,17.77499962,4,6900,LV@KC,LV,KC,,,,ryland,ryland,derek,carr6900qbd
fitzpatrick7100qbr,80.25,Ryan Fitzpatrick,7100,MIA,@SF,,,17.82,27.8,7.8,2.43,2.5,0.5,27.6,15.39,-1,0.68,0,0.6,1,0,0.6,1.7,66,21,29.5,0.7,8.5,50.5,51,23,37,263,64,7.1,6.01,1.4,29,17.6,59.5,20.8,3.8,2.4,6.3,4,10,21,4.7,0.4,0.521,6.69,2.75,1.38,74,0.44,0,20.2,700,0.48,0.3,100,0.75,0,40,19.7,4.3,700,0.45,0.3,100,0.64,0,17,QB,520,0,0,0,0,0,0,0,0,0,0,0,0,0,0,0,0,0,0,0,0,0,0,0,0,0,0,fitzpatrick,ryan fitzpatrick,r,fitzpatrick7100qbr,50700-7659:Ryan Fitzpatrick,50700-7659,QB,r,Ryan Fitzpatrick,fitzpatrick,20.19000053,4,7100,MIA@SF,MIA,SF,,,,ryland,ryland,ryan,fitzpatrick7100qbr
flacco6000qbj,66.3,Joe Flacco,6000,NYJ,ARI,,,14.68,25,4.4,1.45,2.4,0.5,13.8,13.23,-5,0.39,1,0.5,1,0,0.72,3.3,51,20.8,27.8,1,7,48.5,38,15,24,145,63,6,4.06,0,31,27.1,49,17.7,0,1.3,11.1,1,2,2,1.6,0,0.2,0.6,0.33,0.27,67,0.54,0.01,0.6,0,0.32,0.16,0,0,0.25,40,5.5,-2.2,0,0.19,0.11,18,0,0.12,16,QB,520,0,0,0,0,0,0,0,0,0,0,0,0,0,0,0,0,0,0,0,0,0,0,0,0,0,0,flacco,joe flacco,j,flacco6000qbj,50700-6714:Joe Flacco,50700-6714,QB,j,Joe Flacco,flacco,0.639999986,1,6000,ARI@NYJ,NYJ,ARI,,,,ryland,ryland,joe,flacco6000qbj
garoppolo6700qbj,77.7,Jimmy Garoppolo,6700,SF,MIA,,,17.72,30.5,5,3.11,2.6,3,1.08,14.61,-2,0.6,1,1.4,1,0,0.72,3.9,62,29.5,21,0.2,-8.5,50.5,49,20,29,246,68,8.4,7.5,1.7,44,23.5,48.1,27.9,5.9,2.1,8.2,2,3,4,2.1,0.1,0.452,4.94,2.56,1.25,74,0.44,0,17.3,-600,0.64,0.37,60,0.4,0,50,15.6,-1.5,-700,0.46,0.25,65,0.3,0.26,23,QB,520,0,0,0,0,0,0,0,0,0,0,0,0,0,0,0,0,0,0,0,0,0,0,0,0,0,0,garoppolo,jimmy garoppolo,j,garoppolo6700qbj,50700-54604:Jimmy Garoppolo,50700-54604,QB,j,Jimmy Garoppolo,garoppolo,16.25,2,6700,MIA@SF,SF,MIA,,,,ryland,ryland,jimmy,garoppolo6700qbj
goff7500qbj,73.26,Jared Goff,7500,LA,@WAS,,,17.86,29.8,5.9,1.68,2.4,3,25.36,16.18,1,0.84,0.67,0.6,1,0,0.75,4.2,67,26,19,-1.8,-7,45,59,22,35,270,65,7.7,7.07,1.4,36,10.8,60.1,25.1,4,2,3.6,2,2,3,1.6,0.1,0.417,5.13,2.4,1.13,67,0.98,0.81,18.9,100,0.52,0.28,100,0.5,0,40,16.8,-0.3,100,0.43,0.25,75,0.62,0.25,16,QB,520,0,0,0,0,0,0,0,0,0,0,0,0,0,0,0,0,0,0,0,0,0,0,0,0,0,0,goff,jared goff,j,goff7500qbj,50700-38435:Jared Goff,50700-38435,QB,j,Jared Goff,goff,18.85499954,4,7500,LAR@WAS,LAR,WAS,,,,ryland,ryland,jared,goff7500qbj
jackson8900qbl,93.07,Lamar Jackson,8900,BAL,CIN,,,23.78,38.7,8.9,4.86,2.7,10.5,14.5,18.92,2,0.88,0.94,3.1,2,0,0.75,1.4,60,30.8,18.3,-2.2,-12.5,49,48,16,24,187,67,7.8,8.76,2.3,38,14.8,43,38.3,9.6,0.4,5.5,11,27,80,6.9,0.5,0.515,5.6,2.47,1.13,67,0.94,0.82,22.6,-500,0.61,0.41,100,0.6,0,50,26.5,7.9,-500,0.71,0.44,95,0.8,0.05,20,QB,520,0,0,0,0,0,0,0,0,0,0,0,0,0,0,0,0,0,0,0,0,0,0,0,0,0,0,jackson,lamar jackson,l,jackson8900qbl,50700-63115:Lamar Jackson,50700-63115,QB,l,Lamar Jackson,jackson,21.31500053,4,8900,CIN@BAL,BAL,CIN,Q,Knee,,ryland,ryland,lamar,jackson8900qbl
jones7000qbd,81.26,Daniel Jones,7000,NYG,@DAL,,,18.74,27.8,9.7,3.54,2.7,6.5,8.18,15.2,-7,0.28,0.89,4.1,1,0,0.53,5.8,67,22.3,29.8,0,7.5,52,39,24,39,249,61,6.4,5.14,1.8,39,17.5,56.4,22.6,4.6,2.3,8.2,4,14,27,6.9,0,0.604,5.36,2,1.07,0,0,0,12.1,-200,0.27,0.19,100,0.25,0,40,13.7,0.4,-200,0.3,0.2,82,0.23,0.17,17,QB,520,0,0,0,0,0,0,0,0,0,0,0,0,0,0,0,0,0,0,0,0,0,0,0,0,0,0,jones,daniel jones,d,jones7000qbd,50700-63519:Daniel Jones,50700-63519,QB,d,Daniel Jones,jones,12.06499958,4,7000,NYG@DAL,NYG,DAL,,,,ryland,ryland,daniel,jones7000qbd
mahomes9000qbp,90.99,Patrick Mahomes,9000,KC,LV,,,24.28,37.5,11.1,5.16,2.7,10.5,30.7,19.12,1,0.84,1,2.7,2,0,0.69,1.7,64,32.8,21.8,-1.2,-11,54.5,59,22,33,256,66,7.6,7.94,2,41,20,48.5,28.9,6.1,1.2,2.9,3,9,18,5.3,0.2,0.522,4.33,2.93,1.27,78,0.57,0,29.2,0,0.64,0.42,100,1,0,30,19.6,30,-500,0.51,0.31,76,0.42,0.23,21,QB,520,0,0,0,0,0,0,0,0,0,0,0,0,0,0,0,0,0,0,0,0,0,0,0,0,0,0,mahomes,patrick mahomes,p,mahomes9000qbp,50700-57439:Patrick Mahomes,50700-57439,QB,p,Patrick Mahomes,mahomes,27.04000092,4,9000,LV@KC,KC,LV,,,,ryland,ryland,patrick,mahomes9000qbp
mayfield6800qbb,70.33,Baker Mayfield,6800,CLE,IND,,,16.2,27.2,5.2,1.4,2.4,0.5,17.58,14.8,-1,0.68,0,0.3,1,0,0.73,-4.4,66,24.8,23.8,1.3,-1,48.5,58,19,32,220,61,6.8,5.79,1.7,32,20.9,57.6,16.2,5.3,3.1,5.9,2,7,10,4.7,0.2,0.545,5.47,2.53,1.53,63,0.75,0.02,14.2,-200,0.44,0.21,100,0.25,0,40,17,0.8,-200,0.46,0.26,93,0.5,0.06,16,QB,520,0,0,0,0,0,0,0,0,0,0,0,0,0,0,0,0,0,0,0,0,0,0,0,0,0,0,mayfield,baker mayfield,b,mayfield6800qbb,50700-41535:Baker Mayfield,50700-41535,QB,b,Baker Mayfield,mayfield,14.16499996,4,6800,IND@CLE,CLE,IND,,,,ryland,ryland,baker,mayfield6800qbb
minshew7200qbg,81.77,Gardner Minshew,7200,JAX,@HOU,,,19.32,30.5,8.1,3.73,2.7,6.5,19.84,15.59,-5,0.39,0.8,1.3,1,0,0.75,-0.4,64,24.3,30.8,0.8,6.5,55,43,21,34,240,62,6.9,6.13,1.5,38,21.9,60.4,13.5,4.4,2.1,7.1,4,10,22,4.7,0,0.435,5.73,2.67,1.47,0,0,0,17.7,500,0.41,0.28,100,0.6,0,50,14.6,1.1,500,0.35,0.23,87,0.56,0.12,16,QB,520,0,0,0,0,0,0,0,0,0,0,0,0,0,0,0,0,0,0,0,0,0,0,0,0,0,0,minshew,gardner minshew,g,minshew7200qbg,50700-61798:Gardner Minshew II,50700-61798,QB,g,Gardner Minshew II,minshew,19.60499954,4,7200,JAC@HOU,JAC,HOU,,,,ryland,ryland,gardner,minshew7200qbg
murray8300qbk,93.54,Kyler Murray,8300,ARI,@NYJ,,,23.04,36,10.1,5.29,2.8,6.5,27.3,17.75,1,0.84,1,2.3,3,0,0.73,0.9,62,27.8,20.8,0.5,-7,48.5,62,21,32,221,66,6.8,5.79,1.5,40,16.7,65.6,12.2,4.7,2.8,6.7,6,19,40,6.2,0.4,0.495,5.53,2.33,1.4,67,0.54,0.01,27.1,600,0.59,0.39,100,1,0,40,20.4,3.3,600,0.5,0.33,93,0.56,0.06,16,QB,520,0,0,0,0,0,0,0,0,0,0,0,0,0,0,0,0,0,0,0,0,0,0,0,0,0,0,murray,kyler murray,k,murray8300qbk,50700-63484:Kyler Murray,50700-63484,QB,k,Kyler Murray,murray,27.06500053,4,8300,ARI@NYJ,ARI,NYJ,,,,ryland,ryland,kyler,murray8300qbk
prescott8700qbd,90.85,Dak Prescott,8700,DAL,NYG,,,24.12,36.4,11.9,5.59,2.8,14.5,13.94,18.53,-2,0.6,1,3.9,2,0,0.69,0.4,73,29.8,22.3,-2,-7.5,52,61,27,41,332,64,8,7.9,1.9,43,17.4,58.8,20.9,4.6,1.2,4,3,8,16,4.6,0.3,0.462,5.33,1.93,0.87,0,0,0,31.3,300,0.55,0.4,100,0.75,0,40,22.5,4.5,300,0.48,0.31,85,0.66,0.14,21,QB,520,0,0,0,0,0,0,0,0,0,0,0,0,0,0,0,0,0,0,0,0,0,0,0,0,0,0,prescott,dak prescott,d,prescott8700qbd,50700-31716:Dak Prescott,50700-31716,QB,d,Dak Prescott,prescott,31.29999924,4,8700,NYG@DAL,DAL,NYG,,,,ryland,ryland,dak,prescott8700qbd
rivers6900qbp,62.61,Philip Rivers,6900,IND,@CLE,,,15.48,26.2,4.8,0.48,2.2,0.5,7.62,15,-3,0.52,1,0.2,1,0,0.73,8.1,64,23.8,24.8,0.3,1,48.5,42,23,34,275,66,8,6.48,1.3,42,29,47.7,19.9,3.8,3.8,4.8,0,0,0,0.5,0,0.143,6,2.4,1,63,0.75,0.02,13.4,-200,0.41,0.2,100,0,0,60,15,-1.5,-300,0.4,0.23,100,0.19,0,21,QB,520,0,0,0,0,0,0,0,0,0,0,0,0,0,0,0,0,0,0,0,0,0,0,0,0,0,0,rivers,philip rivers,p,rivers6900qbp,50700-7968:Philip Rivers,50700-7968,QB,p,Philip Rivers,rivers,13.14000034,4,6900,IND@CLE,IND,CLE,,,,ryland,ryland,philip,rivers6900qbp
roethlisberger7400qbb,73.26,B. Roethlisberger,7400,PIT,PHI,,,18.74,30.6,6.8,2.76,2.5,3,21.36,15.98,2,0.88,1,0.5,1,0,0.75,0.6,69,25.8,18.3,-0.2,-7.5,44,60,24,36,259,66,7.1,7.31,2.3,46,16.5,62.4,19.3,6.4,0.8,4.5,3,4,1,0.4,0,0.091,1.33,0.53,0.2,71,0.73,0.14,20.2,-400,0.48,0.29,100,1,0,30,20.2,3.7,-400,0.48,0.29,100,1,0,30,QB,520,0,0,0,0,0,0,0,0,0,0,0,0,0,0,0,0,0,0,0,0,0,0,0,0,0,0,roethlisberger,b. roethlisberger,b,roethlisberger7400qbb,50700-6589:Ben Roethlisberger,50700-6589,QB,b,Ben Roethlisberger,roethlisberger,20.15999985,3,7400,PHI@PIT,PIT,PHI,,,,ryland,ryland,ben,roethlisberger7400qbb
ryan7700qbm,74.3,Matt Ryan,7700,ATL,CAR,,,20.1,32.6,7.6,3.53,2.6,3,7.94,16.57,3,0.91,0.65,3.3,1,0,0.53,-1.4,72,28,25.5,0.7,-2.5,53.5,53,25,40,289,64,7.2,6.32,1.6,43,16.2,64.7,15,4,1.5,7.4,2,5,8,3.7,0,0.452,6.73,2.33,0.8,0,0,0,18.1,-100,0.39,0.25,100,0.4,0,50,16.1,0,-100,0.35,0.22,81,0.43,0.18,16,QB,520,0,0,0,0,0,0,0,0,0,0,0,0,0,0,0,0,0,0,0,0,0,0,0,0,0,0,ryan,matt ryan,m,ryan7700qbm,50700-6616:Matt Ryan,50700-6616,QB,m,Matt Ryan,ryan,19.55999947,4,7700,CAR@ATL,ATL,CAR,,,,ryland,ryland,matt,ryan7700qbm
watson7900qbd,94.15,Deshaun Watson,7900,HOU,JAX,,,23.08,34.9,11.3,6.12,2.9,14.5,26.86,16.96,-4,0.45,1,4.2,2,0,0.75,4.2,65,30.8,24.3,0.3,-6.5,55,57,21,33,255,66,7.7,6.22,1.5,36,17.2,62.1,19.4,4.5,3,8.3,5,10,24,4.5,0.4,0.468,5.07,2.87,1.07,0,0,0,18.2,0,0.46,0.32,100,0.33,0,30,21.3,3.8,-300,0.51,0.33,81,0.5,0.18,22,QB,520,0,0,0,0,0,0,0,0,0,0,0,0,0,0,0,0,0,0,0,0,0,0,0,0,0,0,watson,deshaun watson,d,watson7900qbd,50700-54879:Deshaun Watson,50700-54879,QB,d,Deshaun Watson,watson,19.12000084,4,7900,JAC@HOU,HOU,JAC,,,,ryland,ryland,deshaun,watson7900qbd
wentz7200qbc,58.64,Carson Wentz,7200,PHI,@PIT,,,15.5,25.4,5.6,-0.09,2.2,0.5,19.42,15.59,-7,0.28,0,0.6,0,0,0.53,-4.3,74,18.3,25.8,-0.7,7.5,44,40,25,39,254,64,6.4,5.42,1.4,34,18.9,40.3,39,3.6,2.1,6.9,4,8,19,4.8,0.2,0.71,5.47,1.8,1.07,71,0.73,0.14,18.8,-500,0.39,0.26,100,0.5,0,40,15.2,-1.7,-500,0.33,0.2,78,0.36,0.21,19,QB,520,0,0,0,0,0,0,0,0,0,0,0,0,0,0,0,0,0,0,0,0,0,0,0,0,0,0,wentz,carson wentz,c,wentz7200qbc,50700-70324:Carson Wentz,50700-70324,QB,c,Carson Wentz,wentz,18.82500076,4,7200,PHI@PIT,PHI,PIT,,,,ryland,ryland,carson,wentz7200qbc
akers5200rbc,59.7,Cam Akers,5200,LA,@WAS,,,4.61,6.7,2.5,-2.07,0.9,0.5,6.1,6.68,-15,0.39,0.5,0.6,3,0,0.48,-0.2,13,26,19,-1.8,-7,45,59,0,0,0,0,0,0,0,0,0,0,0,0,0,0,0,5,26,3.1,0,0.529,0.5,0.5,0,67,0.98,0.81,3.1,-600,0.34,0.23,25,0,0.25,40,3.1,-2.5,-600,0.34,0.23,25,0,0.25,40,RB,520,0,0.151,0.19,8,0,0,2,2,40,0,0,0,0.5,0,0,0,0,0,0,0,0,0,0,0,0,0,akers,cam akers,c,akers5200rbc,50700-89230:Cam Akers,50700-89230,RB,c,Cam Akers,akers,3.049999952,2,5200,LAR@WAS,LAR,WAS,,,,ryland,ryland,cam,akers5200rbc
bell6000rbl,70.99,Le'Veon Bell,6000,NYJ,ARI,,,9.35,13.2,5.5,0.68,1.6,3,7.2,8.67,-8,0.56,0.8,1.9,6,0,0.58,1.6,49,20.8,27.8,1,7,48.5,38,0,0,0,0,0,0,0,0,0,0,0,0,0,0,0,10,49,3.3,0.3,0.422,1.56,0.63,0.44,67,0.54,0.01,5.6,-500,0.7,0.18,25,0,0,40,9.9,-0.8,-500,0.52,0.2,61,0.05,0.22,18,RB,520,0.5,0.64,0.771,15,4,3,27,13,80,0,6.3,0.167,0.556,0,0,0,0,0,0,0,0,0,0,0,0,0,bell,le'veon bell,l,bell6000rbl,50700-28181:Le'Veon Bell,50700-28181,RB,l,Le'Veon Bell,bell,5.599999905,1,6000,ARI@NYJ,NYJ,ARI,IR,Hamstring,,ryland,ryland,le'veon,bell6000rbl
bernard4600rbg,52.92,Giovani Bernard,4600,CIN,@BAL,,,3.21,4.7,1.7,-1.97,0.7,0.5,0.9,5.18,-21,0.27,1,0.3,2,0,0.92,-1.4,26,18.3,30.8,-0.7,12.5,49,52,0,0,0,0,0,0,0,0,0,0,0,0,0,0,0,7,10,4.1,0,0.395,1.13,0.4,0.13,67,0.94,0.82,4.7,-300,0.99,0.2,100,0.2,0,50,3.6,-2.2,-300,0.68,0.14,81,0.06,0.12,16,RB,520,0,0.093,0.368,2,2,2,16,11,8.1,0,4.9,0,0.444,0,0,0,0,0,0,0,0,0,0,0,0,0,bernard,giovani bernard,g,bernard4600rbg,50700-25290:Giovani Bernard,50700-25290,RB,g,Giovani Bernard,bernard,4.675000191,4,4600,CIN@BAL,CIN,BAL,,,,ryland,ryland,giovani,bernard4600rbg
booker4800rbd,47.03,Devontae Booker,4800,LV,@KC,,,2.25,3.3,1.2,-3.43,0.5,0.5,7.2,5.68,-31,0.12,0,0,3,0,0.61,0.2,4,21.8,32.8,-0.2,11,54.5,41,0,0,0,0,0,0,0,0,0,0,0,0,0,0,0,4,6,5.7,0,0.5,0.4,0.07,0,78,0.57,0,3,200,0.84,0.42,40,0.2,0.4,50,1.4,-0.8,200,0.63,0.36,31,0.06,0.62,16,RB,520,0,0.059,0.076,1,1,0,7,6,8.6,0,5.1,0,0.75,0,0,0,0,0,0,0,0,0,0,0,0,0,booker,devontae booker,d,booker4800rbd,50700-39580:Devontae Booker,50700-39580,RB,d,Devontae Booker,booker,3.600000064,3,4800,LV@KC,LV,KC,,,,ryland,ryland,devontae,booker4800rbd
breida4700rbm,61.36,Matt Breida,4700,MIA,@SF,,,5.32,7.7,2.9,-0.11,1.1,0.5,6.4,5.43,-18,0.33,0,0.3,2,0,0.92,-2.8,17,21,29.5,0.7,8.5,50.5,51,0,0,0,0,0,0,0,0,0,0,0,0,0,0,0,12,29,4,0,0.404,0.5,0.13,0.06,74,0.44,0,3.3,-500,0.58,0.24,50,0.25,0.5,40,3.2,-3,-500,0.35,0.19,40,0.15,0.6,20,RB,520,0,0.238,0.253,7,1,1,9,7,6.8,0,50,0,0.429,0,0,0,0,0,0,0,0,0,0,0,0,0,breida,matt breida,m,breida4700rbm,50700-53303:Matt Breida,50700-53303,RB,m,Matt Breida,breida,3.325000048,4,4700,MIA@SF,MIA,SF,,,,ryland,ryland,matt,breida4700rbm
brown5400rbm,74.39,Malcolm Brown,5400,LA,@WAS,,,8.55,12.1,5,1.37,1.6,0.5,2.9,7.18,-3,0.72,0.33,0.8,3,0,0.96,-0.2,22,26,19,-1.8,-7,45,59,0,0,0,0,0,0,0,0,0,0,0,0,0,0,0,8,24,3.7,0.4,0.489,1.2,0.73,0.6,67,0.98,0.81,9.8,400,0.69,0.26,75,0.25,0.25,40,4.8,-0.4,400,0.61,0.22,53,0.26,0.46,15,RB,520,0.294,0.231,0.325,6,1,0,4,2,6.2,0,0.7,0.313,0.625,0,0,0,0,0,0,0,0,0,0,0,0,0,brown,malcolm brown,m,brown5400rbm,50700-32234:Malcolm Brown,50700-32234,RB,m,Malcolm Brown,brown,9.824999809,4,5400,LAR@WAS,LAR,WAS,,,,ryland,ryland,malcolm,brown5400rbm
cannon4500rbt,65.71,Trenton Cannon,4500,CAR,@ATL,,,3.02,4.5,1.6,-1.91,0.7,0.5,-0.1,4.93,-27,0.17,0,0,4,0,0.92,1.3,0,25.5,28,1.7,2.5,53.5,47,0,0,0,0,0,0,0,0,0,0,0,0,0,0,0,0,0,0,0,0,0,0,0,0,0,0,0,0,0,0,0,0,0,50,0,0,0,0,0,0,0,0.29,17,RB,520,0,0,0,0,0,0,0,0,0,0,0,0,0,0,0,0,0,0,0,0,0,0,0,0,0,0,cannon,trenton cannon,t,cannon4500rbt,50700-83091:Trenton Cannon,50700-83091,RB,t,Trenton Cannon,cannon,0,2,4500,CAR@ATL,CAR,ATL,,,,ryland,ryland,trenton,cannon4500rbt
conner7000rbj,82.86,James Conner,7000,PIT,PHI,,,13.86,18.7,9,2.69,2,6.5,13.8,11.17,-3,0.72,1,3.1,7,0,0.96,0.4,33,25.8,18.3,-0.2,-7.5,44,60,0,0,0,0,0,0,0,0,0,0,0,0,0,0,0,20,61,5,0.5,0.469,1.33,0.67,0.4,71,0.73,0.14,14.9,200,0.88,0.38,66,0.66,0.33,30,8.9,1.4,200,0.56,0.27,41,0.29,0.58,17,RB,520,1,0.558,0.491,12,3,2,20,10,70,0.3,3.4,0.286,0.571,0,0,0,0,0,0,0,0,0,0,0,0,0,conner,james conner,j,conner7000rbj,50700-40687:James Conner,50700-40687,RB,j,James Conner,conner,14.90000025,3,7000,PHI@PIT,PIT,PHI,,,,ryland,ryland,james,conner7000rbj
davis6800rbm,87.09,Mike Davis,6800,CAR,@ATL,,,15.58,20.6,10.6,4.91,2.3,28,25.4,10.67,-3,0.72,1,6.1,11,0,0.94,1.3,23,25.5,28,1.7,2.5,53.5,47,0,0,0,0,0,0,0,0,0,0,0,0,0,0,0,8,22,4,0.2,0.324,1,0.56,0.13,0,0,0,16.7,2300,1.26,0.56,60,0.6,0,50,40,1.2,2200,0.41,0.17,23,0.17,0.52,17,RB,520,0.125,0.204,0.333,5,4,3,25,10,6.9,0.2,2.5,0.125,0.375,0,0,0,0,0,0,0,0,0,0,0,0,0,davis,mike davis,m,davis6800rbm,50700-30635:Mike Davis,50700-30635,RB,m,Mike Davis,davis,16.73333359,3,6800,CAR@ATL,CAR,ATL,,,,ryland,ryland,mike,davis6800rbm
dobbins5200rbj,73.77,JK Dobbins,5200,BAL,CIN,,,6.96,9.6,4.4,0.28,1.3,3,7,6.68,-13,0.43,1,0.3,8,0,0.58,2.6,22,30.8,18.3,-2.2,-12.5,49,48,0,0,0,0,0,0,0,0,0,0,0,0,0,0,0,19,23,6.1,0.5,0.533,0.5,0.5,0.5,67,0.94,0.82,7.4,0,1.34,0.33,75,0.25,0.25,40,7.4,-0.3,0,1.34,0.33,75,0.25,0.25,40,RB,520,0.4,0.144,0.398,3,1,1,13,8,8.7,0,0,1,1,0,0,0,0,0,0,0,0,0,0,0,0,0,dobbins,jk dobbins,j,dobbins5200rbj,50700-87787:J.K. Dobbins,50700-87787,RB,j,J.K. Dobbins,dobbins,7.349999905,4,5200,CIN@BAL,BAL,CIN,,,,ryland,ryland,j.k.,dobbins5200rbj
drake6200rbk,89.39,Kenyan Drake,6200,ARI,@NYJ,,,12.4,17.5,7.3,3.23,2,3,12.7,9.17,-2,0.76,0.78,5.3,10,0,0.92,2.4,48,27.8,20.8,0.5,-7,48.5,62,0,0,0,0,0,0,0,0,0,0,0,0,0,0,0,20,68,4.7,0.6,0.539,2.31,1.19,0.63,67,0.54,0.01,9,-400,0.5,0.19,75,0.25,0.25,40,15,2.4,-400,0.81,0.31,77,0.33,0.05,18,RB,520,0.5,0.524,0.713,14,3,3,18,10,6.1,0,6.2,0.242,0.636,0,0,0,0,0,0,0,0,0,0,0,0,0,drake,kenyan drake,k,drake6200rbk,50700-30989:Kenyan Drake,50700-30989,RB,k,Kenyan Drake,drake,8.975000381,4,6200,ARI@NYJ,ARI,NYJ,,,,ryland,ryland,kenyan,drake6200rbk
edmonds5900rbc,63.02,Chase Edmonds,5900,ARI,@NYJ,,,6.72,9.3,4.1,-1.71,1.1,0.5,17.7,8.43,-6,0.61,1,3.3,5,0,0.48,2.4,24,27.8,20.8,0.5,-7,48.5,62,0,0,0,0,0,0,0,0,0,0,0,0,0,0,0,9,26,4.1,0.3,0.333,1.2,0.27,0.2,67,0.54,0.01,7.9,900,0.96,0.33,75,0.5,0.25,40,5.2,1.6,900,0.54,0.21,31,0.25,0.68,16,RB,520,0.3,0.231,0.377,6,3,2,15,10,7.1,0.3,4.7,0.2,0.3,0,0,0,0,0,0,0,0,0,0,0,0,0,edmonds,chase edmonds,c,edmonds5900rbc,50700-83081:Chase Edmonds,50700-83081,RB,c,Chase Edmonds,edmonds,7.925000191,4,5900,ARI@NYJ,ARI,NYJ,,,,ryland,ryland,chase,edmonds5900rbc
edwards-helaire7900rbc,86.65,C. Edwards-Helaire,7900,KC,LV,,,17.38,23.4,11.4,3.97,2.2,23,9.5,13.41,2,0.9,1,10,14,0,0.52,8.3,46,32.8,21.8,-1.2,-11,54.5,59,0,0,0,0,0,0,0,0,0,0,0,0,0,0,0,18,76,4.3,0.3,0.479,4.25,2.5,1.75,78,0.57,0,12.2,-100,0.58,0.26,66,0,0.33,30,14.1,-0.5,700,0.63,0.31,75,0.25,0.25,40,RB,520,0.5,0.588,0.675,17,4,3,32,12,9.2,0,0,0,0.467,0,0,0,0,0,0,0,0,0,0,0,0,0,edwards-helaire,c. edwards-helaire,c,edwards-helaire7900rbc,50700-85741:Clyde Edwards-Helaire,50700-85741,RB,c,Clyde Edwards-Helaire,edwards-helaire,14.07499981,4,7900,LV@KC,KC,LV,,,,ryland,ryland,clyde,edwards-helaire7900rbc
edwards4600rbg,74.47,Gus Edwards,4600,BAL,CIN,,,5.47,8.2,2.7,0.29,1.2,0.5,2.5,5.18,-9,0.53,1,0.8,9,0,0.66,2.6,24,30.8,18.3,-2.2,-12.5,49,48,0,0,0,0,0,0,0,0,0,0,0,0,0,0,0,19,47,5.8,0.1,0.557,0.93,0.47,0.4,67,0.94,0.82,3.7,-300,0.55,0.22,100,0.2,0,50,5.2,-1.3,-300,0.62,0.22,82,0.17,0.17,17,RB,520,0.105,0.24,0.38,8,0,0,1,1,5.3,0,1.5,0.071,0.357,0,0,0,0,0,0,0,0,0,0,0,0,0,edwards,gus edwards,g,edwards4600rbg,50700-40167:Gus Edwards,50700-40167,RB,g,Gus Edwards,edwards,4.175000191,4,4600,CIN@BAL,BAL,CIN,,,,ryland,ryland,gus,edwards4600rbg
elliott9000rbe,82.49,Ezekiel Elliott,9000,DAL,NYG,,,18.49,23.8,13.2,2.33,2.1,28,23,16.16,1,0.87,1,8.6,17,0,0.48,1.7,64,29.8,22.3,-2,-7.5,52,61,0,0,0,0,0,0,0,0,0,0,0,0,0,0,0,16,82,4.3,0.7,0.545,4.87,2.6,1.6,0,0,0,19.2,300,0.76,0.27,100,0.25,0,40,18.1,30,300,0.73,0.28,89,0.36,0.1,19,RB,520,0.579,0.67,0.871,19,5,4,32,14,7.6,0.2,5.7,0.167,0.55,0,0,0,0,0,0,0,0,0,0,0,0,0,elliott,ezekiel elliott,e,elliott9000rbe,50700-38791:Ezekiel Elliott,50700-38791,RB,e,Ezekiel Elliott,elliott,19.17499924,4,9000,NYG@DAL,DAL,NYG,,,,ryland,ryland,ezekiel,elliott9000rbe
freeman5500rbd,68.11,Devonta Freeman,5500,NYG,@DAL,,,10.39,14.7,6.1,2.96,1.9,3,15.7,7.43,-5,0.65,0.83,1.7,5,0,0.58,-1.7,45,22.3,29.8,0,7.5,52,39,0,0,0,0,0,0,0,0,0,0,0,0,0,0,0,11,46,3.6,0.2,0.423,2,0.43,0.07,0,0,0,4.9,300,0.49,0.19,50,0,0.5,20,9.7,1.7,300,0.56,0.21,71,0.21,0.28,14,RB,520,0.333,0.46,0.628,12,4,3,24,9,6.6,0.3,4.9,0.125,0.375,0,0,0,0,0,0,0,0,0,0,0,0,0,freeman,devonta freeman,d,freeman5500rbd,50700-24920:Devonta Freeman,50700-24920,RB,d,Devonta Freeman,freeman,4.900000095,2,5500,NYG@DAL,NYG,DAL,,,,ryland,ryland,devonta,freeman5500rbd
gallman4900rbw,50.9,Wayne Gallman,4900,NYG,@DAL,,,4.76,6.9,2.6,-1.17,1,0.5,3.4,5.93,-13,0.43,0,0,1,0,0.58,-1.7,10,22.3,29.8,0,7.5,52,39,0,0,0,0,0,0,0,0,0,0,0,0,0,0,0,4,6,4.6,0,0.583,0.14,0,0,0,0,0,2.9,400,0.63,0.29,50,0,0.25,40,10,-1.1,400,0.38,0.1,14,0,0.78,14,RB,520,0,0.085,0.151,1,1,0,5,5,8.8,0,4.3,0,1,0,0,0,0,0,0,0,0,0,0,0,0,0,gallman,wayne gallman,w,gallman4900rbw,50700-39818:Wayne Gallman Jr.,50700-39818,RB,w,Wayne Gallman Jr.,gallman,2.933333397,3,4900,NYG@DAL,NYG,DAL,,,,ryland,ryland,wayne,gallman4900rbw
gaskin5500rbm,66.7,Myles Gaskin,5500,MIA,@SF,,,11.4,15.6,7.2,3.97,2.1,0.5,17.6,7.43,2,0.9,0.56,2.5,3,0,0.64,-2.8,27,21,29.5,0.7,8.5,50.5,51,0,0,0,0,0,0,0,0,0,0,0,0,0,0,0,10,29,3.9,0.1,0.524,1.38,0.56,0.31,74,0.44,0,9.6,1000,0.57,0.21,100,0.8,0,50,4.5,0.4,900,0.42,0.17,58,0.35,0.41,17,RB,520,0.091,0.322,0.395,7,2,2,14,8,6.6,0,3.8,0.053,0.474,0,0,0,0,0,0,0,0,0,0,0,0,0,gaskin,myles gaskin,m,gaskin5500rbm,50700-60930:Myles Gaskin,50700-60930,RB,m,Myles Gaskin,gaskin,9.875,4,5500,MIA@SF,MIA,SF,,,,ryland,ryland,myles,gaskin5500rbm
gibson5800rba,68.83,Antonio Gibson,5800,WAS,LA,,,11.12,15.8,6.5,2.94,1.9,6.5,7.6,8.18,-9,0.53,1,7.8,5,0,0.61,1,29,19,26,0.7,7,45,41,0,0,0,0,0,0,0,0,0,0,0,0,0,0,0,13,46,4.2,0.8,0.523,2.25,1.25,1.25,67,0.98,0.81,12.4,1200,0.88,0.43,100,0.75,0,40,12.4,5.8,1200,0.88,0.43,100,0.75,0,40,RB,520,0.5,0.504,0.434,11,3,2,24,13,9.8,0,0,0.333,0.889,0,0,0,0,0,0,0,0,0,0,0,0,0,gibson,antonio gibson,a,gibson5800rba,50700-90933:Antonio Gibson,50700-90933,RB,a,Antonio Gibson,gibson,12.35000038,4,5800,LAR@WAS,WAS,LAR,,,,ryland,ryland,antonio,gibson5800rba
gore5300rbf,54.94,Frank Gore,5300,NYJ,ARI,,,5.68,8.1,3.2,-1.25,1.1,0.5,3,6.93,-12,0.45,1,0.6,2,0,0.44,1.6,20,20.8,27.8,1,7,48.5,38,0,0,0,0,0,0,0,0,0,0,0,0,0,0,0,9,29,3,0,0.432,1.8,0.8,0.33,67,0.54,0.01,4.9,500,0.33,0.17,100,0,0,40,3.5,-3.8,500,0.33,0.18,50,0,0.44,18,RB,520,0,0.251,0.317,9,0,0,4,4,8.2,0,3.8,0,0.308,0,0,0,0,0,0,0,0,0,0,0,0,0,gore,frank gore,f,gore5300rbf,50700-6840:Frank Gore,50700-6840,RB,f,Frank Gore,gore,4.875,4,5300,ARI@NYJ,NYJ,ARI,,,,ryland,ryland,frank,gore5300rbf
gurley6700rbt,85.64,Todd Gurley,6700,ATL,CAR,,,13.07,18.3,7.8,2.65,2,3,23,10.42,1,0.87,0.76,5.6,10,0,0.55,4,48,28,25.5,0.7,-2.5,53.5,53,0,0,0,0,0,0,0,0,0,0,0,0,0,0,0,14,60,3.8,0.8,0.469,4.4,2.2,1.27,0,0,0,13.1,-400,0.72,0.34,75,0.5,0.25,40,12.4,1.1,-400,0.67,0.26,70,0.41,0.29,17,RB,520,0.688,0.64,0.682,16,2,1,10,8,70,0.1,6.6,0.175,0.54,0,0,0,0,0,0,0,0,0,0,0,0,0,gurley,todd gurley,t,gurley6700rbt,50700-30447:Todd Gurley II,50700-30447,RB,t,Todd Gurley II,gurley,13.07499981,4,6700,CAR@ATL,ATL,CAR,,,,ryland,ryland,todd,gurley6700rbt
henderson6000rbd,66.48,Darrell Henderson,6000,LA,@WAS,,,8.92,12.7,5.2,0.25,1.5,0.5,20.3,8.67,-2,0.76,0.4,1.4,2,0,0.64,-0.2,15,26,19,-1.8,-7,45,59,0,0,0,0,0,0,0,0,0,0,0,0,0,0,0,10,30,4.6,0.2,0.58,1,0.67,0.4,67,0.98,0.81,10.6,800,0.85,0.48,50,0.5,0.5,40,4.2,-0.4,800,0.54,0.28,33,0.13,0.66,15,RB,520,0.118,0.259,0.231,6,1,0,8,6,12.4,0,2.4,0.143,0.643,0,0,0,0,0,0,0,0,0,0,0,0,0,henderson,darrell henderson,d,henderson6000rbd,50700-70157:Darrell Henderson Jr.,50700-70157,RB,d,Darrell Henderson Jr.,henderson,10.60000038,4,6000,LAR@WAS,LAR,WAS,,,,ryland,ryland,darrell,henderson6000rbd
hill4800rbb,72.14,Brian Hill,4800,ATL,CAR,,,6.05,8.7,3.4,0.37,1.3,0.5,6.4,5.68,-7,0.59,0,0,6,0,0.61,4,22,28,25.5,0.7,-2.5,53.5,53,0,0,0,0,0,0,0,0,0,0,0,0,0,0,0,14,29,4.3,0.2,0.433,1.07,0.47,0.2,0,0,0,5.1,100,0.73,0.28,83,0.16,0.16,60,5.4,-0.5,0,0.64,0.25,88,0.27,0.11,18,RB,520,0.231,0.315,0.297,6,1,1,8,6,7.2,0.1,2.6,0.083,0.667,0,0,0,0,0,0,0,0,0,0,0,0,0,hill,brian hill,b,hill4800rbb,50700-54010:Brian Hill,50700-54010,RB,b,Brian Hill,hill,6.074999809,4,4800,CAR@ATL,ATL,CAR,,,,ryland,ryland,brian,hill4800rbb
hines5100rbn,64.92,Nyheim Hines,5100,IND,@CLE,,,7.98,11,4.9,1.55,1.6,0.5,4,6.43,-4,0.68,0,0,3,0,0.61,-1.2,22,23.8,24.8,0.3,1,48.5,42,0,0,0,0,0,0,0,0,0,0,0,0,0,0,0,8,16,3.9,0.2,0.452,1.4,0.93,0.33,63,0.75,0.02,9.3,200,0.93,0.4,75,0.25,0.25,40,7.3,0.4,200,0.94,0.33,81,0.43,0.18,16,RB,520,0.176,0.129,0.333,4,3,2,19,10,7.1,0.1,5.4,0.2,0.533,0,0,0,0,0,0,0,0,0,0,0,0,0,hines,nyheim hines,n,hines5100rbn,50700-63625:Nyheim Hines,50700-63625,RB,n,Nyheim Hines,hines,9.25,4,5100,IND@CLE,IND,CLE,,,,ryland,ryland,nyheim,hines5100rbn
hunt7000rbk,80.16,Kareem Hunt,7000,CLE,IND,,,16.12,21.7,10.5,4.95,2.3,35.5,16.8,11.17,-2,0.76,0.96,7.2,10,0,0.92,-1.1,35,24.8,23.8,1.3,-1,48.5,58,0,0,0,0,0,0,0,0,0,0,0,0,0,0,0,12,37,4.9,0.4,0.591,1.67,0.73,0.33,63,0.75,0.02,16.4,1200,1.08,0.61,100,1,0,40,12.1,2.9,1200,0.98,0.35,81,0.5,0,16,RB,520,0.357,0.259,0.533,7,4,3,27,12,7.3,0.3,7.6,0.25,0.7,0,0,0,0,0,0,0,0,0,0,0,0,0,hunt,kareem hunt,k,hunt7000rbk,50700-45229:Kareem Hunt,50700-45229,RB,k,Kareem Hunt,hunt,16.42499924,4,7000,IND@CLE,CLE,IND,,,,ryland,ryland,kareem,hunt7000rbk
ingram6100rbm,80.61,Mark Ingram,6100,BAL,CIN,,,9.82,13.9,5.7,0.9,1.6,0.5,5.7,8.92,-1,0.8,0,0,9,0,0.64,2.6,27,30.8,18.3,-2.2,-12.5,49,48,0,0,0,0,0,0,0,0,0,0,0,0,0,0,0,17,56,4.9,0.4,0.605,2.53,1.2,0.67,67,0.94,0.82,7.7,-900,0.79,0.39,50,0.25,0.5,40,11.5,-0.1,-900,0.86,0.42,55,0.27,0.44,18,RB,520,0.333,0.289,0.433,11,1,1,14,10,10.3,0.4,7.8,0.167,0.633,0,0,0,0,0,0,0,0,0,0,0,0,0,ingram,mark ingram,m,ingram6100rbm,50700-14211:Mark Ingram II,50700-14211,RB,m,Mark Ingram II,ingram,7.699999809,4,6100,CIN@BAL,BAL,CIN,,,,ryland,ryland,mark,ingram6100rbm
jacobs8200rbj,65.63,Josh Jacobs,8200,LV,@KC,,,15.22,20.5,9.9,1.06,1.9,6.5,21.5,14.16,0,0.84,0.82,4.4,7,0,0.03,0.2,39,21.8,32.8,-0.2,11,54.5,41,0,0,0,0,0,0,0,0,0,0,0,0,0,0,0,19,85,4.3,0.5,0.485,3.07,1.6,0.73,78,0.57,0,13.9,0,0.56,0.3,50,0.16,0.5,60,11.4,0.2,0,0.5,0.29,55,0.27,0.44,18,RB,520,0.75,0.741,0.596,19,3,2,15,8,70,0,3.7,0.143,0.405,0,0,0,0,0,0,0,0,0,0,0,0,0,jacobs,josh jacobs,j,jacobs8200rbj,50700-72731:Josh Jacobs,50700-72731,RB,j,Josh Jacobs,jacobs,15.625,4,8200,LV@KC,LV,KC,,,,ryland,ryland,josh,jacobs8200rbj
johnson4600rbd,77.41,Duke Johnson,4600,HOU,JAX,,,5.66,7.4,3.9,0.48,1.2,0.5,2.4,5.18,-10,0.5,1,1.7,9,0,0.92,3.5,30,30.8,24.3,0.3,-6.5,55,57,0,0,0,0,0,0,0,0,0,0,0,0,0,0,0,9,18,4,0.2,0.459,0.93,0.53,0.13,0,0,0,6,-200,0.67,0.24,33,0,0,30,7.2,-0.1,-800,0.81,0.24,70,0.25,0.2,20,RB,520,0.143,0.154,0.451,4,4,2,26,11,9.1,0.2,6.4,0.4,1,0,0,0,0,0,0,0,0,0,0,0,0,0,johnson,duke johnson,d,johnson4600rbd,50700-25837:Duke Johnson,50700-25837,RB,d,Duke Johnson,johnson,3.700000048,2,4600,JAC@HOU,HOU,JAC,,,,ryland,ryland,duke,johnson4600rbd
johnson5300rbd,56.63,D'Ernest Johnson,5300,CLE,IND,,,6.09,8.7,3.4,-0.84,1.1,0.5,4.1,6.93,-7,0.59,0.5,2.2,2,0,0.66,-1.1,3,24.8,23.8,1.3,-1,48.5,58,0,0,0,0,0,0,0,0,0,0,0,0,0,0,0,4,12,7.1,0,0.786,0,0,0,63,0.75,0.02,5,800,1.07,0.71,25,0.25,0.25,40,0.8,0,800,0.44,0.26,6,0.06,0.8,15,RB,520,0,0.079,0.055,1,0,0,0,0,0,0,0,0,0,0,0,0,0,0,0,0,0,0,0,0,0,0,johnson,d'ernest johnson,d,johnson5300rbd,50700-57543:D'Ernest Johnson,50700-57543,RB,d,D'Ernest Johnson,johnson,3.333333333,3,5300,IND@CLE,CLE,IND,,,,ryland,ryland,d'ernest,johnson5300rbd
johnson6400rbd,85.28,David Johnson,6400,HOU,JAX,,,14.02,18.9,9.1,4.35,2.2,6.5,11.3,9.67,-2,0.76,0.89,7.5,10,0,0.48,3.5,28,30.8,24.3,0.3,-6.5,55,57,0,0,0,0,0,0,0,0,0,0,0,0,0,0,0,8,23,3.4,0.3,0.395,1.13,0.6,0.4,0,0,0,9.3,-800,0.56,0.21,66,0,0.33,30,5.5,-2.8,100,0.61,0.2,31,0.18,0.62,16,RB,520,0.2,0.201,0.454,6,2,1,18,10,10.6,0.2,5.3,0.273,0.455,0,0,0,0,0,0,0,0,0,0,0,0,0,johnson,david johnson,d,johnson6400rbd,50700-62497:David Johnson,50700-62497,RB,d,David Johnson,johnson,11.55000019,4,6400,JAC@HOU,HOU,JAC,,,,ryland,ryland,david,johnson6400rbd
juszczyk4500rbk,64.58,Kyle Juszczyk,4500,SF,MIA,,,2,3,1,-2.93,0.4,0.5,7.1,4.93,-33,0.1,0,0,7,0,0.92,2.3,30,29.5,21,0.2,-8.5,50.5,49,0,0,0,0,0,0,0,0,0,0,0,0,0,0,0,0,0,2.7,0,0.667,0.5,0.19,0.13,74,0.44,0,3,0,1.52,0.1,80,0,0,50,2.3,-1.7,-100,1.08,0.08,47,0.1,0.47,19,RB,520,0,0.006,0.482,0,1,1,19,14,12.1,0.1,10,0,0,0,0,0,0,0,0,0,0,0,0,0,0,0,juszczyk,kyle juszczyk,k,juszczyk4500rbk,50700-39428:Kyle Juszczyk,50700-39428,RB,k,Kyle Juszczyk,juszczyk,2.474999905,4,4500,MIA@SF,SF,MIA,,,,ryland,ryland,kyle,juszczyk4500rbk
lewis5000rbd,47.88,Dion Lewis,5000,NYG,@DAL,,,3.82,5.6,2,-2.36,0.8,0.5,1.1,6.18,-19,0.31,0,0,1,0,0.61,-1.7,22,22.3,29.8,0,7.5,52,39,0,0,0,0,0,0,0,0,0,0,0,0,0,0,0,5,12,3.5,0.1,0.442,0.47,0.13,0.07,0,0,0,4.5,200,0.72,0.17,25,0.25,0.75,40,3.3,-2.8,200,0.62,0.15,44,0.16,0.55,18,RB,520,0.056,0.095,0.363,3,1,1,11,8,8.4,0.1,5.6,0.333,1,0,0,0,0,0,0,0,0,0,0,0,0,0,lewis,dion lewis,d,lewis5000rbd,50700-14339:Dion Lewis,50700-14339,RB,d,Dion Lewis,lewis,4.5,4,5000,NYG@DAL,NYG,DAL,,,,ryland,ryland,dion,lewis5000rbd
mcfarland4500rba,63.65,Anthony McFarland,4500,PIT,PHI,,,3.1,4.6,1.6,-1.83,0.7,0.5,0.6,4.93,-26,0.19,0,0,4,0,0.92,0.4,10,25.8,18.3,-0.2,-7.5,44,60,0,0,0,0,0,0,0,0,0,0,0,0,0,0,0,20,42,7,0,0.5,0,0,0,71,0.73,0.14,5.4,0,0.68,0.54,33,0,0,30,5.4,0,0,0.68,0.54,33,0,0,30,RB,520,0,0.249,0.125,6,2,1,7,7,70,0,0,0,0,0,0,0,0,0,0,0,0,0,0,0,0,0,mcfarland,anthony mcfarland,a,mcfarland4500rba,50700-88277:Anthony McFarland Jr.,50700-88277,RB,a,Anthony McFarland Jr.,mcfarland,5.400000095,1,4500,PHI@PIT,PIT,PHI,,,,ryland,ryland,anthony,mcfarland4500rba
mckinnon6400rbj,77.4,Jerick McKinnon,6400,SF,MIA,,,10.77,14.7,6.9,1.1,1.7,3,1.5,9.67,-7,0.59,1,5.8,13,0,0.66,2.3,36,29.5,21,0.2,-8.5,50.5,49,0,0,0,0,0,0,0,0,0,0,0,0,0,0,0,24,48,5.7,0.8,0.412,3,1.25,0.5,74,0.44,0,15,1400,1.15,0.42,100,1,0,40,15,7.8,1400,1.15,0.42,100,1,0,40,RB,520,0.429,0.375,0.574,8,4,3,25,11,7.8,0.3,0,0.333,0.444,0,0,0,0,0,0,0,0,0,0,0,0,0,mckinnon,jerick mckinnon,j,mckinnon6400rbj,50700-54608:Jerick McKinnon,50700-54608,RB,j,Jerick McKinnon,mckinnon,15,4,6400,MIA@SF,SF,MIA,,,,ryland,ryland,jerick,mckinnon6400rbj
mckissic4800rbj,56.53,JD McKissic,4800,WAS,LA,,,5.65,8.3,3,-0.03,1.2,0.5,7.9,5.68,-10,0.5,0,0.3,2,0,0.61,1,22,19,26,0.7,7,45,41,0,0,0,0,0,0,0,0,0,0,0,0,0,0,0,5,12,4.1,0,0.469,0.75,0.25,0.19,67,0.98,0.81,3.8,300,0.43,0.11,60,0.4,0.4,50,4.2,-2.2,200,0.64,0.19,68,0.21,0.31,19,RB,520,0,0.131,0.325,3,3,2,17,10,6.6,0.1,4.8,0,0.571,0,0,0,0,0,0,0,0,0,0,0,0,0,mckissic,jd mckissic,j,mckissic4800rbj,50700-43334:J.D. McKissic,50700-43334,RB,j,J.D. McKissic,mckissic,4.625,4,4800,LAR@WAS,WAS,LAR,,,,ryland,ryland,j.d.,mckissic4800rbj
mixon6900rbj,70.52,Joe Mixon,6900,CIN,@BAL,,,13.1,17.8,8.4,2.18,1.9,3,12.4,10.92,1,0.87,0.55,3.3,7,0,0.66,-1.4,45,18.3,30.8,-0.7,12.5,49,52,0,0,0,0,0,0,0,0,0,0,0,0,0,0,0,17,80,4.2,0.5,0.467,3.4,1.8,1.27,67,0.94,0.82,15.7,-400,0.68,0.31,50,0.25,0.5,40,15.2,4.5,-400,0.68,0.34,80,0.53,0.2,15,RB,520,0.636,0.732,0.622,19,2,2,20,12,8.5,0.2,7.3,0.114,0.455,0,0,0,0,0,0,0,0,0,0,0,0,0,mixon,joe mixon,j,mixon6900rbj,50700-52442:Joe Mixon,50700-52442,RB,j,Joe Mixon,mixon,15.69999981,4,6900,CIN@BAL,CIN,BAL,Q,Shin,,ryland,ryland,joe,mixon6900rbj
mostert6500rbr,78.72,Raheem Mostert,6500,SF,MIA,,,9.78,13,6.6,-0.14,1.5,0.5,13.4,9.92,5,0.94,0.67,1.1,10,0,0.94,2.3,24,29.5,21,0.2,-8.5,50.5,49,0,0,0,0,0,0,0,0,0,0,0,0,0,0,0,20,52,5.7,0.7,0.529,1.13,0.44,0.31,74,0.44,0,20.4,300,1.36,0.82,50,0.5,0,40,12.3,3.6,300,1.13,0.51,70,0.4,0.2,20,RB,520,0.474,0.409,0.381,9,1,1,17,14,13.9,0.2,4.9,0.5,0.563,0,0,0,0,0,0,0,0,0,0,0,0,0,mostert,raheem mostert,r,mostert6500rbr,50700-28744:Raheem Mostert,50700-28744,RB,r,Raheem Mostert,mostert,20.39999962,2,6500,MIA@SF,SF,MIA,Q,Knee - mcl,,ryland,ryland,raheem,mostert6500rbr
pollard4800rbt,70.45,Tony Pollard,4800,DAL,NYG,,,4.7,6.9,2.5,-0.98,1,0.5,4.2,5.68,-13,0.43,0,0,9,0,0.61,1.7,12,29.8,22.3,-2,-7.5,52,61,0,0,0,0,0,0,0,0,0,0,0,0,0,0,0,8,22,5.4,0.1,0.576,0.47,0.07,0.07,0,0,0,3.8,-300,1.09,0.35,75,0.25,0.25,40,4.3,-1.2,-300,0.74,0.36,52,0.23,0.47,17,RB,520,0.118,0.18,0.175,4,1,1,8,5,7.2,0.1,2.5,0.5,1,0,0,0,0,0,0,0,0,0,0,0,0,0,pollard,tony pollard,t,pollard4800rbt,50700-63759:Tony Pollard,50700-63759,RB,t,Tony Pollard,pollard,3.825000048,4,4800,NYG@DAL,DAL,NYG,,,,ryland,ryland,tony,pollard4800rbt
richard4500rbj,61.61,Jalen Richard,4500,LV,@KC,,,3.39,5,1.8,-1.54,0.8,0.5,5,4.93,-21,0.27,0,0,4,0,0.92,0.2,18,21.8,32.8,-0.2,11,54.5,41,0,0,0,0,0,0,0,0,0,0,0,0,0,0,0,6,9,4.3,0.1,0.531,0.6,0.07,0,78,0.57,0,4.2,-300,1.41,0.3,100,0.25,0,40,4.7,-1.7,-300,0.95,0.26,81,0.06,0.18,16,RB,520,0.091,0.083,0.277,2,2,2,21,13,9.4,0,8.4,0.5,0.5,0,0,0,0,0,0,0,0,0,0,0,0,0,richard,jalen richard,j,richard4500rbj,50700-33578:Jalen Richard,50700-33578,RB,j,Jalen Richard,richard,4.224999905,4,4500,LV@KC,LV,KC,,,,ryland,ryland,jalen,richard4500rbj
robinson6600rbj,87.19,James Robinson,6600,JAX,@HOU,,,15.25,21.3,9.2,5.08,2.3,18.5,7.5,10.17,1,0.87,1,7.2,13,0,0.98,2,38,24.3,30.8,0.8,6.5,55,43,0,0,0,0,0,0,0,0,0,0,0,0,0,0,0,19,71,4.8,0.8,0.517,1.5,0.75,0.25,0,0,0,19.5,2100,1.04,0.51,100,1,0,50,19.5,11.4,2100,1.04,0.51,100,1,0,50,RB,520,1,0.683,0.595,15,3,3,40,18,11.5,0,0,0.6,1,0,0,0,0,0,0,0,0,0,0,0,0,0,robinson,james robinson,j,robinson6600rbj,50700-130288:James Robinson,50700-130288,RB,j,James Robinson,robinson,17.39999962,4,6600,JAC@HOU,JAC,HOU,,,,ryland,ryland,james,robinson6600rbj
sanders7500rbm,59,Miles Sanders,7500,PHI,@PIT,,,12.89,17.5,8.2,0.47,1.7,3,22.9,12.42,-1,0.8,0.33,3.6,4,0,0.55,-3.1,46,18.3,25.8,-0.7,7.5,44,40,0,0,0,0,0,0,0,0,0,0,0,0,0,0,0,20,61,4.9,0.3,0.523,2.53,1,0.4,71,0.73,0.14,13.3,700,0.57,0.23,50,0.25,0.25,40,12.8,2.5,700,0.74,0.28,73,0.36,0.21,19,RB,520,0.286,0.483,0.623,12,4,3,32,17,9.3,0.2,8.6,0.111,0.519,0,0,0,0,0,0,0,0,0,0,0,0,0,sanders,miles sanders,m,sanders7500rbm,50700-71845:Miles Sanders,50700-71845,RB,m,Miles Sanders,sanders,13.30000051,3,7500,PHI@PIT,PHI,PIT,,,,ryland,ryland,miles,sanders7500rbm
scott4700rbb,44.79,Boston Scott,4700,PHI,@PIT,,,3.32,4.9,1.7,-2.11,0.7,0.5,0.3,5.43,-21,0.27,0,0,0,0,0.64,-3.1,20,18.3,25.8,-0.7,7.5,44,40,0,0,0,0,0,0,0,0,0,0,0,0,0,0,0,9,23,3.9,0.4,0.494,1,0.53,0.27,71,0.73,0.14,3.8,0,0.64,0.21,60,0.4,0.4,50,6.5,-0.5,-200,0.76,0.32,66,0.27,0.33,18,RB,520,0.385,0.191,0.273,6,2,2,19,8,8.5,0,4.1,0.333,0.8,0,0,0,0,0,0,0,0,0,0,0,0,0,scott,boston scott,b,scott4700rbb,50700-43433:Boston Scott,50700-43433,RB,b,Boston Scott,scott,3.200000048,4,4700,PHI@PIT,PHI,PIT,,,,ryland,ryland,boston,scott4700rbb
smith4600rbi,64.59,Ito Smith,4600,ATL,CAR,,,2.66,3.9,1.4,-2.52,0.6,0.5,0.6,5.18,-29,0.14,0,0,6,0,0.66,4,12,28,25.5,0.7,-2.5,53.5,53,0,0,0,0,0,0,0,0,0,0,0,0,0,0,0,4,6,3.3,0,0.5,0.47,0.27,0.07,0,0,0,2.9,-300,0.73,0.22,83,0,0,60,20,-1.4,-300,0.6,0.17,29,0,0.17,17,RB,520,0,0.073,0.178,2,1,1,4,2,4.3,0,0,0,0.4,0,0,0,0,0,0,0,0,0,0,0,0,0,smith,ito smith,i,smith4600rbi,50700-55689:Ito Smith,50700-55689,RB,i,Ito Smith,smith,2.075000048,4,4600,CAR@ATL,ATL,CAR,,,,ryland,ryland,ito,smith4600rbi
snell4700rbb,59.84,Benny Snell,4700,PIT,PHI,,,4.21,6.1,2.3,-1.22,0.9,0.5,1.9,5.43,-16,0.36,0,0,3,0,0.64,0.4,19,25.8,18.3,-0.2,-7.5,44,60,0,0,0,0,0,0,0,0,0,0,0,0,0,0,0,12,47,4,0.2,0.481,1.6,0.73,0.27,71,0.73,0.14,3.7,100,0.35,0.2,33,0.33,0.66,30,4.6,-0.2,100,0.37,0.24,42,0.35,0.57,14,RB,520,0.333,0.391,0.297,11,0,0,1,1,4.8,0,2.9,0.083,0.417,0,0,0,0,0,0,0,0,0,0,0,0,0,snell,benny snell,b,snell4700rbb,50700-70889:Benny Snell Jr.,50700-70889,RB,b,Benny Snell Jr.,snell,3.666666667,3,4700,PHI@PIT,PIT,PHI,,,,ryland,ryland,benny,snell4700rbb
taylor7100rbj,69.94,Jonathan Taylor,7100,IND,@CLE,,,13.85,19.5,8.2,2.43,2,6.5,14.4,11.42,-1,0.8,0.8,1.7,3,0,0.58,-1.2,33,23.8,24.8,0.3,1,48.5,42,0,0,0,0,0,0,0,0,0,0,0,0,0,0,0,13,62,3.8,0.5,0.415,4.5,1.75,1.25,63,0.75,0.02,11.9,1800,0.63,0.36,66,0.66,0.33,60,11.9,2.2,1700,0.63,0.36,66,0.66,0.33,60,RB,520,0.667,0.542,0.482,16,2,2,22,13,90,0,0,0.125,0.438,0,0,0,0,0,0,0,0,0,0,0,0,0,taylor,jonathan taylor,j,taylor7100rbj,50700-89675:Jonathan Taylor,50700-89675,RB,j,Jonathan Taylor,taylor,12.75,4,7100,IND@CLE,IND,CLE,,,,ryland,ryland,jonathan,taylor7100rbj
thompson4700rbc,64.85,Chris Thompson,4700,JAX,@HOU,,,4.22,6.2,2.2,-1.21,0.9,0.5,5.7,5.43,-16,0.36,0,0,4,0,0.64,2,23,24.3,30.8,0.8,6.5,55,43,0,0,0,0,0,0,0,0,0,0,0,0,0,0,0,5,8,3.9,0,0.476,0.67,0.13,0.07,0,0,0,5.2,-200,1.3,0.24,83,0.16,0,60,3.1,-1.1,-200,0.55,0.13,44,0.05,0.44,18,RB,520,0,0.068,0.373,2,3,2,17,9,6.3,0.1,4.8,0,0.5,0,0,0,0,0,0,0,0,0,0,0,0,0,thompson,chris thompson,c,thompson4700rbc,50700-24891:Chris Thompson,50700-24891,RB,c,Chris Thompson,thompson,6.03333346,3,4700,JAC@HOU,JAC,HOU,,,,ryland,ryland,chris,thompson4700rbc
wilkins4800rbj,49.3,Jordan Wilkins,4800,IND,@CLE,,,3.58,5.2,2,-2.1,0.7,0.5,0.1,5.68,-20,0.29,0,0,1,0,0.61,-1.2,13,23.8,24.8,0.3,1,48.5,42,0,0,0,0,0,0,0,0,0,0,0,0,0,0,0,9,21,4.7,0.2,0.475,0.8,0.27,0.2,63,0.75,0.02,4.2,200,0.58,0.38,75,0,0,40,3.4,-1.4,200,0.64,0.26,60,0.13,0.33,15,RB,520,0.167,0.186,0.201,4,0,0,3,3,7.1,0,1.6,0.182,0.455,0,0,0,0,0,0,0,0,0,0,0,0,0,wilkins,jordan wilkins,j,wilkins4800rbj,50700-41867:Jordan Wilkins,50700-41867,RB,j,Jordan Wilkins,wilkins,4.200000127,3,4800,IND@CLE,IND,CLE,,,,ryland,ryland,jordan,wilkins4800rbj
williams4800rbd,63.06,Darrel Williams,4800,KC,LV,,,3.19,4.7,1.7,-2.49,0.7,0.5,4.4,5.68,-24,0.22,0,0,6,0,0.61,8.3,15,32.8,21.8,-1.2,-11,54.5,59,0,0,0,0,0,0,0,0,0,0,0,0,0,0,0,4,8,2.9,0.1,0.529,0.47,0.27,0.2,78,0.57,0,1.2,0,0.52,0.09,66,0,0.33,30,3.1,-0.9,200,0.68,0.21,36,0.05,0.31,19,RB,520,0.111,0.08,0.236,3,1,1,8,8,8.1,0.1,60,0.167,0.167,0,0,0,0,0,0,0,0,0,0,0,0,0,williams,darrel williams,d,williams4800rbd,50700-52897:Darrel Williams,50700-52897,RB,d,Darrel Williams,williams,1.899999976,4,4800,LV@KC,KC,LV,,,,ryland,ryland,darrel,williams4800rbd
wilson6200rbj,48.6,Jeff Wilson,6200,SF,MIA,,,2.9,4.2,1.6,-6.27,0.5,0.5,2.7,9.17,-32,0.11,0,0,7,0,0.48,2.3,6,29.5,21,0.2,-8.5,50.5,49,0,0,0,0,0,0,0,0,0,0,0,0,0,0,0,4,8,3,0.1,0.308,0.75,0.31,0.13,74,0.44,0,7.7,1600,1.1,0.7,25,0.25,0.5,40,2.2,0.3,1600,0.59,0.37,15,0.1,0.78,19,RB,520,0.067,0.065,0.1,2,0,0,11,7,14.4,0.2,5.7,0.111,0.444,0,0,0,0,0,0,0,0,0,0,0,0,0,wilson,jeff wilson,j,wilson6200rbj,50700-55552:Jeff Wilson Jr.,50700-55552,RB,j,Jeff Wilson Jr.,wilson,7.700000127,3,6200,MIA@SF,SF,MIA,,,,ryland,ryland,jeff,wilson6200rbj
andrews7500tem,75.55,Mark Andrews,7500,BAL,CIN,,,10.03,13.8,6.2,-0.75,1.3,6.5,14.6,10.78,1,0.91,1,3.3,8,0,0.64,-1.1,31,30.8,18.3,-2.2,-12.5,49,48,0,0,0,0,0,0,0,0,0,0,0,0,0,0,0,0,0,0,0,0,1.2,0.4,0.2,67,0.94,0.82,11.7,100,2.33,0.29,50,0.5,0.5,40,10.2,1.2,100,1.81,0.33,66,0.38,0.33,18,TE,520,0,0,0,0,5,3,50,28,14.7,0.8,9.5,0.444,0,0.234,0.344,0.26,0,0,0,0,0,0,0,0,0,0,andrews,mark andrews,m,andrews7500tem,50700-52436:Mark Andrews,50700-52436,TE,m,Mark Andrews,andrews,11.64999962,4,7500,CIN@BAL,BAL,CIN,Q,Thigh,,ryland,ryland,mark,andrews7500tem
boyle4100ten,63.66,Nick Boyle,4100,BAL,CIN,,,3.18,4.7,1.7,0.35,0.8,0.5,0.7,2.83,-16,0.3,0,0,2,0,0.61,-1.1,47,30.8,18.3,-2.2,-12.5,49,48,0,0,0,0,0,0,0,0,0,0,0,0,0,0,0,0,0,0,0,0,0.47,0.4,0.4,67,0.94,0.82,2.8,-500,1.88,0.07,100,0.25,0,40,3.1,-1.3,-500,1.33,0.07,61,0.22,0.33,18,TE,520,0,0,0,0,2,1,16,10,90,0.2,70,0.429,0,0.098,0.094,0.086,0,0,0,0,0,0,0,0,0,0,boyle,nick boyle,n,boyle4100ten,50700-62510:Nick Boyle,50700-62510,TE,n,Nick Boyle,boyle,2.825000048,4,4100,CIN@BAL,BAL,CIN,Q,Thigh,,ryland,ryland,nick,boyle4100ten
brown4000tep,57.44,Pharaoh Brown,4000,HOU,JAX,,,2.02,3.1,0.9,-0.58,0.5,0,0.9,2.6,0,0,0,0,2,0,0.57,3.4,17,30.8,24.3,0.3,-6.5,55,57,0,0,0,0,0,0,0,0,0,0,0,0,0,0,0,0,0,0,0,0,0.07,0,0,0,0,0,0,-100,0,0,0,0,0,40,0.1,-0.2,-100,0.75,0.01,6,0,0.66,15,TE,520,0,0,0,0,0,0,1,1,90,0,2.3,0,0,0.005,0,0.006,0,0,0,0,0,0,0,0,0,0,brown,pharaoh brown,p,brown4000tep,50700-29411:Pharaoh Brown,50700-29411,TE,p,Pharaoh Brown,brown,1.233333349,3,4000,JAC@HOU,HOU,JAC,,,,ryland,ryland,pharaoh,brown4000tep
burton4600tet,68.76,Trey Burton,4600,IND,@CLE,,,4.82,7,2.6,0.82,1,0.5,5.8,4,-8,0.51,1,1.4,3,0,0.25,4.6,35,23.8,24.8,0.3,1,48.5,42,0,0,0,0,0,0,0,0,0,0,0,0,0,0,0,0,0,0,0,0,0.07,0.07,0.07,63,0.75,0.02,2.6,-100,0.52,0.07,20,0,0,50,1.4,-0.9,-200,0.45,0.04,17,0,0.11,17,TE,520,0,0,0,0,3,1,8,6,8.6,0,1.7,0,0,0.096,0,0.043,0,0,0,0,0,0,0,0,0,0,burton,trey burton,t,burton4600tet,50700-30297:Trey Burton,50700-30297,TE,t,Trey Burton,burton,2.599999905,1,4600,IND@CLE,IND,CLE,,,,ryland,ryland,trey,burton4600tet
ebron5100tee,79.75,Eric Ebron,5100,PIT,PHI,,,7.12,9.9,4.4,1.95,1.4,3,4.8,5.17,-4,0.66,1,9.7,6,0,0.67,10.9,36,25.8,18.3,-0.2,-7.5,44,60,0,0,0,0,0,0,0,0,0,0,0,0,0,0,0,0,0,0,0,0,0.67,0.2,0.07,71,0.73,0.14,7.3,100,1.56,0.15,66,0.33,0.33,30,6.9,0.9,100,1.35,0.19,53,0.2,0.13,15,TE,520,0,0,0,0,5,3,39,17,11.4,0.2,8.1,0.2,0,0.164,0.125,0.175,0,0,0,0,0,0,0,0,0,0,ebron,eric ebron,e,ebron5100tee,50700-25272:Eric Ebron,50700-25272,TE,e,Eric Ebron,ebron,7.266666412,3,5100,PHI@PIT,PIT,PHI,,,,ryland,ryland,eric,ebron5100tee
eifert4500tet,73.05,Tyler Eifert,4500,JAX,@HOU,,,4.98,7.3,2.7,1.21,1.1,0.5,3.1,3.77,-5,0.62,0,0,4,0,0.67,-0.3,35,24.3,30.8,0.8,6.5,55,43,0,0,0,0,0,0,0,0,0,0,0,0,0,0,0,0,0,0,0,0,0.6,0.2,0.07,0,0,0,4,-100,0.99,0.1,100,0.2,0,50,5.2,0.6,-100,1.32,0.15,93,0.25,0.06,16,TE,520,0,0,0,0,3,2,27,15,11,0.2,80,0.222,0,0.111,0.158,0.112,0,0,0,0,0,0,0,0,0,0,eifert,tyler eifert,t,eifert4500tet,50700-33557:Tyler Eifert,50700-33557,TE,t,Tyler Eifert,eifert,4.425000191,4,4500,JAC@HOU,JAC,HOU,,,,ryland,ryland,tyler,eifert4500tet
engram5500tee,84.96,Evan Engram,5500,NYG,@DAL,,,9.06,12.3,5.9,2.95,1.6,14.5,9,6.11,-4,0.66,1,10,6,0,0.68,1.5,57,22.3,29.8,0,7.5,52,39,0,0,0,0,0,0,0,0,0,0,0,0,0,0,0,0,0,0,0,0,0.5,0.14,0.14,0,0,0,5.4,-800,0.72,0.09,75,0,0.25,40,4.2,-0.9,-800,0.58,0.07,43,0,0.43,16,TE,520,0,0,0,0,7,4,32,12,80,0.1,4.3,0.143,0,0.194,0.125,0.137,0,0,0,0,0,0,0,0,0,0,engram,evan engram,e,engram5500tee,50700-41872:Evan Engram,50700-41872,TE,e,Evan Engram,engram,5.400000095,4,5500,NYG@DAL,NYG,DAL,,,,ryland,ryland,evan,engram5500tee
ertz6500tez,85.22,Zach Ertz,6500,PHI,@PIT,,,10.02,13.6,6.4,1.58,1.5,3,1.1,8.44,2,0.94,0.83,1.9,8,0,0.69,0,64,18.3,25.8,-0.7,7.5,44,40,0,0,0,0,0,0,0,0,0,0,0,0,0,0,0,0,0,0,0,0,1.07,0.4,0.33,71,0.73,0.14,8.1,-100,1.12,0.12,100,0,0,50,10.2,1.9,-200,1.2,0.16,84,0.31,0.15,19,TE,520,0,0,0,0,8,5,53,18,9.5,0.4,6.4,0.313,0,0.221,0.3,0.211,0,0,0,0,0,0,0,0,0,0,ertz,zach ertz,z,ertz6500tez,50700-29780:Zach Ertz,50700-29780,TE,z,Zach Ertz,ertz,7.849999905,4,6500,PHI@PIT,PHI,PIT,,,,ryland,ryland,zach,ertz6500tez
everett4400teg,61.61,Gerald Everett,4400,LA,@WAS,,,3.21,4.8,1.7,-0.33,0.7,0.5,11,3.54,-14,0.35,0,0,2,0,0.16,2.5,26,26,19,-1.8,-7,45,59,0,0,0,0,0,0,0,0,0,0,0,0,0,0,0,0,0,0,0,0,0.27,0.2,0.07,67,0.98,0.81,3.8,-200,2.51,0.13,50,0,0,40,3.2,-1.1,-200,0.97,0.12,26,0.13,0.6,15,TE,520,0,0,0,0,3,1,19,11,10.3,0.1,6.1,0.333,0,0.101,0.067,0.077,0,0,0,0,0,0,0,0,0,0,everett,gerald everett,g,everett4400teg,50700-57299:Gerald Everett,50700-57299,TE,g,Gerald Everett,everett,3.76666673,3,4400,LAR@WAS,LAR,WAS,,,,ryland,ryland,gerald,everett4400teg
fells4700ted,77.71,Darren Fells,4700,HOU,JAX,,,6.64,9.2,4.1,2.4,1.4,0.5,12.7,4.24,-6,0.58,1,1.7,4,0,0.64,3.4,47,30.8,24.3,0.3,-6.5,55,57,0,0,0,0,0,0,0,0,0,0,0,0,0,0,0,0,0,0,0,0,0.67,0.33,0.2,0,0,0,6.2,400,2.32,0.19,66,0.33,0,30,5.9,0.9,200,1.84,0.13,72,0.27,0.18,22,TE,520,0,0,0,0,3,2,22,12,10.1,0.4,70,0.6,0,0.1,0.227,0.088,0,0,0,0,0,0,0,0,0,0,fells,darren fells,d,fells4700ted,50700-38301:Darren Fells,50700-38301,TE,d,Darren Fells,fells,3.825000048,4,4700,JAC@HOU,HOU,JAC,,,,ryland,ryland,darren,fells4700ted
gesicki5600tem,73.99,Mike Gesicki,5600,MIA,@SF,,,7.66,10.7,4.6,1.32,1.4,3,11.6,6.34,-2,0.75,0.18,3.3,6,0,0.7,-2.2,46,21,29.5,0.7,8.5,50.5,51,0,0,0,0,0,0,0,0,0,0,0,0,0,0,0,0,0,0,0,0,1,0.56,0.13,74,0.44,0,9.1,200,1.65,0.23,80,0.2,0.2,50,8.3,2.7,200,1.33,0.18,83,0.44,0.16,18,TE,520,0,0,0,0,6,3,44,18,12.2,0.4,6.5,0.375,0,0.164,0.292,0.164,0,0,0,0,0,0,0,0,0,0,gesicki,mike gesicki,m,gesicki5600tem,50700-56265:Mike Gesicki,50700-56265,TE,m,Mike Gesicki,gesicki,9.375,4,5600,MIA@SF,MIA,SF,,,,ryland,ryland,mike,gesicki5600tem
herndon4800tec,63.1,Chris Herndon,4800,NYJ,ARI,,,6.02,8.5,3.6,1.55,1.3,0.5,3.4,4.47,-2,0.75,0.83,1.7,1,0,0.29,-0.7,42,20.8,27.8,1,7,48.5,38,0,0,0,0,0,0,0,0,0,0,0,0,0,0,0,0,0,0,0,0,0.06,0.06,0,67,0.54,0.01,2.9,100,0.6,0.06,66,0,0.33,60,1.7,-1.2,0,0.4,0.04,22,0,0.38,18,TE,520,0,0,0,0,4,2,16,10,6.8,0,3.5,0,0,0.13,0,0.078,0,0,0,0,0,0,0,0,0,0,herndon,chris herndon,c,herndon4800tec,50700-55336:Chris Herndon,50700-55336,TE,c,Chris Herndon,herndon,2.724999905,4,4800,ARI@NYJ,NYJ,ARI,,,,ryland,ryland,chris,herndon4800tec
higbee6000tet,81.95,Tyler Higbee,6000,LA,@WAS,,,7.93,10.9,5,0.66,1.3,3,2.2,7.27,-1,0.81,0.71,1.9,9,0,0.99,2.5,52,26,19,-1.8,-7,45,59,0,0,0,0,0,0,0,0,0,0,0,0,0,0,0,0,0,0,0,0,1.2,0.47,0.4,67,0.98,0.81,10.5,200,2.8,0.19,75,0.25,0.25,40,9.5,3.3,200,1.66,0.18,86,0.4,0.13,15,TE,520,0,0,0,0,5,4,50,17,11,0.3,7.4,0.222,0,0.169,0.238,0.186,0,0,0,0,0,0,0,0,0,0,higbee,tyler higbee,t,higbee6000tet,50700-47870:Tyler Higbee,50700-47870,TE,t,Tyler Higbee,higbee,10.47500038,4,6000,LAR@WAS,LAR,WAS,,,,ryland,ryland,tyler,higbee6000tet
hooper5200tea,73.97,Austin Hooper,5200,CLE,IND,,,6.33,8.9,3.7,0.93,1.2,0.5,8.2,5.4,0,0.88,0,1.4,3,0,0.67,-2.3,56,24.8,23.8,1.3,-1,48.5,58,0,0,0,0,0,0,0,0,0,0,0,0,0,0,0,0,0,0,0,0,1,0.6,0.27,63,0.75,0.02,5.4,-500,1.27,0.09,50,0.25,0.5,40,6.8,1.1,-500,1.13,0.12,50,0.25,0.5,16,TE,520,0,0,0,0,6,4,43,17,9.8,0.4,7.4,0.333,0,0.174,0.227,0.162,0,0,0,0,0,0,0,0,0,0,hooper,austin hooper,a,hooper5200tea,50700-40126:Austin Hooper,50700-40126,TE,a,Austin Hooper,hooper,5.400000095,4,5200,IND@CLE,CLE,IND,,,,ryland,ryland,austin,hooper5200tea
hurst5700teh,72.81,Hayden Hurst,5700,ATL,CAR,,,8.12,11.2,5.1,1.55,1.4,0.5,1.8,6.57,5,0.98,0.8,1.4,6,0,0.68,-1.7,34,28,25.5,0.7,-2.5,53.5,53,0,0,0,0,0,0,0,0,0,0,0,0,0,0,0,0,0,0,0,0,0.4,0.27,0.07,0,0,0,7.9,400,1.43,0.16,100,0.16,0,60,5.3,0.4,400,1.71,0.15,78,0.15,0.21,19,TE,520,0,0,0,0,3,2,25,17,12.4,0.2,8.5,0.167,0,0.108,0.094,0.117,0,0,0,0,0,0,0,0,0,0,hurst,hayden hurst,h,hurst5700teh,50700-64031:Hayden Hurst,50700-64031,TE,h,Hayden Hurst,hurst,8.675000191,4,5700,CAR@ATL,ATL,CAR,,,,ryland,ryland,hayden,hurst5700teh
kelce7800tet,84.26,Travis Kelce,7800,KC,LV,,,13.55,18.1,9,2.07,1.7,14.5,20.8,11.48,1,0.91,1,5,9,0,0.61,-2.2,61,32.8,21.8,-1.2,-11,54.5,59,0,0,0,0,0,0,0,0,0,0,0,0,0,0,0,0,0,0,0,0,1.47,1.13,0.33,78,0.57,0,13.2,0,1.47,0.22,66,0.33,0.33,30,13.8,3.2,0,1.63,0.23,70,0.4,0.3,20,TE,520,0,0,0,0,8,6,72,23,11.7,0.4,8.3,0.333,0,0.244,0.2,0.272,0,0,0,0,0,0,0,0,0,0,kelce,travis kelce,t,kelce7800tet,50700-33076:Travis Kelce,50700-33076,TE,t,Travis Kelce,kelce,13.42500019,4,7800,LV@KC,KC,LV,,,,ryland,ryland,travis,kelce7800tet
kittle7100teg,91.42,George Kittle,7100,SF,MIA,,,13.56,18.3,8.8,3.72,1.9,28,6.4,9.84,-1,0.81,1,8.6,10,0,0.99,-1.3,57,29.5,21,0.2,-8.5,50.5,49,0,0,0,0,0,0,0,0,0,0,0,0,0,0,0,0,0,0,0,0,1,0.69,0.25,74,0.44,0,20,-900,1.81,0.3,25,0.25,0.25,40,10.9,1.6,-900,1.26,0.19,47,0.26,0.42,19,TE,520,0,0,0,0,8,6,87,30,12.9,0.4,10.7,0.231,0,0.288,0.263,0.346,0,0,0,0,0,0,0,0,0,0,kittle,george kittle,g,kittle7100teg,50700-39793:George Kittle,50700-39793,TE,g,George Kittle,kittle,19.95000076,2,7100,MIA@SF,SF,MIA,,,,ryland,ryland,george,kittle7100teg
mcdonald4200tev,62.72,Vance McDonald,4200,PIT,PHI,,,2.49,3.7,1.3,-0.58,0.6,0.5,0.9,3.07,-18,0.25,0,0,2,0,0.61,10.9,51,25.8,18.3,-0.2,-7.5,44,60,0,0,0,0,0,0,0,0,0,0,0,0,0,0,0,0,0,0,0,0,0.47,0.2,0.07,71,0.73,0.14,2.2,-200,0.94,0.06,33,0,0.66,30,2.9,-2.1,-200,0.79,0.06,35,0.05,0.52,17,TE,520,0,0,0,0,3,2,14,9,6.4,0.1,4.2,0.143,0,0.118,0.059,0.071,0,0,0,0,0,0,0,0,0,0,mcdonald,vance mcdonald,v,mcdonald4200tev,50700-32045:Vance McDonald,50700-32045,TE,v,Vance McDonald,mcdonald,2.199999968,3,4200,PHI@PIT,PIT,PHI,,,,ryland,ryland,vance,mcdonald4200tev
njoku4500ted,54.72,David Njoku,4500,CLE,IND,,,3.29,4.9,1.7,-0.48,0.7,0.5,1.1,3.77,-13,0.37,0,0.3,1,0,0.68,-2.3,14,24.8,23.8,1.3,-1,48.5,58,0,0,0,0,0,0,0,0,0,0,0,0,0,0,0,0,0,0,0,0,0.13,0.13,0.13,63,0.75,0.02,12.5,100,4.17,0.74,25,0.25,0,40,2.7,0.1,100,1.34,0.19,11,0.11,0.44,90,TE,520,0,0,0,0,2,1,18,10,13.5,0.3,0.7,0.5,0,0.074,0.25,0.082,0,0,0,0,0,0,0,0,0,0,njoku,david njoku,d,njoku4500ted,50700-55335:David Njoku,50700-55335,TE,d,David Njoku,njoku,12.5,1,4500,IND@CLE,CLE,IND,,,,ryland,ryland,david,njoku4500ted
o'shaughnessy4000tej,62.87,J. O'Shaughnessy,4000,JAX,@HOU,,,3.41,4.9,1.9,0.81,0.9,0.5,3.5,2.6,-11,0.42,0,0,1,0,0.68,-0.3,29,24.3,30.8,0.8,6.5,55,43,0,0,0,0,0,0,0,0,0,0,0,0,0,0,0,0,0,0,0,0,0.2,0,0,0,0,0,3.5,0,1.27,0.12,75,0,0.25,40,3.5,0.8,0,1.27,0.12,60,0,0.2,50,TE,520,0,0,0,0,2,2,23,12,10.6,0,0,0,0,0.078,0,0.083,0,0,0,0,0,0,0,0,0,0,o'shaughnessy,j. o'shaughnessy,j,o'shaughnessy4000tej,50700-62508:James O'Shaughnessy,50700-62508,TE,j,James O'Shaughnessy,o'shaughnessy,3.5,4,4000,JAC@HOU,JAC,HOU,,,,ryland,ryland,james,o'shaughnessy4000tej
rodgers4300ter,52.04,Richard Rodgers,4300,PHI,@PIT,,,3.55,5.2,1.9,0.25,0.8,0.5,2.3,3.3,-12,0.4,1,0.3,0,0,0.2,0,12,18.3,25.8,-0.7,7.5,44,40,0,0,0,0,0,0,0,0,0,0,0,0,0,0,0,0,0,0,0,0,0,0,0,71,0.73,0.14,3.8,300,2.5,0.27,40,0,0,50,3.8,0.2,300,3.13,0.31,40,0,0,50,TE,520,0,0,0,0,1,1,10,7,10,0,0,0,0,0.033,0,0.043,0,0,0,0,0,0,0,0,0,0,rodgers,richard rodgers,r,rodgers4300ter,50700-29314:Richard Rodgers,50700-29314,TE,r,Richard Rodgers,rodgers,3.75,2,4300,PHI@PIT,PHI,PIT,,,,ryland,ryland,richard,rodgers4300ter
sample4600ted,69.03,Drew Sample,4600,CIN,@BAL,,,5.58,8,3.1,1.58,1.2,0.5,3.2,4,-3,0.7,1,0.6,1,0,0.68,1.5,31,18.3,30.8,-0.7,12.5,49,52,0,0,0,0,0,0,0,0,0,0,0,0,0,0,0,0,0,0,0,0,0.44,0.19,0.06,67,0.94,0.82,4,400,1,0.08,50,0.5,0.25,40,1.6,-0.3,400,0.69,0.05,13,0.13,0.53,15,TE,520,0,0,0,0,2,1,13,5,70,0,1.3,0,0,0.058,0,0.049,0,0,0,0,0,0,0,0,0,0,sample,drew sample,d,sample4600ted,50700-56711:Drew Sample,50700-56711,TE,d,Drew Sample,sample,4,4,4600,CIN@BAL,CIN,BAL,,,,ryland,ryland,drew,sample4600ted
schultz5300ted,73.33,Dalton Schultz,5300,DAL,NYG,,,7.22,10,4.5,1.58,1.4,6.5,1.1,5.64,-5,0.62,1,4.2,4,0,0.99,-1.8,20,29.8,22.3,-2,-7.5,52,61,0,0,0,0,0,0,0,0,0,0,0,0,0,0,0,0,0,0,0,0,0.33,0.13,0,0,0,0,10.2,1300,1.46,0.18,100,0.75,0,40,2.8,1.8,1300,1.4,0.14,26,0.2,0.73,15,TE,520,0,0,0,0,2,1,15,5,11.8,0.1,0.5,0.2,0,0.049,0.071,0.045,0,0,0,0,0,0,0,0,0,0,schultz,dalton schultz,d,schultz5300ted,50700-55042:Dalton Schultz,50700-55042,TE,d,Dalton Schultz,schultz,10.22500038,4,5300,NYG@DAL,DAL,NYG,,,,ryland,ryland,dalton,schultz5300ted
smith4100tek,62.8,Kaden Smith,4100,NYG,@DAL,,,2.37,3.6,1.2,-0.46,0.6,0.5,1.2,2.83,-18,0.25,0,0,2,0,0.64,1.5,43,22.3,29.8,0,7.5,52,39,0,0,0,0,0,0,0,0,0,0,0,0,0,0,0,0,0,0,0,0,0.57,0.29,0.21,0,0,0,1.7,-200,0.86,0.07,75,0,0.25,40,4.8,2.1,-200,1.15,0.11,64,0.28,0.35,14,TE,520,0,0,0,0,4,3,25,12,8.3,0.3,5.1,0.375,0,0.115,0.15,0.105,0,0,0,0,0,0,0,0,0,0,smith,kaden smith,k,smith4100tek,50700-71806:Kaden Smith,50700-71806,TE,k,Kaden Smith,smith,1.725000024,4,4100,NYG@DAL,NYG,DAL,,,,ryland,ryland,kaden,smith4100tek
thomas4900tel,70.61,Logan Thomas,4900,WAS,LA,,,6.33,8.9,3.8,1.63,1.3,3,0.9,4.7,-5,0.62,1,1.9,2,0,0.61,0.5,32,19,26,0.7,7,45,41,0,0,0,0,0,0,0,0,0,0,0,0,0,0,0,0,0,0,0,0,0.69,0.31,0.06,67,0.98,0.81,5.7,900,0.81,0.1,100,0.25,0,40,2.8,-0.2,900,0.86,0.09,64,0.11,0.35,17,TE,520,0,0,0,0,3,1,14,8,9.5,0.1,5.1,0.182,0,0.091,0.087,0.057,0,0,0,0,0,0,0,0,0,0,thomas,logan thomas,l,thomas4900tel,50700-26355:Logan Thomas,50700-26355,TE,l,Logan Thomas,thomas,5.675000191,4,4900,LAR@WAS,WAS,LAR,,,,ryland,ryland,logan,thomas4900tel
waller6800ted,87.76,Darren Waller,6800,LV,@KC,,,11.78,15.9,7.7,2.64,1.7,10.5,13.3,9.14,1,0.91,1,6.1,10,0,0.68,-0.4,60,21.8,32.8,-0.2,11,54.5,41,0,0,0,0,0,0,0,0,0,0,0,0,0,0,0,0,0,0,0,0,1,0.47,0.2,78,0.57,0,12,-100,1.2,0.19,85,0.28,0.14,70,11.1,2.2,-100,1.43,0.18,89,0.31,0.1,19,TE,520,0,0,0,0,7,5,68,26,12.6,0.3,11.3,0.267,0,0.243,0.167,0.252,0,0,0,0,0,0,0,0,0,0,waller,darren waller,d,waller6800ted,50700-25011:Darren Waller,50700-25011,TE,d,Darren Waller,waller,10.80000019,4,6800,LV@KC,LV,KC,,,,ryland,ryland,darren,waller6800ted
agholor4900wrn,51.64,Nelson Agholor,4900,LV,@KC,,,5.17,7.5,2.8,0.07,1.1,0.5,13.7,5.1,-21,0.42,0,0,1,0,0.44,-1.1,52,21.8,32.8,-0.2,11,54.5,41,0,0,0,0,0,0,0,0,0,0,0,0,0,0,0,0,0,0,0,0,0.2,0.13,0.07,78,0.57,0,7,0,3.09,0.19,100,0.5,0,40,3.6,0.1,0,0.75,0.07,47,0.17,0.35,17,WR,520,0,0,0,0,4,2,29,17,10.5,0.2,4.9,0.333,0,0.132,0.118,0.116,0,0,0,0,0,0,0,0,0,0,agholor,nelson agholor,n,agholor4900wrn,50700-29683:Nelson Agholor,50700-29683,WR,n,Nelson Agholor,agholor,6.949999809,4,4900,LV@KC,LV,KC,,,,ryland,ryland,nelson,agholor4900wrn
aiyuk5600wrb,77.61,Brandon Aiyuk,5600,SF,MIA,,,9.4,13.2,5.6,2.7,1.7,3,5.9,6.7,-2,0.78,1,1.5,3,0,0.94,1.2,54,29.5,21,0.2,-8.5,50.5,49,0,0,0,0,0,0,0,0,0,0,0,0,0,0,0,0,0,0,0,0,1.25,0.75,0.5,74,0.44,0,11.4,400,1.71,0.21,75,0.5,0,40,11.4,4.8,400,1.71,0.21,75,0.5,0,40,WR,520,0,0,0,0,5,3,36,15,12.1,0,0,0,0,0.155,0,0.123,0,0,0,0,0,0,0,0,0,0,aiyuk,brandon aiyuk,b,aiyuk5600wrb,50700-85798:Brandon Aiyuk,50700-85798,WR,b,Brandon Aiyuk,aiyuk,11.43333308,3,5600,MIA@SF,SF,MIA,,,,ryland,ryland,brandon,aiyuk5600wrb
anderson6200wrr,87.19,Robby Anderson,6200,CAR,@ATL,,,13.14,18.3,8,5.08,2.1,23,15.5,8.06,-4,0.72,1,10,7,0,0.95,1.7,56,25.5,28,1.7,2.5,53.5,47,0,0,0,0,0,0,0,0,0,0,0,0,0,0,0,0,0,0,0,0,0.56,0.31,0.13,0,0,0,14.5,600,1.65,0.3,100,0.75,0,40,10.4,2.4,600,1.5,0.19,72,0.38,0.27,18,WR,520,0,0,0,0,6,4,64,29,14.9,0.4,8.1,0.222,0,0.215,0.273,0.257,0,0,0,0,0,0,0,0,0,0,anderson,robby anderson,r,anderson6200wrr,50700-26251:Robby Anderson,50700-26251,WR,r,Robby Anderson,anderson,14.42500019,4,6200,CAR@ATL,CAR,ATL,,,,ryland,ryland,robby,anderson6200wrr
beckham6800wro,85.46,Odell Beckham,6800,CLE,IND,,,12.16,17,7.3,2.73,1.8,6.5,8.92,9.43,6,0.93,0.8,1.2,5,0,0.94,0.8,60,24.8,23.8,1.3,-1,48.5,58,0,0,0,0,0,0,0,0,0,0,0,0,0,0,0,0,0,0,0,0,0.87,0.4,0.4,63,0.75,0.02,15.7,-100,1.97,0.31,75,0.5,0.25,40,11.5,1.4,-100,1.4,0.19,75,0.25,0.25,16,WR,520,0,0,0,0,8,4,62,28,14,0.4,8.3,0.231,0,0.259,0.231,0.28,0,0,0,0,0,0,0,0,0,0,beckham,odell beckham,o,beckham6800wro,50700-31360:Odell Beckham Jr.,50700-31360,WR,o,Odell Beckham Jr.,beckham,15.72500038,4,6800,IND@CLE,CLE,IND,,,,ryland,ryland,odell,beckham6800wro
berrios5200wrb,42.38,Braxton Berrios,5200,NYJ,ARI,,,4.58,6.6,2.6,-1.2,0.9,0.5,1.3,5.78,-25,0.36,0,0,1,0,0.11,-0.4,12,20.8,27.8,1,7,48.5,38,0,0,0,0,0,0,0,0,0,0,0,0,0,0,0,0,0,0,0,0,0.13,0.06,0,67,0.54,0.01,14.7,700,2.93,0.42,40,0.4,0,50,2.7,0.9,700,1.6,0.23,23,0.17,0.58,17,WR,520,0,0,0,0,1,1,16,11,14.9,0.2,7.8,0.5,0,0.054,0.118,0.071,0,0,0,0,0,0,0,0,0,0,berrios,braxton berrios,b,berrios5200wrb,50700-52495:Braxton Berrios,50700-52495,WR,b,Braxton Berrios,berrios,9.766666412,3,5200,ARI@NYJ,NYJ,ARI,,,,ryland,ryland,braxton,berrios5200wrb
bourne5200wrk,63.21,Kendrick Bourne,5200,SF,MIA,,,5.95,8.5,3.4,0.17,1.1,0.5,10,5.78,-13,0.55,0,0,1,0,0.54,1.2,38,29.5,21,0.2,-8.5,50.5,49,0,0,0,0,0,0,0,0,0,0,0,0,0,0,0,0,0,0,0,0,0.47,0.41,0.18,74,0.44,0,6.6,-500,1.19,0.12,100,0,0,40,6.5,0.7,-500,1.81,0.17,85,0.38,0.14,21,WR,520,0,0,0,0,3,2,31,15,13.1,0.3,8.7,0.625,0,0.116,0.185,0.117,0,0,0,0,0,0,0,0,0,0,bourne,kendrick bourne,k,bourne5200wrk,50700-80289:Kendrick Bourne,50700-80289,WR,k,Kendrick Bourne,bourne,6.550000191,4,5200,MIA@SF,SF,MIA,,,,ryland,ryland,kendrick,bourne5200wrk
boyd6000wrt,86.49,Tyler Boyd,6000,CIN,@BAL,,,10.65,14.7,6.6,3.04,1.8,3,6.2,7.61,8,0.94,1,1.2,4,0,0.99,1.5,63,18.3,30.8,-0.7,12.5,49,52,0,0,0,0,0,0,0,0,0,0,0,0,0,0,0,0,0,0,0,0,0.87,0.4,0.33,67,0.94,0.82,13.1,-100,1.5,0.21,100,0.75,0,40,11,30,-100,1.24,0.17,80,0.46,0.2,15,WR,520,0,0,0,0,8,5,64,20,11.9,0.3,6.4,0.333,0,0.229,0.294,0.259,0,0,0,0,0,0,0,0,0,0,boyd,tyler boyd,t,boyd6000wrt,50700-40669:Tyler Boyd,50700-40669,WR,t,Tyler Boyd,boyd,13.10000038,4,6000,CIN@BAL,CIN,BAL,,,,ryland,ryland,tyler,boyd6000wrt
brown6100wrm,82.14,Marquise Brown,6100,BAL,CIN,,,10.68,15.1,6.3,2.84,1.8,14.5,16.8,7.84,-11,0.58,1,5.9,3,0,0.99,1.7,40,30.8,18.3,-2.2,-12.5,49,48,0,0,0,0,0,0,0,0,0,0,0,0,0,0,0,0,0,0,0,0,0.47,0.2,0,67,0.94,0.82,9,300,1.38,0.21,80,0.4,0.2,50,8.1,1.8,200,1.82,0.2,57,0.42,0.42,19,WR,520,0,0,0,0,4,3,38,20,12.2,0.3,7.3,0.429,0,0.188,0.125,0.205,0,0,0,0,0,0,0,0,0,0,brown,marquise brown,m,brown6100wrm,50700-86687:Marquise Brown,50700-86687,WR,m,Marquise Brown,brown,8.050000191,4,6100,CIN@BAL,BAL,CIN,Q,Knee,,ryland,ryland,marquise,brown6100wrm
chark7000wrd,78.14,DJ Chark,7000,JAX,@HOU,,,11.7,16.4,7,1.81,1.7,6.5,3.1,9.89,2,0.88,0,0,6,0,0.92,0.7,58,24.3,30.8,0.8,6.5,55,43,0,0,0,0,0,0,0,0,0,0,0,0,0,0,0,0,0,0,0,0,0.87,0.47,0.13,0,0,0,15.3,400,2.87,0.29,60,0.2,0,50,10.2,1.6,400,1.34,0.18,68,0.18,0.18,16,WR,520,0,0,0,0,7,4,55,24,11.9,0.5,6.6,0.385,0,0.208,0.3,0.218,0,0,0,0,0,0,0,0,0,0,chark,dj chark,d,chark7000wrd,50700-52917:DJ Chark Jr.,50700-52917,WR,d,DJ Chark Jr.,chark,15.30000051,3,7000,JAC@HOU,JAC,HOU,,,,ryland,ryland,dj,chark7000wrd
claypool4900wrc,62.44,Chase Claypool,4900,PIT,PHI,,,5.77,8.4,3.1,0.67,1.2,0.5,39.1,5.1,-16,0.5,1,0.2,2,0,0.59,1.3,34,25.8,18.3,-0.2,-7.5,44,60,0,0,0,0,0,0,0,0,0,0,0,0,0,0,0,0,0,0,0,0,0,0,0,71,0.73,0.14,8.3,400,2.49,0.24,66,0.33,0.33,30,8.3,3.7,400,2.49,0.24,66,0.33,0.33,30,WR,520,0,0,0,0,3,2,50,45,25.2,0.3,0,0,0,0.084,0.143,0.194,0,0,0,0,0,0,0,0,0,0,claypool,chase claypool,c,claypool4900wrc,50700-73111:Chase Claypool,50700-73111,WR,c,Chase Claypool,claypool,8.299999873,3,4900,PHI@PIT,PIT,PHI,,,,ryland,ryland,chase,claypool4900wrc
cobb5100wrr,71.94,Randall Cobb,5100,HOU,JAX,,,8.51,11.8,5.3,2.95,1.7,0.5,7.7,5.56,1,0.86,1,0.2,5,0,0.92,-0.6,45,30.8,24.3,0.3,-6.5,55,57,0,0,0,0,0,0,0,0,0,0,0,0,0,0,0,0,0,0,0,0,0.47,0.2,0,0,0,0,10.2,200,2.03,0.25,100,0.66,0,30,80,1.8,100,1.26,0.18,82,0.35,0.17,17,WR,520,0,0,0,0,5,3,59,26,16.3,0.2,10.5,0.143,0,0.149,0.12,0.202,0,0,0,0,0,0,0,0,0,0,cobb,randall cobb,r,cobb5100wrr,50700-14257:Randall Cobb,50700-14257,WR,r,Randall Cobb,cobb,8.449999809,4,5100,JAC@HOU,HOU,JAC,,,,ryland,ryland,randall,cobb5100wrr
cole5400wrk,67.54,Keelan Cole,5400,JAX,@HOU,,,8.13,11.3,5,1.89,1.5,0.5,9.7,6.24,-4,0.72,0,0,2,0,0.61,0.7,34,24.3,30.8,0.8,6.5,55,43,0,0,0,0,0,0,0,0,0,0,0,0,0,0,0,0,0,0,0,0,0.47,0.2,0.13,0,0,0,9.4,800,1.72,0.21,100,0.4,0,50,70,1.3,800,1.83,0.2,75,0.43,0.18,16,WR,520,0,0,0,0,3,2,35,19,12.8,0.3,80,0.571,0,0.104,0.227,0.141,0,0,0,0,0,0,0,0,0,0,cole,keelan cole,k,cole5400wrk,50700-79998:Keelan Cole,50700-79998,WR,k,Keelan Cole,cole,10.22500038,4,5400,JAC@HOU,JAC,HOU,,,,ryland,ryland,keelan,cole5400wrk
conley4800wrc,59.31,Chris Conley,4800,JAX,@HOU,,,4.69,6.9,2.5,-0.18,1,0.5,6.8,4.87,-23,0.39,0,0,2,0,0.35,0.7,48,24.3,30.8,0.8,6.5,55,43,0,0,0,0,0,0,0,0,0,0,0,0,0,0,0,0,0,0,0,0,0.73,0.47,0.27,0,0,0,4.7,-300,0.94,0.15,75,0.25,0.25,40,7.6,1.3,-300,1.3,0.16,80,0.33,0.2,15,WR,520,0,0,0,0,5,2,44,24,15.1,0.3,7.4,0.182,0,0.164,0.182,0.174,0,0,0,0,0,0,0,0,0,0,conley,chris conley,c,conley4800wrc,50700-30403:Chris Conley,50700-30403,WR,c,Chris Conley,conley,4.675000191,4,4800,JAC@HOU,JAC,HOU,,,,ryland,ryland,chris,conley4800wrc
cooks5200wrb,71.9,Brandin Cooks,5200,HOU,JAX,,,9.4,13.4,5.4,3.62,1.8,3,26.1,5.78,-1,0.81,0.67,2.4,4,0,0.51,-0.6,44,30.8,24.3,0.3,-6.5,55,57,0,0,0,0,0,0,0,0,0,0,0,0,0,0,0,0,0,0,0,0,0.27,0.2,0.07,0,0,0,7.9,-400,1.48,0.15,66,0.33,0,30,4.5,-2.3,-500,0.94,0.1,46,0.13,0.46,15,WR,520,0,0,0,0,4,2,30,15,12.4,0.1,6.1,0.25,0,0.129,0.048,0.107,0,0,0,0,0,0,0,0,0,0,cooks,brandin cooks,b,cooks5200wrb,50700-29501:Brandin Cooks,50700-29501,WR,b,Brandin Cooks,cooks,4.699999809,4,5200,JAC@HOU,HOU,JAC,,,,ryland,ryland,brandin,cooks5200wrb
cooper7800wra,80.2,Amari Cooper,7800,DAL,NYG,,,13.64,18.6,8.6,1.93,1.7,14.5,3.1,11.71,0,0.84,0.95,5.6,7,0,0.94,1.3,55,29.8,22.3,-2,-7.5,52,61,0,0,0,0,0,0,0,0,0,0,0,0,0,0,0,0,0,0,0,0,0.73,0.2,0.07,0,0,0,16.7,700,1.31,0.25,100,0.25,0,40,12.6,0.6,700,1.47,0.23,75,0.1,0.25,20,WR,520,0,0,0,0,8,5,71,24,12.8,0.3,8.9,0.273,0,0.209,0.143,0.216,0,0,0,0,0,0,0,0,0,0,cooper,amari cooper,a,cooper7800wra,50700-31001:Amari Cooper,50700-31001,WR,a,Amari Cooper,cooper,16.64999962,4,7800,NYG@DAL,DAL,NYG,,,,ryland,ryland,amari,cooper7800wra
crowder6300wrj,77.67,Jamison Crowder,6300,NYJ,ARI,,,10.93,15,6.9,2.64,1.7,3,21.6,8.29,6,0.93,1,2.4,6,0,0.92,-0.4,51,20.8,27.8,1,7,48.5,38,0,0,0,0,0,0,0,0,0,0,0,0,0,0,0,0,0,0,0,0,1.06,0.44,0.25,67,0.54,0.01,17.5,300,1.52,0.31,50,0.5,0,40,12.1,3.7,300,1.48,0.24,72,0.5,0.16,18,WR,520,0,0,0,0,8,5,62,25,12.5,0.5,7.1,0.235,0,0.253,0.368,0.265,0,0,0,0,0,0,0,0,0,0,crowder,jamison crowder,j,crowder6300wrj,50700-24755:Jamison Crowder,50700-24755,WR,j,Jamison Crowder,crowder,17.45000076,2,6300,ARI@NYJ,NYJ,ARI,,,,ryland,ryland,jamison,crowder6300wrj
dulin4500wra,43.07,Ashton Dulin,4500,IND,@CLE,,,2.25,3.4,1.1,-1.94,0.5,0.5,4.2,4.19,-40,0.19,0,0,0,0,0.35,4.3,10,23.8,24.8,0.3,1,48.5,42,0,0,0,0,0,0,0,0,0,0,0,0,0,0,0,0,0,0,0,0,0,0,0,63,0.75,0.02,1.1,0,1.64,0.09,0,0,0.25,40,0.3,-0.3,0,0.96,0.03,6,0,0.73,15,WR,520,0,0,0,0,0,0,1,1,7.7,0,1.9,0,0,0.011,0,0.009,0,0,0,0,0,0,0,0,0,0,dulin,ashton dulin,a,dulin4500wra,50700-104012:Ashton Dulin,50700-104012,WR,a,Ashton Dulin,dulin,0.366666675,3,4500,IND@CLE,IND,CLE,,,,ryland,ryland,ashton,dulin4500wra
duvernay4600wrd,52.78,Devin Duvernay,4600,BAL,CIN,,,4.18,6,2.4,-0.24,0.9,0.5,6.9,4.42,-27,0.34,0,0,1,0,0.11,1.7,10,30.8,18.3,-2.2,-12.5,49,48,0,0,0,0,0,0,0,0,0,0,0,0,0,0,0,0,0,0,0,0,0.25,0,0,67,0.94,0.82,3.2,-100,1.81,0.32,75,0.25,0.25,40,3.2,-1.5,-100,1.81,0.32,75,0.25,0.25,40,WR,520,0,0,0,0,1,1,10,10,8.4,0,0,0,0,0.071,0,0.053,0,0,0,0,0,0,0,0,0,0,duvernay,devin duvernay,d,duvernay4600wrd,50700-71032:Devin Duvernay,50700-71032,WR,d,Devin Duvernay,duvernay,3.174999952,4,4600,CIN@BAL,BAL,CIN,,,,ryland,ryland,devin,duvernay4600wrd
fitzgerald4900wrl,65.92,Larry Fitzgerald,4900,ARI,@NYJ,,,6.01,8.5,3.6,0.91,1.2,0.5,5.5,5.1,-13,0.55,0.5,0.5,1,0,0.51,3,54,27.8,20.8,0.5,-7,48.5,62,0,0,0,0,0,0,0,0,0,0,0,0,0,0,0,0,0,0,0,0,0.53,0.2,0.2,67,0.54,0.01,4,-400,0.88,0.07,50,0,0.5,40,6.2,-0.6,-400,1.12,0.11,75,0.25,0.25,16,WR,520,0,0,0,0,5,4,35,14,8.9,0.1,6.6,0.125,0,0.176,0.087,0.157,0,0,0,0,0,0,0,0,0,0,fitzgerald,larry fitzgerald,l,fitzgerald4900wrl,50700-6883:Larry Fitzgerald,50700-6883,WR,l,Larry Fitzgerald,fitzgerald,3.950000048,4,4900,ARI@NYJ,ARI,NYJ,,,,ryland,ryland,larry,fitzgerald4900wrl
ford4600wri,66.95,Isaiah Ford,4600,MIA,@SF,,,6.94,9.8,4.1,2.52,1.5,0.5,3.3,4.42,-8,0.63,1,0.5,2,0,0.51,0.3,34,21,29.5,0.7,8.5,50.5,51,0,0,0,0,0,0,0,0,0,0,0,0,0,0,0,0,0,0,0,0,0.44,0.13,0,74,0.44,0,4.6,0,0.73,0.11,83,0.33,0.16,60,4.5,0.7,0,0.85,0.13,50,0.27,0.27,18,WR,520,0,0,0,0,5,3,35,11,10.7,0,4.5,0,0,0.133,0,0.123,0,0,0,0,0,0,0,0,0,0,ford,isaiah ford,i,ford4600wri,50700-56356:Isaiah Ford,50700-56356,WR,i,Isaiah Ford,ford,5.650000095,4,4600,MIA@SF,MIA,SF,,,,ryland,ryland,isaiah,ford4600wri
fuller6600wrw,77.77,Will Fuller,6600,HOU,JAX,,,12.28,17.1,7.4,3.3,1.9,23,13.8,8.98,-7,0.65,1,4.9,5,0,0.98,-0.6,43,30.8,24.3,0.3,-6.5,55,57,0,0,0,0,0,0,0,0,0,0,0,0,0,0,0,0,0,0,0,0,0.4,0.27,0.13,0,0,0,16.6,500,3.83,0.39,66,0.66,0,30,5.5,-0.1,600,1,0.13,36,0.26,0.57,19,WR,520,0,0,0,0,5,3,54,20,13.9,0.2,70,0.167,0,0.175,0.125,0.206,0,0,0,0,0,0,0,0,0,0,fuller,will fuller,w,fuller6600wrw,50700-42028:Will Fuller V,50700-42028,WR,w,Will Fuller V,fuller,12.10000038,4,6600,JAC@HOU,HOU,JAC,,,,ryland,ryland,will,fuller6600wrw
gage5600wrr,75.84,Russell Gage,5600,ATL,CAR,,,10.2,13.9,6.5,3.5,1.8,6.5,2.6,6.7,-8,0.63,1,1.7,4,0,0.92,-0.3,42,28,25.5,0.7,-2.5,53.5,53,0,0,0,0,0,0,0,0,0,0,0,0,0,0,0,0,0,0,0,0,1.6,0.27,0.13,0,0,0,9,800,1.13,0.21,75,0.5,0.25,40,7.1,1.7,800,0.93,0.17,73,0.4,0.26,15,WR,520,0,0,0,0,6,4,41,14,9.5,0.1,6.1,0.087,0,0.159,0.08,0.136,0,0,0,0,0,0,0,0,0,0,gage,russell gage,r,gage5600wrr,50700-52916:Russell Gage,50700-52916,WR,r,Russell Gage,gage,9.024999619,4,5600,CAR@ATL,ATL,CAR,,,,ryland,ryland,russell,gage5600wrr
gallup5700wrm,81.37,Michael Gallup,5700,DAL,NYG,,,8.92,12.7,5.1,2,1.6,10.5,9.3,6.92,-15,0.51,0.93,3.4,6,0,0.95,1.3,64,29.8,22.3,-2,-7.5,52,61,0,0,0,0,0,0,0,0,0,0,0,0,0,0,0,0,0,0,0,0,0.47,0.13,0.13,0,0,0,10,-500,1.67,0.14,100,0.25,0,40,11.1,1.8,-500,1.55,0.17,90,0.38,0.09,21,WR,520,0,0,0,0,7,3,69,27,17.7,0.4,8.7,0.286,0,0.176,0.214,0.209,0,0,0,0,0,0,0,0,0,0,gallup,michael gallup,m,gallup5700wrm,50700-69956:Michael Gallup,50700-69956,WR,m,Michael Gallup,gallup,10,4,5700,NYG@DAL,DAL,NYG,,,,ryland,ryland,michael,gallup5700wrm
grant4600wrj,36.76,Jakeem Grant,4600,MIA,@SF,,,2.6,3.8,1.4,-1.82,0.6,0.5,-0.1,4.42,-35,0.25,0,0,1,0,0.11,0.3,16,21,29.5,0.7,8.5,50.5,51,0,0,0,0,0,0,0,0,0,0,0,0,0,0,0,0,0,0,0,0,0.13,0.06,0,74,0.44,0,3.8,100,1.37,0.2,75,0,0.25,40,3.4,0.1,100,1.3,0.21,43,0.06,0.37,16,WR,520,0,0,0,0,2,1,19,11,10.8,0,5.9,0,0,0.067,0,0.079,0,0,0,0,0,0,0,0,0,0,grant,jakeem grant,j,grant4600wrj,50700-32703:Jakeem Grant,50700-32703,WR,j,Jakeem Grant,grant,3.775000095,4,4600,MIA@SF,MIA,SF,Q,Illness,,ryland,ryland,jakeem,grant4600wrj
hardman5100wrm,67.39,Mecole Hardman,5100,KC,LV,,,7.48,10.9,4.1,1.92,1.5,0.5,6,5.56,-5,0.7,1,1.5,3,0,0.61,0.5,24,32.8,21.8,-1.2,-11,54.5,59,0,0,0,0,0,0,0,0,0,0,0,0,0,0,0,0,0,0,0,0,0.13,0.13,0,78,0.57,0,11,100,2.36,0.32,100,0.66,0,30,6.3,-0.4,100,2.71,0.26,60,0.3,0.4,20,WR,520,0,0,0,0,2,1,29,20,17.4,0.4,17.9,0.5,0,0.062,0.2,0.109,0,0,0,0,0,0,0,0,0,0,hardman,mecole hardman,m,hardman5100wrm,50700-71352:Mecole Hardman,50700-71352,WR,m,Mecole Hardman,hardman,8.550000191,4,5100,LV@KC,KC,LV,,,,ryland,ryland,mecole,hardman5100wrm
higgins5400wrt,77.97,Tee Higgins,5400,CIN,@BAL,,,8.97,12.5,5.5,2.73,1.7,3,8.2,6.24,-6,0.68,1,2.2,4,0,0.92,1.5,43,18.3,30.8,-0.7,12.5,49,52,0,0,0,0,0,0,0,0,0,0,0,0,0,0,0,0,0,0,0,0,1,0.5,0.5,67,0.94,0.82,11.5,500,2,0.27,75,0.5,0,40,11.5,4.8,500,2,0.27,75,0.5,0,40,WR,520,0,0,0,0,5,3,38,16,12.7,0.5,0,0.5,0,0.128,0.333,0.135,0,0,0,0,0,0,0,0,0,0,higgins,tee higgins,t,higgins5400wrt,50700-89981:Tee Higgins,50700-89981,WR,t,Tee Higgins,higgins,11.5,3,5400,CIN@BAL,CIN,BAL,,,,ryland,ryland,tee,higgins5400wrt
hightower4800wrj,50.79,John Hightower,4800,PHI,@PIT,,,5.73,8.3,3.2,0.86,1.2,0.5,4.8,4.87,-19,0.45,0,0,0,0,0.04,2.6,40,18.3,25.8,-0.7,7.5,44,40,0,0,0,0,0,0,0,0,0,0,0,0,0,0,0,0,0,0,0,0,0.5,0,0,71,0.73,0.14,2.1,300,0.95,0.05,50,0,0.25,40,2.1,-0.5,300,0.95,0.05,50,0,0.25,40,WR,520,0,0,0,0,2,1,9,5,7.8,0,0,0,0,0.059,0,0.042,0,0,0,0,0,0,0,0,0,0,hightower,john hightower,j,hightower4800wrj,50700-86472:John Hightower,50700-86472,WR,j,John Hightower,hightower,2.133333365,3,4800,PHI@PIT,PHI,PIT,,,,ryland,ryland,john,hightower4800wrj
hill8200wrt,77.88,Tyreek Hill,8200,KC,LV,,,14.41,20.2,8.7,1.78,1.8,14.5,16.8,12.63,3,0.89,1,3.7,8,0,0.44,0.5,53,32.8,21.8,-1.2,-11,54.5,59,0,0,0,0,0,0,0,0,0,0,0,0,0,0,0,0,0,0,0,0,0.87,0.53,0.2,78,0.57,0,17.5,200,2.01,0.29,100,0,0,30,13.5,10,100,1.61,0.25,61,0.23,0.38,21,WR,520,0,0,0,0,7,5,75,31,15.1,0.7,9.6,0.455,0,0.225,0.367,0.283,0,0,0,0,0,0,0,0,0,0,hill,tyreek hill,t,hill8200wrt,50700-53681:Tyreek Hill,50700-53681,WR,t,Tyreek Hill,hill,16.375,4,8200,LV@KC,KC,LV,,,,ryland,ryland,tyreek,hill8200wrt
hilton5700wrt,78.8,TY Hilton,5700,IND,@CLE,,,10.01,14.1,5.9,3.09,1.8,3,9.9,6.92,2,0.88,0.5,2,3,0,0.59,4.3,44,23.8,24.8,0.3,1,48.5,42,0,0,0,0,0,0,0,0,0,0,0,0,0,0,0,0,0,0,0,0,0.27,0.13,0.07,63,0.75,0.02,5.7,-800,1.04,0.12,66,0,0.33,60,4.6,-2.4,-800,0.75,0.1,33,0,0.66,18,WR,520,0,0,0,0,6,3,43,20,12.7,0.1,8.7,0.25,0,0.211,0.125,0.205,0,0,0,0,0,0,0,0,0,0,hilton,ty hilton,t,hilton5700wrt,50700-22031:T.Y. Hilton,50700-22031,WR,t,T.Y. Hilton,hilton,5.675000191,4,5700,IND@CLE,IND,CLE,,,,ryland,ryland,t.y.,hilton5700wrt
hogan5100wrc,45.11,Chris Hogan,5100,NYJ,ARI,,,6.26,8.7,3.8,0.7,1.2,0.5,3.5,5.56,-12,0.56,0,0,0,0,0,-0.4,50,20.8,27.8,1,7,48.5,38,0,0,0,0,0,0,0,0,0,0,0,0,0,0,0,0,0,0,0,0,0.33,0.2,0.07,67,0.54,0.01,4.9,500,0.85,0.09,60,0.2,0.2,50,3.8,-0.3,500,0.8,0.08,37,0.06,0.06,16,WR,520,0,0,0,0,4,2,20,9,8.8,0,4.4,0,0,0.125,0,0.087,0,0,0,0,0,0,0,0,0,0,hogan,chris hogan,c,hogan5100wrc,50700-14704:Chris Hogan,50700-14704,WR,c,Chris Hogan,hogan,3.825000048,4,5100,ARI@NYJ,NYJ,ARI,Q,Ribs,,ryland,ryland,chris,hogan5100wrc
hopkins8700wrd,80.86,DeAndre Hopkins,8700,ARI,@NYJ,,,14.99,20.2,9.7,1.22,1.7,14.5,22.1,13.77,3,0.89,1,4.6,5,0,0.59,3,67,27.8,20.8,0.5,-7,48.5,62,0,0,0,0,0,0,0,0,0,0,0,0,0,0,0,0,0,0,0,0,1.33,0.6,0.27,67,0.54,0.01,16.3,900,1.42,0.25,75,0.25,0.25,40,14.6,1.2,900,1.21,0.22,75,0.25,0.25,20,WR,520,0,0,0,0,10,8,86,24,10.8,0.4,7.9,0.176,0,0.328,0.261,0.356,0,0,0,0,0,0,0,0,0,0,hopkins,deandre hopkins,d,hopkins8700wrd,50700-16606:DeAndre Hopkins,50700-16606,WR,d,DeAndre Hopkins,hopkins,16.29999924,4,8700,ARI@NYJ,ARI,NYJ,,,,ryland,ryland,deandre,hopkins8700wrd
inman5000wrd,55.83,Dontrelle Inman,5000,WAS,LA,,,6.5,9.1,3.9,1.17,1.3,0.5,0.3,5.33,-9,0.62,0,0,0,0,0.44,0.5,34,19,26,0.7,7,45,41,0,0,0,0,0,0,0,0,0,0,0,0,0,0,0,0,0,0,0,0,0.29,0,0,67,0.98,0.81,7,500,1.33,0.16,100,0.25,0,40,5.2,1.5,500,1.26,0.15,83,0.16,0.16,60,WR,520,0,0,0,0,4,2,22,14,10.3,0.3,6.4,1,0,0.129,0.5,0.111,0,0,0,0,0,0,0,0,0,0,inman,dontrelle inman,d,inman5000wrd,50700-14645:Dontrelle Inman,50700-14645,WR,d,Dontrelle Inman,inman,7,4,5000,LAR@WAS,WAS,LAR,,,,ryland,ryland,dontrelle,inman5000wrd
isabella4800wra,61.88,Andy Isabella,4800,ARI,@NYJ,,,5.64,8.3,3,0.77,1.2,0.5,4,4.87,-18,0.46,0,0,1,0,0.63,3,14,27.8,20.8,0.5,-7,48.5,62,0,0,0,0,0,0,0,0,0,0,0,0,0,0,0,0,0,0,0,0,0.2,0.13,0.13,67,0.54,0.01,9,200,3.61,0.48,50,0.5,0.25,40,40,-1.1,200,2.52,0.29,33,0.26,0.6,15,WR,520,0,0,0,0,1,1,20,16,18,0.2,11.7,0.667,0,0.047,0.13,0.09,0,0,0,0,0,0,0,0,0,0,isabella,andy isabella,a,isabella4800wra,50700-63419:Andy Isabella,50700-63419,WR,a,Andy Isabella,isabella,9.03333346,3,4800,ARI@NYJ,ARI,NYJ,,,,ryland,ryland,andy,isabella4800wra
johnson5800wrd,85.15,Diontae Johnson,5800,PIT,PHI,,,10.81,14.8,6.8,3.66,1.9,18.5,0.3,7.15,-16,0.5,1,3.4,3,0,0.96,1.3,43,25.8,18.3,-0.2,-7.5,44,60,0,0,0,0,0,0,0,0,0,0,0,0,0,0,0,0,0,0,0,0,0.44,0.06,0.06,71,0.73,0.14,8.9,-100,1.03,0.21,66,0.33,0.33,30,8.8,2.3,-100,1.34,0.2,75,0.37,0.25,16,WR,520,0,0,0,0,6,3,45,19,11.5,0.3,6.9,0.167,0,0.207,0.222,0.218,0,0,0,0,0,0,0,0,0,0,johnson,diontae johnson,d,johnson5800wrd,50700-66008:Diontae Johnson,50700-66008,WR,d,Diontae Johnson,johnson,8.933333079,3,5800,PHI@PIT,PIT,PHI,,,,ryland,ryland,diontae,johnson5800wrd
jones4500wrz,41.75,Zay Jones,4500,LV,@KC,,,3.19,4.6,1.7,-1,0.7,0.5,0.7,4.19,-30,0.3,0,0,1,0,0.35,-1.1,41,21.8,32.8,-0.2,11,54.5,41,0,0,0,0,0,0,0,0,0,0,0,0,0,0,0,0,0,0,0,0,0.27,0.13,0.13,78,0.57,0,6,-100,2.39,0.2,60,0.2,0,50,3.1,-1.6,-300,1.13,0.07,68,0.06,0.18,16,WR,520,0,0,0,0,2,2,16,9,8.1,0.1,5.7,0.25,0,0.084,0.048,0.06,0,0,0,0,0,0,0,0,0,0,jones,zay jones,z,jones4500wrz,50700-41305:Zay Jones,50700-41305,WR,z,Zay Jones,jones,5.96666654,3,4500,LV@KC,LV,KC,,,,ryland,ryland,zay,jones4500wrz
kirk5600wrc,65.42,Christian Kirk,5600,ARI,@NYJ,,,6.49,9.3,3.7,-0.21,1.2,0.5,10.3,6.7,-11,0.58,1,0.5,1,0,0.56,3,56,27.8,20.8,0.5,-7,48.5,62,0,0,0,0,0,0,0,0,0,0,0,0,0,0,0,0,0,0,0,0,0.67,0.4,0.13,67,0.54,0.01,5.6,-200,1.13,0.12,50,0,0.25,40,7.9,1.3,-200,1.01,0.14,53,0.26,0.4,15,WR,520,0,0,0,0,7,4,45,19,10.9,0.3,5.8,0.2,0,0.223,0.222,0.203,0,0,0,0,0,0,0,0,0,0,kirk,christian kirk,c,kirk5600wrc,50700-60858:Christian Kirk,50700-60858,WR,c,Christian Kirk,kirk,5.633333206,3,5600,ARI@NYJ,ARI,NYJ,,,,ryland,ryland,christian,kirk5600wrc
kupp7200wrc,74.9,Cooper Kupp,7200,LA,@WAS,,,12.23,16.8,7.7,1.88,1.7,6.5,9.1,10.35,6,0.93,1,2,3,0,0.61,-0.5,53,26,19,-1.8,-7,45,59,0,0,0,0,0,0,0,0,0,0,0,0,0,0,0,0,0,0,0,0,1.2,0.47,0,67,0.98,0.81,13.2,0,1.71,0.23,75,0.25,0.25,40,11.5,-0.2,0,1.47,0.22,55,0.16,0.44,18,WR,520,0,0,0,0,6,5,63,24,12.5,0.5,90,0.294,0,0.195,0.381,0.233,0,0,0,0,0,0,0,0,0,0,kupp,cooper kupp,c,kupp7200wrc,50700-79970:Cooper Kupp,50700-79970,WR,c,Cooper Kupp,kupp,13.22500038,4,7200,LAR@WAS,LAR,WAS,,,,ryland,ryland,cooper,kupp7200wrc
lamb5900wrc,83.74,CeeDee Lamb,5900,DAL,NYG,,,11.32,15.8,6.9,3.94,1.9,14.5,16.4,7.38,-10,0.6,1,5.6,6,0,0.98,1.3,59,29.8,22.3,-2,-7.5,52,61,0,0,0,0,0,0,0,0,0,0,0,0,0,0,0,0,0,0,0,0,0.75,0.5,0.5,0,0,0,13.7,700,1.76,0.23,100,0.5,0,40,13.7,7.5,700,1.76,0.23,100,0.5,0,40,WR,520,0,0,0,0,7,5,77,35,14.7,0.5,0,0.333,0,0.142,0.222,0.183,0,0,0,0,0,0,0,0,0,0,lamb,ceedee lamb,c,lamb5900wrc,50700-86631:CeeDee Lamb,50700-86631,WR,c,CeeDee Lamb,lamb,13.67500019,4,5900,NYG@DAL,DAL,NYG,,,,ryland,ryland,ceedee,lamb5900wrc
landry5600wrj,79.44,Jarvis Landry,5600,CLE,IND,,,9.27,12.9,5.6,2.57,1.7,3,10.8,6.7,-4,0.72,0,0.7,4,0,0.63,0.8,58,24.8,23.8,1.3,-1,48.5,58,0,0,0,0,0,0,0,0,0,0,0,0,0,0,0,0,0,0,0,0,1.2,0.53,0.2,63,0.75,0.02,8.3,-700,1.44,0.18,100,0.25,0,40,11.8,2.6,-700,1.33,0.2,93,0.4,0.06,15,WR,520,0,0,0,0,7,5,64,24,12.3,0.4,7.9,0.278,0,0.254,0.231,0.288,0,0,0,0,0,0,0,0,0,0,landry,jarvis landry,j,landry5600wrj,50700-31394:Jarvis Landry,50700-31394,WR,j,Jarvis Landry,landry,8.270000458,4,5600,IND@CLE,CLE,IND,,,,ryland,ryland,jarvis,landry5600wrj
mclaurin6300wrt,87.79,Terry McLaurin,6300,WAS,LA,,,12.16,17.1,7.2,3.87,1.9,6.5,4.1,8.29,8,0.94,0.67,3.4,6,0,0.96,0.5,56,19,26,0.7,7,45,41,0,0,0,0,0,0,0,0,0,0,0,0,0,0,0,0,0,0,0,0,0.8,0.27,0.13,67,0.98,0.81,14.5,-200,1.45,0.23,100,0.5,0,40,10.5,2.6,-200,1.44,0.19,81,0.37,0.18,16,WR,520,0,0,0,0,7,4,71,28,15.4,0.4,10.2,0.091,0,0.254,0.357,0.364,0,0,0,0,0,0,0,0,0,0,mclaurin,terry mclaurin,t,mclaurin6300wrt,50700-56250:Terry McLaurin,50700-56250,WR,t,Terry McLaurin,mclaurin,14.5,4,6300,LAR@WAS,WAS,LAR,,,,ryland,ryland,terry,mclaurin6300wrt
moore6600wrd,87.54,DJ Moore,6600,CAR,@ATL,,,12.24,17,7.5,3.26,1.9,14.5,17.3,8.98,-3,0.75,0,0,5,0,0.63,1.7,61,25.5,28,1.7,2.5,53.5,47,0,0,0,0,0,0,0,0,0,0,0,0,0,0,0,0,0,0,0,0,0,0,0,0,0,0,9.5,-500,0,0,75,0.25,0.25,40,11.4,3.1,-500,1.13,0.19,80,0.53,0.2,15,WR,520,0,0,0,0,9,6,82,26,13.5,0.3,8.2,0,0,0.253,0.25,0.318,0,0,0,0,0,0,0,0,0,0,moore,dj moore,d,moore6600wrd,50700-63043:DJ Moore,50700-63043,WR,d,DJ Moore,moore,9.449999809,4,6600,CAR@ATL,CAR,ATL,,,,ryland,ryland,dj,moore6600wrd
parker6400wrd,85.54,DeVante Parker,6400,MIA,@SF,,,11.41,15.8,7,2.89,1.8,6.5,12,8.52,1,0.86,1,2.9,7,0,0.92,0.3,56,21,29.5,0.7,8.5,50.5,51,0,0,0,0,0,0,0,0,0,0,0,0,0,0,0,0,0,0,0,0,1,0.25,0.13,74,0.44,0,11.1,-300,1.53,0.22,100,0.4,0,50,13.5,5.1,-300,1.63,0.24,94,0.55,0.05,18,WR,520,0,0,0,0,8,5,80,25,14.9,0.6,9.9,0.438,0,0.218,0.375,0.296,0,0,0,0,0,0,0,0,0,0,parker,devante parker,d,parker6400wrd,50700-33260:DeVante Parker,50700-33260,WR,d,DeVante Parker,parker,11.47500038,4,6400,MIA@SF,MIA,SF,,,,ryland,ryland,devante,parker6400wrd
pascal5300wrz,74.85,Zach Pascal,5300,IND,@CLE,,,8.96,12.6,5.3,2.95,1.7,3,2.5,6.01,-6,0.68,1,2.2,2,0,0.61,4.3,56,23.8,24.8,0.3,1,48.5,42,0,0,0,0,0,0,0,0,0,0,0,0,0,0,0,0,0,0,0,0,1,0.33,0.2,63,0.75,0.02,5.3,100,1.12,0.1,60,0,0.4,50,6.9,-0.6,-100,1.09,0.12,50,0.22,0.5,18,WR,520,0,0,0,0,5,2,40,18,13.7,0.3,6.3,0.333,0,0.175,0.313,0.185,0,0,0,0,0,0,0,0,0,0,pascal,zach pascal,z,pascal5300wrz,50700-53390:Zach Pascal,50700-53390,WR,z,Zach Pascal,pascal,5.974999905,4,5300,IND@CLE,IND,CLE,,,,ryland,ryland,zach,pascal5300wrz
renfrow5100wrh,75.05,Hunter Renfrow,5100,LV,@KC,,,8.74,12.3,5.2,3.18,1.7,3,4.7,5.56,-8,0.63,0.86,1.7,5,0,0.96,-1.1,36,21.8,32.8,-0.2,11,54.5,41,0,0,0,0,0,0,0,0,0,0,0,0,0,0,0,0,0,0,0,0,0.93,0.33,0.2,78,0.57,0,7.8,-100,1.42,0.2,80,0.2,0.2,50,8.1,2.8,-100,1.39,0.23,76,0.29,0.23,17,WR,520,0,0,0,0,5,4,58,27,13.3,0.4,10.4,0.214,0,0.181,0.25,0.211,0,0,0,0,0,0,0,0,0,0,renfrow,hunter renfrow,h,renfrow5100wrh,50700-57986:Hunter Renfrow,50700-57986,WR,h,Hunter Renfrow,renfrow,8.475000381,4,5100,LV@KC,LV,KC,,,,ryland,ryland,hunter,renfrow5100wrh
reynolds4700wrj,52.8,Josh Reynolds,4700,LA,@WAS,,,5.06,7.4,2.7,0.42,1.1,0.5,5.6,4.64,-20,0.43,0,0,0,0,0.61,-0.5,38,26,19,-1.8,-7,45,59,0,0,0,0,0,0,0,0,0,0,0,0,0,0,0,0,0,0,0,0,0.2,0.13,0.13,67,0.98,0.81,4.1,-100,1.38,0.1,100,0,0,40,4.4,-1.3,-100,1.26,0.12,68,0.06,0.31,16,WR,520,0,0,0,0,3,1,28,15,14.7,0.1,5.6,0,0,0.093,0.048,0.105,0,0,0,0,0,0,0,0,0,0,reynolds,josh reynolds,j,reynolds4700wrj,50700-53097:Josh Reynolds,50700-53097,WR,j,Josh Reynolds,reynolds,4.125,4,4700,LAR@WAS,LAR,WAS,,,,ryland,ryland,josh,reynolds4700wrj
ridley8300wrc,76.57,Calvin Ridley,8300,ATL,CAR,,,14.32,19.8,8.8,1.47,1.7,14.5,17.6,12.85,1,0.86,1,6.3,8,0,0.59,-0.3,58,28,25.5,0.7,-2.5,53.5,53,0,0,0,0,0,0,0,0,0,0,0,0,0,0,0,0,0,0,0,0,1.07,0.53,0.2,0,0,0,23.3,1700,2.22,0.4,60,0.4,0,50,15.9,5.1,1700,1.82,0.27,70,0.52,0,17,WR,520,0,0,0,0,8,5,76,23,14.6,0.7,9.6,0.4,0,0.213,0.381,0.246,0,0,0,0,0,0,0,0,0,0,ridley,calvin ridley,c,ridley8300wrc,50700-64555:Calvin Ridley,50700-64555,WR,c,Calvin Ridley,ridley,17.5,4,8300,CAR@ATL,ATL,CAR,,,,ryland,ryland,calvin,ridley8300wrc
robinson4700wrd,54.36,Demarcus Robinson,4700,KC,LV,,,4.77,6.9,2.6,0.13,1,0.5,1.2,4.64,-24,0.38,0,0,1,0,0.56,0.5,39,32.8,21.8,-1.2,-11,54.5,59,0,0,0,0,0,0,0,0,0,0,0,0,0,0,0,0,0,0,0,0,0.27,0.2,0.07,78,0.57,0,4.3,0,2.57,0.12,33,0,0,30,2.8,-2.9,100,1.09,0.07,45,0.1,0.4,20,WR,520,0,0,0,0,2,1,14,8,10.3,0.1,4.9,0,0,0.076,0.033,0.054,0,0,0,0,0,0,0,0,0,0,robinson,demarcus robinson,d,robinson4700wrd,50700-38264:Demarcus Robinson,50700-38264,WR,d,Demarcus Robinson,robinson,2.600000064,3,4700,LV@KC,KC,LV,,,,ryland,ryland,demarcus,robinson4700wrd
ruggs5300wrh,59.18,Henry Ruggs,5300,LV,@KC,,,7.93,11.5,4.4,1.92,1.5,3,18.8,6.01,-15,0.51,1,0.7,2,0,0.63,-1.1,45,21.8,32.8,-0.2,11,54.5,41,0,0,0,0,0,0,0,0,0,0,0,0,0,0,0,0,0,0,0,0,0,0,0,78,0.57,0,4.5,200,0.9,0.1,25,0,0.25,40,4.5,-0.8,200,0.9,0.1,25,0,0.25,40,WR,520,0,0,0,0,4,2,29,24,14.8,0,0,0,0,0.129,0,0.113,0,0,0,0,0,0,0,0,0,0,ruggs,henry ruggs,h,ruggs5300wrh,50700-90537:Henry Ruggs III,50700-90537,WR,h,Henry Ruggs III,ruggs,4.5,2,5300,LV@KC,LV,KC,Q,Knee,,ryland,ryland,henry,ruggs5300wrh
samuel5100wrc,81.95,Curtis Samuel,5100,CAR,@ATL,,,8.63,12,5.3,3.07,1.7,0.5,8.9,5.56,3,0.89,0.67,0.7,5,0,0.95,1.7,55,25.5,28,1.7,2.5,53.5,47,0,0,0,0,0,0,0,0,0,0,0,0,0,0,0,0,0,0,0,0,1.33,0.67,0.47,0,0,0,6.4,-400,0.88,0.15,100,0,0,50,8.5,1.3,-400,1.13,0.15,81,0.25,0.18,16,WR,520,0,0,0,0,5,3,36,18,11.2,0.3,5.8,0.357,0,0.154,0.313,0.136,0,0,0,0,0,0,0,0,0,0,samuel,curtis samuel,c,samuel5100wrc,50700-52613:Curtis Samuel,50700-52613,WR,c,Curtis Samuel,samuel,6.300000191,4,5100,CAR@ATL,CAR,ATL,,,,ryland,ryland,curtis,samuel5100wrc
samuel6000wrd,69,Deebo Samuel,6000,SF,MIA,,,8.36,12,4.7,0.75,1.4,0.5,3.2,7.61,3,0.89,1,1.5,1,0,0.61,1.2,49,29.5,21,0.2,-8.5,50.5,49,0,0,0,0,0,0,0,0,0,0,0,0,0,0,0,0,0,0,0,0,1.19,0.44,0.19,74,0.44,0,6,0,1.5,0.24,25,0,0,40,10,2.3,0,1.49,0.2,71,0.38,0.09,21,WR,520,0,0,0,0,5,4,57,24,14.3,0.2,10.8,0,0,0.178,0.091,0.209,0,0,0,0,0,0,0,0,0,0,samuel,deebo samuel,d,samuel6000wrd,50700-56018:Deebo Samuel,50700-56018,WR,d,Deebo Samuel,samuel,6,1,6000,MIA@SF,SF,MIA,Q,Illness,,ryland,ryland,deebo,samuel6000wrd
shenault5300wrl,71.75,Laviska Shenault,5300,JAX,@HOU,,,8.76,12.3,5.2,2.75,1.7,3,11.4,6.01,-8,0.63,1,2.2,3,0,0.59,0.7,39,24.3,30.8,0.8,6.5,55,43,0,0,0,0,0,0,0,0,0,0,0,0,0,0,0,0,0,0,0,0,0.75,0,0,0,0,0,9.6,700,1.32,0.25,100,0.75,0,40,9.6,4.3,700,1.32,0.25,100,0.75,0,40,WR,520,0,0,0,0,5,4,47,19,11.9,0.3,0,0.5,0,0.142,0.125,0.168,0,0,0,0,0,0,0,0,0,0,shenault,laviska shenault,l,shenault5300wrl,50700-87859:Laviska Shenault Jr.,50700-87859,WR,l,Laviska Shenault Jr.,shenault,9.600000381,4,5300,JAC@HOU,JAC,HOU,,,,ryland,ryland,laviska,shenault5300wrl
slayton5800wrd,78.77,Darius Slayton,5800,NYG,@DAL,,,10.39,14.6,6.1,3.24,1.8,14.5,16.9,7.15,-16,0.5,0.97,8.5,4,0,0.54,4.8,56,22.3,29.8,0,7.5,52,39,0,0,0,0,0,0,0,0,0,0,0,0,0,0,0,0,0,0,0,0,0.86,0.5,0.29,0,0,0,10.3,500,1.42,0.18,100,0.25,0,40,10.5,3.2,500,1.6,0.19,80,0.26,0.2,15,WR,520,0,0,0,0,6,3,56,25,15.4,0.6,8.4,0.25,0,0.181,0.36,0.226,0,0,0,0,0,0,0,0,0,0,slayton,darius slayton,d,slayton5800wrd,50700-63819:Darius Slayton,50700-63819,WR,d,Darius Slayton,slayton,10.27499962,4,5800,NYG@DAL,NYG,DAL,,,,ryland,ryland,darius,slayton5800wrd
smith-schuster7300wrj,69.3,J. Smith-Schuster,7300,PIT,PHI,,,10.94,14.9,7,0.37,1.5,6.5,4.8,10.57,-4,0.72,1,1,2,0,0.63,1.3,49,25.8,18.3,-0.2,-7.5,44,60,0,0,0,0,0,0,0,0,0,0,0,0,0,0,0,0,0,0,0,0,0.5,0.25,0.06,71,0.73,0.14,14.8,200,2.34,0.26,66,0.33,0.33,30,6.1,-1.7,200,1.1,0.13,29,0.17,0.7,17,WR,520,0,0,0,0,5,3,37,17,10.8,0.4,5.3,0.25,0,0.169,0.286,0.179,0,0,0,0,0,0,0,0,0,0,smith-schuster,j. smith-schuster,j,smith-schuster7300wrj,50700-55987:JuJu Smith-Schuster,50700-55987,WR,j,JuJu Smith-Schuster,smith-schuster,14.83333333,3,7300,PHI@PIT,PIT,PHI,,,,ryland,ryland,juju,smith-schuster7300wrj
smith4900wrj,54.12,Jeff Smith,4900,NYJ,ARI,,,7.51,10.6,4.5,2.41,1.5,3,3.8,5.1,-19,0.45,1,1.7,2,0,0.02,-0.4,43,20.8,27.8,1,7,48.5,38,0,0,0,0,0,0,0,0,0,0,0,0,0,0,0,0,0,0,0,0,0,0,0,67,0.54,0.01,11.6,400,1.29,0.16,25,0.25,0,40,3.3,0,400,0.6,0.08,12,0.06,0.12,16,WR,520,0,0,0,0,5,4,46,16,11.6,0,60,0,0,0.153,0,0.2,0,0,0,0,0,0,0,0,0,0,smith,jeff smith,j,smith4900wrj,50700-64350:Jeff Smith,50700-64350,WR,j,Jeff Smith,smith,11.60000038,1,4900,ARI@NYJ,NYJ,ARI,,,,ryland,ryland,jeff,smith4900wrj
stills4900wrk,53.7,Kenny Stills,4900,HOU,JAX,,,5.45,7.9,3,0.35,1.1,0.5,1.9,5.1,-25,0.36,0,0,2,0,0.44,-0.6,45,30.8,24.3,0.3,-6.5,55,57,0,0,0,0,0,0,0,0,0,0,0,0,0,0,0,0,0,0,0,0,0.27,0,0,0,0,0,6.2,300,1.68,0.29,100,0.33,0,30,6.7,10,0,1.6,0.15,68,0.26,0.26,19,WR,520,0,0,0,0,4,2,35,17,12.9,0.3,9.2,0.5,0,0.132,0.19,0.14,0,0,0,0,0,0,0,0,0,0,stills,kenny stills,k,stills4900wrk,50700-27457:Kenny Stills,50700-27457,WR,k,Kenny Stills,stills,4.625,4,4900,JAC@HOU,HOU,JAC,,,,ryland,ryland,kenny,stills4900wrk
tate4500wra,43.38,Auden Tate,4500,CIN,@BAL,,,2.08,3.2,1,-2.11,0.5,0.5,1.7,4.19,-39,0.2,0,0,1,0,0.35,1.5,47,18.3,30.8,-0.7,12.5,49,52,0,0,0,0,0,0,0,0,0,0,0,0,0,0,0,0,0,0,0,0,0.67,0.33,0.13,67,0.94,0.82,3,0,1.77,0.15,50,0,0,40,5.9,-0.2,0,1.07,0.13,53,0.06,0.13,15,WR,520,0,0,0,0,5,2,40,18,15.5,0,70,0,0,0.155,0,0.169,0,0,0,0,0,0,0,0,0,0,tate,auden tate,a,tate4500wra,50700-64339:Auden Tate,50700-64339,WR,a,Auden Tate,tate,2.950000048,2,4500,CIN@BAL,CIN,BAL,,,,ryland,ryland,auden,tate4500wra
tate5500wrg,81.13,Golden Tate,5500,NYG,@DAL,,,10.04,13.7,6.3,3.57,1.8,6.5,6.2,6.47,-9,0.62,1,1.5,4,0,0.56,4.8,56,22.3,29.8,0,7.5,52,39,0,0,0,0,0,0,0,0,0,0,0,0,0,0,0,0,0,0,0,0,0.71,0.07,0,0,0,0,5.8,-100,0.96,0.13,75,0,0,40,8.5,0.6,-100,1.14,0.15,72,0.22,0.22,18,WR,520,0,0,0,0,7,4,55,25,12.3,0.4,80,0.2,0,0.203,0.227,0.224,0,0,0,0,0,0,0,0,0,0,tate,golden tate,g,tate5500wrg,50700-11485:Golden Tate,50700-11485,WR,g,Golden Tate,tate,5.766666412,3,5500,NYG@DAL,NYG,DAL,,,,ryland,ryland,golden,tate5500wrg
thomas4700wrm,36.78,Mike Thomas,4700,CIN,@BAL,,,2.19,3.3,1.1,-2.45,0.5,0.5,-0.8,4.64,-36,0.24,0,0,1,0,0.07,1.5,8,18.3,30.8,-0.7,12.5,49,52,0,0,0,0,0,0,0,0,0,0,0,0,0,0,0,0,0,0,0,0,0,0,0,67,0.94,0.82,4.2,200,0,0,75,0.25,0.25,40,1.3,-0.2,200,1.27,0.16,26,0.06,0.73,15,WR,520,0,0,0,0,1,0,2,2,90,0,0.8,0,0,0.031,0,0.007,0,0,0,0,0,0,0,0,0,0,thomas,mike thomas,m,thomas4700wrm,50700-55694:Mike Thomas,50700-55694,WR,m,Mike Thomas,thomas,4.175000191,4,4700,CIN@BAL,CIN,BAL,,,,ryland,ryland,mike,thomas4700wrm
ward5000wrg,76.43,Greg Ward,5000,PHI,@PIT,,,8.49,11.7,5.2,3.16,1.7,0.5,10.6,5.33,1,0.86,0.75,1,3,0,0.94,2.6,47,18.3,25.8,-0.7,7.5,44,40,0,0,0,0,0,0,0,0,0,0,0,0,0,0,0,0,0,0,0,0,0.53,0.13,0.13,71,0.73,0.14,6.9,200,1.03,0.17,80,0.2,0.2,50,6.8,0.5,100,1.01,0.15,61,0.22,0.11,18,WR,520,0,0,0,0,6,4,40,15,8.7,0.2,6.4,0.125,0,0.16,0.133,0.149,0,0,0,0,0,0,0,0,0,0,ward,greg ward,g,ward5000wrg,50700-40434:Greg Ward,50700-40434,WR,g,Greg Ward,ward,7.25,4,5000,PHI@PIT,PHI,PIT,,,,ryland,ryland,greg,ward5000wrg
washington4800wrj,74.16,James Washington,4800,PIT,PHI,,,6.45,9.4,3.5,1.58,1.3,0.5,4,4.87,-9,0.62,0,0,3,0,0.98,1.3,43,25.8,18.3,-0.2,-7.5,44,60,0,0,0,0,0,0,0,0,0,0,0,0,0,0,0,0,0,0,0,0,0.25,0.06,0.06,71,0.73,0.14,6.7,-300,1.35,0.17,100,0.66,0,30,7.6,10,-300,1.34,0.18,75,0.31,0.25,16,WR,520,0,0,0,0,5,3,52,26,15.3,0.3,10.6,0.5,0,0.182,0.235,0.249,0,0,0,0,0,0,0,0,0,0,washington,james washington,j,washington4800wrj,50700-55748:James Washington,50700-55748,WR,j,James Washington,washington,6.733333588,3,4800,PHI@PIT,PIT,PHI,,,,ryland,ryland,james,washington4800wrj
watkins5600wrs,74.29,Sammy Watkins,5600,KC,LV,,,9.47,13.1,5.8,2.77,1.7,3,9.4,6.7,-3,0.75,0.8,1.5,4,0,0.51,0.5,52,32.8,21.8,-1.2,-11,54.5,59,0,0,0,0,0,0,0,0,0,0,0,0,0,0,0,0,0,0,0,0,0.53,0.4,0.27,78,0.57,0,5.2,-300,0.87,0.1,66,0.33,0.33,30,6.2,-0.7,200,0.98,0.12,60,0.2,0.4,20,WR,520,0,0,0,0,6,3,38,16,10.5,0.1,5.9,0.125,0,0.175,0.04,0.143,0,0,0,0,0,0,0,0,0,0,watkins,sammy watkins,s,watkins5600wrs,50700-24641:Sammy Watkins,50700-24641,WR,s,Sammy Watkins,watkins,8.399999619,4,5600,LV@KC,KC,LV,,,,ryland,ryland,sammy,watkins5600wrs
williams5100wrp,62.64,Preston Williams,5100,MIA,@SF,,,7.23,10.4,4.1,1.67,1.4,0.5,18.6,5.56,-7,0.65,0,0.5,1,0,0.54,0.3,54,21,29.5,0.7,8.5,50.5,51,0,0,0,0,0,0,0,0,0,0,0,0,0,0,0,0,0,0,0,0,0.56,0.31,0.25,74,0.44,0,5.9,-200,1.39,0.12,100,0,0,50,7.6,0.5,-200,1.29,0.14,57,0.05,0,19,WR,520,0,0,0,0,5,2,39,20,13.7,0.4,7.4,0.333,0,0.164,0.273,0.16,0,0,0,0,0,0,0,0,0,0,williams,preston williams,p,williams5100wrp,50700-62967:Preston Williams,50700-62967,WR,p,Preston Williams,williams,5.474999905,4,5100,MIA@SF,MIA,SF,,,,ryland,ryland,preston,williams5100wrp
wilson4800wrc,44.59,Cedrick Wilson,4800,DAL,NYG,,,3.53,5.3,1.8,-1.34,0.7,0.5,8.64,4.87,-28,0.32,0,0,2,0,0.07,1.3,17,29.8,22.3,-2,-7.5,52,61,0,0,0,0,0,0,0,0,0,0,0,0,0,0,0,0,0,0,0,0,0,0,0,0,0,0,15.1,300,4.63,1.25,50,0.25,0,40,2.9,0.1,300,0.86,0.17,20,0.13,0.66,15,WR,520,0,0,0,0,3,2,31,12,14.4,0.3,3.9,0,0,0.071,0.2,0.081,0,0,0,0,0,0,0,0,0,0,wilson,cedrick wilson,c,wilson4800wrc,50700-69581:Cedrick Wilson,50700-69581,WR,c,Cedrick Wilson,wilson,15.05000019,2,4800,NYG@DAL,DAL,NYG,,,,ryland,ryland,cedrick,wilson4800wrc
woods6700wrr,83.58,Robert Woods,6700,LA,@WAS,,,12.19,16.8,7.6,2.99,1.8,6.5,15.1,9.2,6,0.93,0.83,2,4,0,0.95,-0.5,63,26,19,-1.8,-7,45,59,0,0,0,0,0,0,0,0,0,0,0,0,0,0,0,0,0,0,0,0,1.07,0.47,0.2,67,0.98,0.81,12.7,-200,1.49,0.21,100,0.5,0,40,12.1,2.8,-200,1.23,0.19,70,0.41,0.29,17,WR,520,0,0,0,0,8,5,71,24,12.9,0.2,8.7,0.182,0,0.24,0.143,0.258,0,0,0,0,0,0,0,0,0,0,woods,robert woods,r,woods6700wrr,50700-29685:Robert Woods,50700-29685,WR,r,Robert Woods,woods,12.72500038,4,6700,LAR@WAS,LAR,WAS,,,,ryland,ryland,robert,woods6700wrr
wright4500wri,55.52,Isaiah Wright,4500,WAS,LA,,,5.89,8.3,3.5,1.7,1.3,0.5,0.8,4.19,-16,0.5,0,0,0,0,0.35,0.5,43,19,26,0.7,7,45,41,0,0,0,0,0,0,0,0,0,0,0,0,0,0,0,0,0,0,0,0,0.5,0,0,67,0.98,0.81,5,0,0.76,0.12,50,0,0,40,50,0.3,0,0.76,0.12,50,0,0,40,WR,520,0,0,0,0,5,4,22,9,5.5,0,0,0,0,0.138,0,0.082,0,0,0,0,0,0,0,0,0,0,wright,isaiah wright,i,wright4500wri,50700-72669:Isaiah Wright,50700-72669,WR,i,Isaiah Wright,wright,4.949999809,2,4500,LAR@WAS,WAS,LAR,,,,ryland,ryland,isaiah,wright4500wri
zaccheaus4800wro,61.51,Olamide Zaccheaus,4800,ATL,CAR,,,8.47,11.7,5.2,3.6,1.8,10.5,1.8,4.87,-23,0.39,1,4.6,3,0,0.04,-0.3,15,28,25.5,0.7,-2.5,53.5,53,0,0,0,0,0,0,0,0,0,0,0,0,0,0,0,0,0,0,0,0,0,0,0,0,0,0,8.2,300,2.05,0.25,66,0.5,0,60,3.5,0.4,200,2.3,0.23,35,0.23,0.52,17,WR,520,0,0,0,0,1,1,18,10,15.8,0.1,5.8,0,0,0.037,0.042,0.057,0,0,0,0,0,0,0,0,0,0,zaccheaus,olamide zaccheaus,o,zaccheaus4800wro,50700-64496:Olamide Zaccheaus,50700-64496,WR,o,Olamide Zaccheaus,zaccheaus,6.733333588,3,4800,CAR@ATL,ATL,CAR,,,,ryland,ryland,olamide,zaccheaus4800wro
