,rating,name,salary,team,opp,, ,proj,ceil,floor,proj+-,pts/sal,proj_own,act_pts,impld_pts,lev_rank,leverage,sr,buzz,pro,my,bargain,opp+-,snaps,pts,opppts,delta,spread,o/u,spread%,comp,att,yards,%,y/a,adj ypa,td,long,%rb,%wr,%te,%td,int%,sack%,rush-att,not sure,rush_yards,rush_y/a,rush_td,success,rz_opp,rz_opp10,rz-opp5,temp,humidity,precip%,month_ppg,month_change,month_fpo,month_fps,consistency,upside,duds,count,year_ppg,year+-,year_change,year_fpo,year_fps,year_consistency,year_upside,year_duds,year_count,pos,week,sr2,buzz2,rush_td%,rush_yards%,snaps%,rush_att,rec_trgts,not_sure2,rec_yards,rec_long,rec_yr,rec_td,rec_yt,rz_td_pct,rz_succ%,rec_trgts%,rec_td%,rec_yds%,proj_sacks,pass_succ,rush_succ,takeaway%,td%,ypp,rz_snaps,rz_snaps10,rz_snaps5,TD%,Last Name_master,City Name_master,First Name_master,RylandID_master,Player ID + Player Name,Id,Position,,First Name,Nickname,Last Name,FPPG,Played,Salary,Game,Team,Opponent,Injury Indicator,Injury Details,Tier,City Name,City Name2,City Name3,RylandID
adams9500wrd,77.45,Davante Adams,9500,GB,PHI,,,16.34,22.2,10.5,0.75,1.7,14.5,29.1,15.59,4,0.91,1,7.8,7,0,0.89,0.4,58,29,21,0.7,-8,50,61,0,0,0,0,0,0,0,0,0,0,0,0,0,0,0,0,0,0,0,0,1.73,0.8,0.53,32,0.67,0,16.6,0,1.72,0.29,100,0,0,30,21.1,6.4,1500,1.88,0.36,75,0.4,0.15,20,WR,1420,,,0,0,0,0,11,8,97,27,12,10,7.3,0.346,0,0.325,0.433,0.368,0,0,0,0,0,0,0,0,0,0,adams,davante adams,d,adams9500wrd,,,WR,,,,,,,,,,,,,,,,,
agholor5400wrn,88.15,Nelson Agholor,5400,LV,@NYJ,,,8.62,12.1,5.1,2.38,1.6,3,5.8,6.24,-11,0.58,0.85,2.7,4,0,0.95,3.2,43,27.8,20.3,0,-7.5,48,61,0,0,0,0,0,0,0,0,0,0,0,0,0,0,0,0,0,0,0,0,0.6,0.27,0.13,38,0.55,0.02,9.9,400,1.8,0.24,75,0.5,0.25,40,6.7,30,500,1.67,0.16,56,0.37,0.37,16,WR,1420,,,0,0,0,0,4,2,45,24,17.1,0.5,0,0.333,0,0.131,0.316,0.186,0,0,0,0,0,0,0,0,0,0,agholor,nelson agholor,n,agholor5400wrn,,,WR,,,,,,,,,,,,,,,,,
agnew4600wrj,50.05,Jamal Agnew,4600,DET,@CHI,,,2.21,3.2,1.2,-2.21,0.5,0.5,3.4,4.42,-38,0.21,0,0,0,0,0.16,2,14,20.5,23.5,0.2,3,44,48,0,0,0,0,0,0,0,0,0,0,0,0,0,0,0,0,0,0,0,0,0.2,0,0,36,0.77,0.09,0,-200,0,0,0,0,0,10,0,0,-200,0,0,0,0,0,10,WR,1420,,,0,0,0,0,1,0,4,3,4.6,0,-0.5,0,0,0.05,0,0.017,0,0,0,0,0,0,0,0,0,0,agnew,jamal agnew,j,agnew4600wrj,,,WR,,,,,,,,,,,,,,,,,
akers5600rbc,63.7,Cam Akers,5600,LA,@ARI,,,6.37,8.5,4.2,-1.31,1.1,0.5,15.9,7.68,-8,0.56,0.86,1.1,1,0,0.44,-1.7,12,25.8,23.3,1,-2.5,49,54,0,0,0,0,0,0,0,0,0,0,0,0,0,0,0,17,31,4.8,0.1,0.542,0.91,0.64,0.27,0,0,0,8.9,500,1.06,0.59,100,0.33,0,30,6.4,-0.5,-200,0.93,0.53,54,0.09,0.09,11,RB,1420,86%,1.1,0.083,0.248,0.173,6,0,0,3,3,90,0.1,0,0.111,0.667,0,0,0,0,0,0,0,0,0,0,0,0,0,akers,cam akers,c,akers5600rbc,,,RB,,,,,,,,,,,,,,,,,
akins5200tej,87.1,Jordan Akins,5200,HOU,IND,,,6.85,9.6,4.1,1.45,1.3,6.5,2,5.4,-5,0.62,0.93,7.5,1,0,0.02,-0.2,36,23.3,26.8,-2,3.5,50,42,0,0,0,0,0,0,0,0,0,0,0,0,0,0,0,0,0,0,0,0,0.53,0.2,0,0,0,0,3.8,400,1.08,0.15,50,0.25,0.5,40,3.8,-0.1,900,0.94,0.11,42,0.31,0.42,19,TE,1420,,,0,0,0,0,4,2,32,13,11.7,0.1,4.2,0.125,0,0.127,0.056,0.123,0,0,0,0,0,0,0,0,0,0,akins,jordan akins,j,akins5200tej,,,TE,,,,,,,,,,,,,,,,,
alie-cox4800tem,81.65,Mo Alie-Cox,4800,IND,@HOU,,,5.23,7.6,2.8,0.76,1.1,0.5,3.8,4.47,-5,0.62,1,0.3,4,0,0.08,0.8,32,26.8,23.3,-1,-3.5,50,58,0,0,0,0,0,0,0,0,0,0,0,0,0,0,0,0,0,0,0,0,0.33,0.13,0.13,0,0,0,3.2,-200,1.15,0.08,50,0,0.25,40,4.7,10,800,2.04,0.15,66,0.13,0.13,15,TE,1420,,,0,0,0,0,2,1,26,15,13.8,0.1,11,0.4,0,0.07,0.133,0.112,0,0,0,0,0,0,0,0,0,0,alie-cox,mo alie-cox,m,alie-cox4800tem,,,TE,,,,,,,,,,,,,,,,,
allen6000qbb,65.65,Brandon Allen,6000,CIN,@MIA,,,12.64,21.8,3.5,-0.59,2.1,0.5,9.42,13.23,-7,0.27,0,0,0,0,0.87,-2.2,49,16.3,26.8,0.5,10.5,43,43,17,29,136,58,4.7,2.9,1,18,17.2,55.2,20.7,3.4,3.4,6.5,4,4,7,1.8,0,0.25,0.2,0.07,0.07,81,0.67,0.02,7.1,0,0.2,0.15,33,0,0,30,1.4,-0.4,0,0.04,0.03,6,0,0.26,15,QB,1420,,,0,0,0,0,0,0,0,0,0,0,0,0,0,0,0,0,0,0,0,0,0,0,0,0,0,0,allen,brandon allen,b,allen6000qbb,,,QB,,,,,,,,,,,,,,,,,
allen8100wrk,83.5,Keenan Allen,8100,LAC,NE,,,13.87,18.7,9.1,1.47,1.7,14.5,7.3,12.4,0,0.84,0.92,2.4,8,0,0.97,1.3,63,24.8,22.3,-0.5,-2.5,47,49,0,0,0,0,0,0,0,0,0,0,0,0,0,0,0,0,0,0,0,0,1.27,0.47,0.13,0,0,0,18.2,600,1.55,0.25,100,0.5,0,40,14.9,4.5,1100,1.27,0.24,93,0.46,0.06,15,WR,1420,,,0,0,0,0,10,7,80,21,10.7,0.5,9.8,0.368,0,0.282,0.267,0.274,0,0,0,0,0,0,0,0,0,0,allen,keenan allen,k,allen8100wrk,,,WR,,,,,,,,,,,,,,,,,
amendola5000wrd,69.5,Danny Amendola,5000,DET,@CHI,,,5.79,8.3,3.2,0.46,1.2,0.5,7.7,5.33,-13,0.55,0,0,1,0,0.58,2,39,20.5,23.5,0.2,3,44,48,0,0,0,0,0,0,0,0,0,0,0,0,0,0,0,0,0,0,0,0,0.47,0.2,0,36,0.77,0.09,7,-300,0.99,0.2,25,0.25,0.25,40,6.6,0.5,-100,1,0.17,60,0.33,0.26,15,WR,1420,,,0,0,0,0,5,3,44,23,13,0,5.8,0,0,0.162,0,0.181,0,0,0,0,0,0,0,0,0,0,amendola,danny amendola,d,amendola5000wrd,,,WR,,,,,,,,,,,,,,,,,
arizona3800,38.91,Arizona,3800,ARI,LA,,,6.2,12.8,-0.4,1.17,1.6,3,0,5.03,-5,0.4,0,0,1,0,0.8,3.4,0,23.3,25.8,-0.5,2.5,49,46,0,0,0,0,0,0,0,0,0,0,0,0,1.69,6.57,0,0,0,0,0,0,0,0,0,0,0,0,2.8,-500,0,0,80,0,0,50,5.4,0.3,500,0,0,87,0.5,0.06,16,DEF,1420,,,0,0,0,0,0,0,0,0,0,0,0,0,0,0,0,0,20,0.5047,0.5122,0.0096,0.0382,6.72,9.87,5.07,30,0.1892,arizona,arizona,a,arizona3800,,,D,,,,,,,,,,,,,,,,,
arnold4600ted,71.8,Dan Arnold,4600,ARI,LA,,,3.68,5.3,2.1,-0.32,0.8,0.5,19.1,4,-10,0.45,0,0,2,0,0.22,-1.8,28,23.3,25.8,-0.5,2.5,49,46,0,0,0,0,0,0,0,0,0,0,0,0,0,0,0,0,0,0,0,0,0.38,0.13,0.06,0,0,0,4.7,300,1.88,0.18,100,0.4,0,50,4.8,1.3,400,1.94,0.17,82,0.29,0.05,17,TE,1420,,,0,0,0,0,2,1,23,15,13.6,0.2,8.5,0.333,0,0.077,0.13,0.093,0,0,0,0,0,0,0,0,0,0,arnold,dan arnold,d,arnold4600ted,,,TE,,,,,,,,,,,,,,,,,
atlanta3500,30.46,Atlanta,3500,ATL,NO,,,5.7,12.5,-1.1,1.63,1.6,10.5,4,4.07,-14,0.05,0,0,1,0,0.62,-1.8,0,21.8,24.3,-0.5,2.5,46,51,0,0,0,0,0,0,0,0,0,0,0,0,2.2,5.87,0,0,0,0,0,0,0,0,0,0,0,0,12,200,0,0,100,0.66,0,30,6.5,2.1,-100,0,0,76,0.58,0.23,17,DEF,1420,,,0,0,0,0,0,0,0,0,0,0,0,0,0,0,0,0,2.1,0.5009,0.4929,0.0135,0.0469,7.8,8.93,6.14,3.85,0.2313,atlanta,atlanta,a,atlanta3500,52276-12525:Atlanta Falcons,52276-12525,D,,a,Atlanta Falcons,falcons,5.166666667,12,3500,ATL@LAC,ATL,LAC,,,,Falcons,Falcons,atlanta,atlanta3500
ballage5100rbk,47.7,Kalen Ballage,5100,LAC,NE,,,3.1,4.2,2,-3.33,0.6,0.5,5.4,6.43,-22,0.25,0,0,3,0,0.44,1.3,31,24.8,22.3,-0.5,-2.5,47,49,0,0,0,0,0,0,0,0,0,0,0,0,0,0,0,7,25,3.4,0,0.541,1.31,0.38,0.15,0,0,0,11.7,600,0.48,0.23,50,0.5,0,40,6.3,0.3,400,0.51,0.2,31,0.18,0.06,16,RB,1420, ,,0,0.251,0.455,7,5,4,25,12,6.1,0,0,0,0.583,0,0,0,0,0,0,0,0,0,0,0,0,0,ballage,kalen ballage,k,ballage5100rbk,,,RB,,,,,,,,,,,,,,,,,
beebe5300wrc,46.7,Chad Beebe,5300,MIN,JAX,,,3.04,4.4,1.7,-2.97,0.6,0.5,2,6.01,-33,0.27,0,0,1,0,0.05,3,21,30.8,20.3,1,-10.5,51,56,0,0,0,0,0,0,0,0,0,0,0,0,0,0,0,0,0,0,0,0,0.27,0.07,0,0,0,0,8.2,800,3.64,0.37,50,0.25,0,40,3.9,0.1,800,1.86,0.19,29,0.05,0,17,WR,1420,,,0,0,0,0,2,1,14,7,90,0.1,0,0.25,0,0.074,0.048,0.053,0,0,0,0,0,0,0,0,0,0,beebe,chad beebe,c,beebe5300wrc,,,WR,,,,,,,,,,,,,,,,,
bernard5800rbg,86.35,Giovani Bernard,5800,CIN,@MIA,,,10.19,14,6.3,2.01,1.8,3,3.9,8.18,-3,0.72,1,0.2,5,0,0.7,-1,32,16.3,26.8,0.5,10.5,43,43,0,0,0,0,0,0,0,0,0,0,0,0,0,0,0,8,18,3.4,0.1,0.506,1.73,0.93,0.4,81,0.67,0.02,6.7,-400,0.5,0.17,100,0,0,30,6.7,0.3,1000,0.76,0.21,87,0.25,0.12,16,RB,1420,100%,0.2,0.154,0.171,0.456,5,3,2,20,12,7.9,0.1,4.8,0.125,0.563,0,0,0,0,0,0,0,0,0,0,0,0,0,bernard,giovani bernard,g,bernard5800rbg,,,RB,,,,,,,,,,,,,,,,,
blake4600wrc,51.05,Christian Blake,4600,ATL,NO,,,2.4,3.6,1.2,-2.02,0.5,0.5,0,4.42,-38,0.21,0,0,0,0,0.16,0.9,26,21.8,24.3,-0.5,2.5,46,51,0,0,0,0,0,0,0,0,0,0,0,0,0,0,0,0,0,0,0,0,0.07,0,0,0,0,0,3.5,-200,1.32,0.11,100,0,0,30,2.4,-1,100,1.8,0.09,38,0.11,0.27,18,WR,1420,,,0,0,0,0,1,0,9,6,11.8,0,0,0,0,0.035,0,0.032,0,0,0,0,0,0,0,0,0,0,blake,christian blake,c,blake4600wrc,52276-56580:Christian Blake,52276-56580,WR,,c,Christian Blake,blake,2.885714395,7,4600,ATL@LAC,ATL,LAC,,,,ryland,ryland,christian,blake4600wrc
booker6000rbd,94.05,Devontae Booker,6000,LV,@NYJ,,,12.7,16.7,8.7,4.03,2.1,18.5,5.6,8.67,-3,0.72,0.76,3.8,5,0,0.87,-0.9,10,27.8,20.3,0,-7.5,48,61,0,0,0,0,0,0,0,0,0,0,0,0,0,0,0,10,22,5.5,0.2,0.517,0.8,0.27,0.07,38,0.55,0.02,9.3,1100,0.93,0.49,50,0.5,0.5,40,4.7,-0.3,1400,0.89,0.47,56,0.25,0.37,16,RB,1420,76%,3.8,0.188,0.191,0.165,4,1,1,7,5,6.7,0,5.4,0.111,0.444,0,0,0,0,0,0,0,0,0,0,0,0,0,booker,devontae booker,d,booker6000rbd,,,RB,,,,,,,,,,,,,,,,,
boone4600rbm,52.35,Mike Boone,4600,MIN,JAX,,,2.51,3.4,1.6,-2.67,0.5,0.5,0,5.18,-24,0.22,0,0,6,0,0.7,-0.1,13,30.8,20.3,1,-10.5,51,56,0,0,0,0,0,0,0,0,0,0,0,0,0,0,0,15,43,5.4,0.5,0.531,0.87,0.6,0.27,0,0,0,0,0,0,0,0,0,0,40,5.2,0.6,0,0.58,0.4,30,0.1,0.2,20,RB,1420, ,,0.6,0.365,0.216,8,0,0,3,3,5.8,0,2.3,0.25,0.667,0,0,0,0,0,0,0,0,0,0,0,0,0,boone,mike boone,m,boone4600rbm,,,RB,,,,,,,,,,,,,,,,,
bowden4500wrl,51.75,Lynn Bowden,4500,MIA,CIN,,,2.26,3.3,1.2,-1.93,0.5,0.5,7.2,4.19,-38,0.21,0,0,0,0,0.49,4,9,26.8,16.3,0,-10.5,43,57,0,0,0,0,0,0,0,0,0,0,0,0,0,0,0,0,0,0,0,0,0.08,0,0,81,0.67,0.02,0,0,0,0,0,0,0,40,0.4,0,-100,0.36,0.05,0,0,0.27,11,WR,1420,,,0,0,0,0,0,0,0,0,-1,0,0,0,0,0.011,0,-0.001,0,0,0,0,0,0,0,0,0,0,bowden,lynn bowden,l,bowden4500wrl,,,WR,,,,,,,,,,,,,,,,,
boyd6600wrt,71.6,Tyler Boyd,6600,CIN,@MIA,,,9.4,12.9,5.9,0.42,1.4,3,13.7,8.98,-7,0.66,0.4,0.9,1,0,0.03,0.4,57,16.3,26.8,0.5,10.5,43,43,0,0,0,0,0,0,0,0,0,0,0,0,0,0,0,0,0,0,0,0,1.2,0.53,0.33,81,0.67,0.02,7.7,-100,0.92,0.16,66,0.33,0.33,30,12.2,3.9,500,1.24,0.21,86,0.46,0.13,15,WR,1420,,,0,0,0,0,8,6,67,18,10.8,0.3,8.3,0.235,0,0.223,0.25,0.26,0,0,0,0,0,0,0,0,0,0,boyd,tyler boyd,t,boyd6600wrt,,,WR,,,,,,,,,,,,,,,,,
brown5200rbm,63.25,Malcolm Brown,5200,LA,@ARI,,,5.43,7.3,3.6,-1.25,1,0.5,3.2,6.68,-10,0.5,0,0,1,0,0.4,-1.7,28,25.8,23.3,1,-2.5,49,54,0,0,0,0,0,0,0,0,0,0,0,0,0,0,0,9,27,4.1,0.5,0.51,1.4,0.87,0.53,0,0,0,7.4,-300,1.24,0.28,33,0.33,0.66,30,6.9,0.5,200,0.8,0.25,60,0.33,0.4,15,RB,1420, ,,0.333,0.239,0.402,6,1,1,8,5,6.3,0,1.5,0.412,0.706,0,0,0,0,0,0,0,0,0,0,0,0,0,brown,malcolm brown,m,brown5200rbm,,,RB,,,,,,,,,,,,,,,,,
brown8200wra,74,AJ Brown,8200,TEN,CLE,,,13.13,18.4,7.9,0.5,1.6,10.5,8.7,12.63,2,0.88,0.96,6,7,0,0.86,1,55,29,25,1,-4,54,55,0,0,0,0,0,0,0,0,0,0,0,0,0,0,0,0,0,0,0,0,0.94,0.44,0.06,51,0.7,0.01,12.3,600,1.89,0.24,60,0.4,0.4,50,12.4,1.7,1500,1.66,0.23,60,0.35,0.3,20,WR,1420,,,0,0,0,0,7,4,81,39,18.3,0.9,15.8,0.533,0,0.248,0.414,0.326,0,0,0,0,0,0,0,0,0,0,brown,aj brown,a,brown8200wra,,,WR,,,,,,,,,,,,,,,,,
bryant4500teh,70.8,Harrison Bryant,4500,CLE,@TEN,,,3.34,4.9,1.8,-0.43,0.7,0.5,0,3.77,-12,0.4,0,0,2,0,0.12,2.5,36,25,29,1,4,54,45,0,0,0,0,0,0,0,0,0,0,0,0,0,0,0,0,0,0,0,0,0.36,0.36,0.27,51,0.7,0.01,-0.2,-300,-0.3,-0.01,0,0,0.33,30,4.8,1.3,500,2.3,0.13,45,0.18,0.27,11,TE,1420,,,0,0,0,0,2,1,14,9,10.3,0.3,0,0.75,0,0.081,0.167,0.074,0,0,0,0,0,0,0,0,0,0,bryant,harrison bryant,h,bryant4500teh,,,TE,,,,,,,,,,,,,,,,,
burton5500tet,76.45,Trey Burton,5500,IND,@HOU,,,6.13,8.5,3.8,0.02,1.1,0.5,1.6,6.11,1,0.91,1,0.6,2,0,0.12,0.8,31,26.8,23.3,-1,-3.5,50,58,0,0,0,0,0,0,0,0,0,0,0,0,0,0,0,0,0,0,0,0,0.71,0.36,0.29,0,0,0,6,0,1.34,0.21,80,0.2,0.2,50,7.4,1.3,700,1.49,0.24,50,0.12,0.06,16,TE,1420,,,0,0,0,0,4,2,26,12,9.3,0.4,0,0.375,0,0.132,0.231,0.098,0,0,0,0,0,0,0,0,0,0,burton,trey burton,t,burton5500tet,,,TE,,,,,,,,,,,,,,,,,
byrd5300wrd,81.75,Damiere Byrd,5300,NE,@LAC,,,7.69,11,4.4,1.68,1.5,0.5,2.6,6.01,1,0.86,0,0,2,0,0.54,0,51,22.3,24.8,-1.5,2.5,47,51,0,0,0,0,0,0,0,0,0,0,0,0,0,0,0,0,0,0,0,0,0.2,0.13,0.13,0,0,0,11.5,-200,1.84,0.2,80,0.2,0,50,8.1,2.2,700,1.66,0.16,75,0.31,0.12,16,WR,1420,,,0,0,0,0,4,3,45,21,13.7,0.1,11.1,0.333,0,0.171,0.167,0.213,0,0,0,0,0,0,0,0,0,0,byrd,damiere byrd,d,byrd5300wrd,,,WR,,,,,,,,,,,,,,,,,
callaway4800wra,55.65,Antonio Callaway,4800,MIA,CIN,,,3.48,5,1.9,-1.39,0.7,0,0,4.87,0,0,0,0,0,0,0.05,4,10,26.8,16.3,0,-10.5,43,57,0,0,0,0,0,0,0,0,0,0,0,0,0,0,0,0,0,0,0,0,0,0,0,81,0.67,0.02,0,0,0,0,0,0,0,0,0,0,0,0,0,0,0,0,0,WR,1420,,,0,0,0,0,1,1,10,10,10,0,0,0,0,0.026,0,0.044,0,0,0,0,0,0,0,0,0,0,callaway,antonio callaway,a,callaway4800wra,,,WR,,,,,,,,,,,,,,,,,
carr7200qbd,93.3,Derek Carr,7200,LV,@NYJ,,,18.72,30.8,6.7,3.13,2.6,3,32.74,15.59,2,0.88,0.89,4.7,1,0,0.74,6.3,66,27.8,20.3,0,-7.5,48,61,22,32,257,69,7.8,7.8,1.6,42,23.3,41.1,28.9,5,0.9,5.6,2,7,10,4.5,0.1,0.514,6.33,3.13,2.13,38,0.55,0.02,11.3,200,0.36,0.2,75,0.25,0.25,40,17,1.6,100,0.46,0.26,93,0.62,0.06,16,QB,1420,,,0,0,0,0,0,0,0,0,0,0,0,0,0,0,0,0,0,0,0,0,0,0,0,0,0,0,carr,derek carr,d,carr7200qbd,,,QB,,,,,,,,,,,,,,,,,
carson8000rbc,71.1,Chris Carson,8000,SEA,NYG,,,13.05,16.9,9.2,-0.61,1.6,6.5,18.5,13.66,0,0.84,0.84,2.9,7,0,0.07,0.8,34,29.8,18.8,1.8,-11,48.5,57,0,0,0,0,0,0,0,0,0,0,0,0,0,0,0,17,61,5.1,0.6,0.628,1.38,0.75,0.56,51,0.79,0.09,12.9,400,1.29,0.52,25,0,0,40,11.6,1.3,800,0.75,0.34,41,0.23,0.35,17,RB,1420,84%,2.9,0.75,0.509,0.518,12,3,2,20,11,70,0.3,8.6,0.313,0.688,0,0,0,0,0,0,0,0,0,0,0,0,0,carson,chris carson,c,carson8000rbc,,,RB,,,,,,,,,,,,,,,,,
cephus4700wrq,67.35,Quintez Cephus,4700,DET,@CHI,,,4.92,7.3,2.5,0.28,1,0.5,13.3,4.64,-23,0.39,0,0,0,0,0.1,2,27,20.5,23.5,0.2,3,44,48,0,0,0,0,0,0,0,0,0,0,0,0,0,0,0,0,0,0,0,0,0.18,0.18,0,36,0.77,0.09,2.7,100,1.34,0.11,100,0,0,40,3.9,-0.4,200,1.48,0.14,54,0.09,0,11,WR,1420,,,0,0,0,0,2,1,21,13,14.5,0,0,0,0,0.074,0,0.084,0,0,0,0,0,0,0,0,0,0,cephus,quintez cephus,q,cephus4700wrq,,,WR,,,,,,,,,,,,,,,,,
chark6300wrd,85.1,DJ Chark,6300,JAX,@MIN,,,10.11,14.2,6.1,1.82,1.6,3,5.1,8.29,2,0.88,0,0,3,0,0.75,1.4,54,20.3,30.8,0.5,10.5,51,44,0,0,0,0,0,0,0,0,0,0,0,0,0,0,0,0,0,0,0,0,0.73,0.33,0.13,0,0,0,12.6,-100,1.51,0.23,75,0.25,0,40,9.1,0.8,-300,1.24,0.17,56,0.12,0.25,16,WR,1420,,,0,0,0,0,7,4,55,25,11.8,0.3,5.6,0.273,0,0.207,0.2,0.231,0,0,0,0,0,0,0,0,0,0,chark,dj chark,d,chark6300wrd,,,WR,,,,,,,,,,,,,,,,,
chicago4200,48.46,Chicago,4200,CHI,DET,,,6.6,13.9,-0.7,0.28,1.6,6.5,3,6.32,-2,0.57,0,0,3,0,0.62,4.4,0,23.5,20.5,-1.3,-3,44,52,0,0,0,0,0,0,0,0,0,0,0,0,1.72,4.94,0,0,0,0,0,0,0,0,0,36,0.77,0.09,6,200,0,0,75,0.5,0.25,40,5.2,-0.5,-200,0,0,88,0.41,0.11,17,DEF,1420,,,0,0,0,0,0,0,0,0,0,0,0,0,0,0,0,0,2.6,0.4592,0.4296,0.0093,0.0356,6.81,9.86,3.62,2.36,0.1812,chicago,chicago,c,chicago4200,,,D,,,,,,,,,,,,,,,,,
chubb8700rbn,66.45,Nick Chubb,8700,CLE,@TEN,,,13.95,18.4,9.5,-1.46,1.6,10.5,17.1,15.41,3,0.92,0.95,3.5,6,0,0.49,1.1,32,25,29,1,4,54,45,0,0,0,0,0,0,0,0,0,0,0,0,0,0,0,32,94,5.9,0.6,0.497,1.73,0.93,0.6,51,0.7,0.01,18.4,500,0.89,0.56,66,0.33,0.33,30,13.6,0.1,1300,0.79,0.42,37,0.25,0.37,16,RB,1420,95%,3.5,0.5,0.569,0.511,15,1,1,7,5,7.5,0,4.6,0.231,0.5,0,0,0,0,0,0,0,0,0,0,0,0,0,chubb,nick chubb,n,chubb8700rbn,,,RB,,,,,,,,,,,,,,,,,
cincinnati3600,29.63,Cincinnati,3600,CIN,@MIA,,,5.6,12.1,-0.9,1.21,1.6,3,3,4.39,-5,0.4,0,0,2,0,0.42,-1.6,0,16.3,26.8,0.5,10.5,43,43,0,0,0,0,0,0,0,0,0,0,0,0,2.88,4.61,0,0,0,0,0,0,0,0,0,81,0.67,0.02,3.3,200,0,0,66,0.66,0.33,30,3.3,-0.9,0,0,0,73,0.4,0.26,15,DEF,1420,,,0,0,0,0,0,0,0,0,0,0,0,0,0,0,0,0,20,0.4683,0.5152,0.0158,0.0463,7.38,10,4.73,2.79,0.24,cincinnati,cincinnati,c,cincinnati3600,52276-12528:Cincinnati Bengals,52276-12528,D,,c,Cincinnati Bengals,bengals,2.916666667,12,3600,DAL@CIN,CIN,DAL,,,,Bengals,Bengals,cincinnati,cincinnati3600
cleveland4000,14.43,Cleveland,4000,CLE,@TEN,,,4.9,10.3,-0.5,-0.78,1.2,3,5,5.68,-11,0.12,0,0,1,0,0.26,-2.8,0,25,29,1,4,54,45,0,0,0,0,0,0,0,0,0,0,0,0,2.25,5.63,0,0,0,0,0,0,0,0,0,51,0.7,0.01,8.7,-400,0,0,66,0.33,0.33,30,5.7,-0.8,1000,0,0,73,0.4,0.26,15,DEF,1420,,,0,0,0,0,0,0,0,0,0,0,0,0,0,0,0,0,2.1,0.5272,0.5671,0.0125,0.0508,7.2,12.8,6.73,3.73,0.2083,cleveland,cleveland,c,cleveland4000,,,D,,,,,,,,,,,,,,,,,
cole5300wrk,77.2,Keelan Cole,5300,JAX,@MIN,,,7.2,10.2,4.2,1.19,1.4,0.5,1.2,6.01,-4,0.73,0.78,1.6,2,0,0.49,1.4,45,20.3,30.8,0.5,10.5,51,44,0,0,0,0,0,0,0,0,0,0,0,0,0,0,0,0,0,0,0,0,0.47,0.13,0.07,0,0,0,7.5,100,1.49,0.15,75,0.25,0.25,40,8.4,2.3,700,1.65,0.19,81,0.43,0.12,16,WR,1420,,,0,0,0,0,4,3,45,23,14.4,0.3,11.3,0.571,0,0.14,0.208,0.189,0,0,0,0,0,0,0,0,0,0,cole,keelan cole,k,cole5300wrk,,,WR,,,,,,,,,,,,,,,,,
conklin4000tet,77.15,Tyler Conklin,4000,MIN,JAX,,,3.03,4.5,1.5,0.43,0.8,0.5,1.5,2.6,-14,0.35,0,0,0,0,0.73,-0.1,19,30.8,20.3,1,-10.5,51,56,0,0,0,0,0,0,0,0,0,0,0,0,0,0,0,0,0,0,0,0,0,0,0,0,0,0,1.6,0,1.55,0.05,25,0,0.25,40,10,-0.2,0,1.96,0.05,17,0,0.29,17,TE,1420,,,0,0,0,0,0,0,2,2,5.4,0,3.3,0,0,0.02,0,0.011,0,0,0,0,0,0,0,0,0,0,conklin,tyler conklin,t,conklin4000tet,,,TE,,,,,,,,,,,,,,,,,
conley4700wrc,75.45,Chris Conley,4700,JAX,@MIN,,,5.73,8.3,3.2,1.09,1.2,0.5,0.2,4.64,-18,0.46,0,0,1,0,0.1,1.4,37,20.3,30.8,0.5,10.5,51,44,0,0,0,0,0,0,0,0,0,0,0,0,0,0,0,0,0,0,0,0,0.73,0.47,0.2,0,0,0,5.6,100,0.84,0.12,75,0.5,0,40,6.5,0.7,-400,1.33,0.18,73,0.46,0.2,15,WR,1420,,,0,0,0,0,4,2,34,21,13,0.3,6.5,0.182,0,0.138,0.182,0.145,0,0,0,0,0,0,0,0,0,0,conley,chris conley,c,conley4700wrc,,,WR,,,,,,,,,,,,,,,,,
cook10500rbd,86.95,Dalvin Cook,10500,MIN,JAX,,,21.48,27.7,15.3,1.58,2,23,20.9,19.9,1,0.87,0.9,8.2,14,0,0.49,-0.1,42,30.8,20.3,1,-10.5,51,56,0,0,0,0,0,0,0,0,0,0,0,0,0,0,0,21,101,5,1.2,0.524,3.2,1.73,1.2,0,0,0,20.5,1200,0.73,0.43,50,0.25,0.5,40,16.9,3.1,1800,0.71,0.4,55,0.35,0.4,20,RB,1420,90%,8.2,0.824,0.667,0.651,20,3,2,23,15,8.4,0.1,5.9,0.234,0.617,0,0,0,0,0,0,0,0,0,0,0,0,0,cook,dalvin cook,d,cook10500rbd,,,RB,,,,,,,,,,,,,,,,,
cook5500tej,36.1,Jared Cook,5500,NO,@ATL,,,3.47,5.2,1.8,-2.64,0.6,0.5,10.3,6.11,-11,0.42,0.5,0.6,4,0,0.22,1.5,29,24.3,21.8,-1,-2.5,46,49,0,0,0,0,0,0,0,0,0,0,0,0,0,0,0,0,0,0,0,0,0.73,0.27,0.07,0,0,0,1.6,-400,0.78,0.07,0,0,0.5,40,9.6,0.7,-400,2.73,0.33,68,0.21,0.15,19,TE,1420,,,0,0,0,0,3,2,37,22,16.1,0.6,22.1,0.364,0,0.107,0.29,0.146,0,0,0,0,0,0,0,0,0,0,cook,jared cook,j,cook5500tej,,,TE,,,,,,,,,,,,,,,,,
cooks6500wrb,95.65,Brandin Cooks,6500,HOU,IND,,,12.4,17.2,7.6,3.65,1.9,28,9,8.75,-11,0.58,0.98,10,2,0,0.75,0.2,49,23.3,26.8,-2,3.5,50,42,0,0,0,0,0,0,0,0,0,0,0,0,0,0,0,0,0,0,0,0,0.6,0.4,0.2,0,0,0,11.1,400,1.64,0.2,100,0.25,0,40,10,2.3,800,1.51,0.2,80,0.33,0.13,15,WR,1420,,,0,0,0,0,6,4,56,21,13.4,0.3,5.1,0.222,0,0.192,0.121,0.191,0,0,0,0,0,0,0,0,0,0,cooks,brandin cooks,b,cooks6500wrb,,,WR,,,,,,,,,,,,,,,,,
cousins7300qbk,94.45,Kirk Cousins,7300,MIN,JAX,,,19,32.5,5.5,3.21,2.6,3,22.4,15.79,6,0.97,0.94,8.9,1,0,0.97,4.7,63,30.8,20.3,1,-10.5,51,56,19,29,238,68,8.2,7.27,1.9,41,20.2,54.7,20.4,6.6,3.1,6.1,1,4,6,4.3,0,0.476,3.33,2,0.87,0,0,0,21.4,200,0.6,0.32,100,1,0,50,15,-0.4,100,0.46,0.24,80,0.5,0.2,20,QB,1420,,,0,0,0,0,0,0,0,0,0,0,0,0,0,0,0,0,0,0,0,0,0,0,0,0,0,0,cousins,kirk cousins,k,cousins7300qbk,,,QB,,,,,,,,,,,,,,,,,
coutee4800wrk,93.95,Keke Coutee,4800,HOU,IND,,,8.64,11.8,5.5,3.77,1.8,14.5,18.1,4.87,-29,0.31,0.92,7.8,2,0,0.58,0.2,32,23.3,26.8,-2,3.5,50,42,0,0,0,0,0,0,0,0,0,0,0,0,0,0,0,0,0,0,0,0,0.27,0.13,0,0,0,0,6.4,300,1.81,0.2,50,0.25,0,40,1.9,-0.8,100,0.48,0.06,15,0.1,0.42,19,WR,1420,,,0,0,0,0,4,2,22,10,9.4,0.2,5.4,0.25,0,0.116,0.125,0.078,0,0,0,0,0,0,0,0,0,0,coutee,keke coutee,k,coutee4800wrk,,,WR,,,,,,,,,,,,,,,,,
crowder6200wrj,83.95,Jamison Crowder,6200,NYJ,LV,,,9.81,13.5,6.1,1.75,1.6,3,19.2,8.06,-3,0.75,1,0.4,3,0,0.67,0.8,52,20.3,27.8,0,7.5,48,39,0,0,0,0,0,0,0,0,0,0,0,0,0,0,0,0,0,0,0,0,0.8,0.4,0.2,38,0.55,0.02,5.4,-100,1.63,0.13,33,0,0.33,30,13.2,3.8,200,1.58,0.25,56,0.37,0.12,16,WR,1420,,,0,0,0,0,8,5,63,29,12.5,0.5,6.6,0.417,0,0.265,0.462,0.295,0,0,0,0,0,0,0,0,0,0,crowder,jamison crowder,j,crowder6200wrj,,,WR,,,,,,,,,,,,,,,,,
darnold6500qbs,76.8,Sam Darnold,6500,NYJ,LV,,,15.26,24.8,5.8,1.04,2.3,0.5,21.04,14.22,-5,0.39,1,0.3,1,0,0.67,3.4,62,20.3,27.8,0,7.5,48,39,18,31,192,58,6.1,4.36,0.8,34,16.1,68.4,10.6,2.6,3.2,7.5,2,8,14,5.2,0.1,0.581,2.73,0.93,0.4,38,0.55,0.02,6.8,-100,0.21,0.12,33,0,0,30,12.2,-2.4,-300,0.33,0.2,68,0.12,0.06,16,QB,1420,,,0,0,0,0,0,0,0,0,0,0,0,0,0,0,0,0,0,0,0,0,0,0,0,0,0,0,darnold,sam darnold,s,darnold6500qbs,,,QB,,,,,,,,,,,,,,,,,
davis6100wrc,92.2,Corey Davis,6100,TEN,CLE,,,10.7,14.9,6.5,2.86,1.8,3,29.7,7.84,4,0.91,0.94,3.8,4,0,0.71,1,49,29,25,1,-4,54,55,0,0,0,0,0,0,0,0,0,0,0,0,0,0,0,0,0,0,0,0,0.38,0.19,0.06,51,0.7,0.01,10.2,100,2.14,0.22,80,0.2,0,50,9.3,2.7,1100,1.58,0.19,83,0.27,0.05,18,WR,1420,,,0,0,0,0,5,4,61,23,14.7,0.2,9.2,0.5,0,0.208,0.115,0.243,0,0,0,0,0,0,0,0,0,0,davis,corey davis,c,davis6100wrc,,,WR,,,,,,,,,,,,,,,,,
detroit3500,42.17,Detroit,3500,DET,@CHI,,,6.3,13.2,-0.6,2.23,1.8,3,5,4.07,-2,0.57,0,0,1,0,0.71,2.9,0,20.5,23.5,0.2,3,44,48,0,0,0,0,0,0,0,0,0,0,0,0,1.66,3.69,0,0,0,0,0,0,0,0,0,36,0.77,0.09,3.5,300,0,0,75,0.25,0.25,40,2.9,-1.5,-200,0,0,73,0.2,0.26,15,DEF,1420,,,0,0,0,0,0,0,0,0,0,0,0,0,0,0,0,0,2.1,0.5387,0.5184,0.009,0.0499,7.84,11.2,5.54,3.55,0.2083,detroit,detroit,d,detroit3500,,,D,,,,,,,,,,,,,,,,,
dissly4500tew,81.05,Will Dissly,4500,SEA,NYG,,,4.65,6.6,2.7,0.88,1,0.5,4.8,3.77,-7,0.54,1,0.6,2,0,0.86,1.7,32,29.8,18.8,1.8,-11,48.5,57,0,0,0,0,0,0,0,0,0,0,0,0,0,0,0,0,0,0,0,0,0.27,0.09,0.09,51,0.79,0.09,2.1,-100,2.05,0.06,80,0,0,50,2.8,-1,-400,1.81,0.09,91,0.08,0,12,TE,1420,,,0,0,0,0,1,1,14,13,11.6,0.1,0,0.333,0,0.045,0.032,0.051,0,0,0,0,0,0,0,0,0,0,dissly,will dissly,w,dissly4500tew,,,TE,,,,,,,,,,,,,,,,,
doyle4900tej,49.3,Jack Doyle,4900,IND,@HOU,,,2.12,3.3,1,-2.58,0.4,0.5,1.7,4.7,-23,0.14,0,0,1,0,0.01,0.8,40,26.8,23.3,-1,-3.5,50,58,0,0,0,0,0,0,0,0,0,0,0,0,0,0,0,0,0,0,0,0,0.67,0.2,0.07,0,0,0,7.1,0,4.25,0.24,20,0.2,0,50,4.6,-1.2,-400,1.62,0.12,23,0.17,0.35,17,TE,1420,,,0,0,0,0,2,1,14,9,10.9,0.2,3.6,0.3,0,0.084,0.188,0.058,0,0,0,0,0,0,0,0,0,0,doyle,jack doyle,j,doyle4900tej,,,TE,,,,,,,,,,,,,,,,,
drake6600rbk,76.15,Kenyan Drake,6600,ARI,LA,,,10.45,13.8,7.1,0.28,1.6,3,12.8,10.17,-5,0.65,0.92,2.4,5,0,0.54,-2.3,45,23.3,25.8,-0.5,2.5,49,46,0,0,0,0,0,0,0,0,0,0,0,0,0,0,0,22,79,4.7,1,0.582,3.8,2.33,1.33,0,0,0,15.1,600,0.77,0.41,80,0.6,0,50,15.8,5.6,0,0.82,0.35,81,0.5,0.06,16,RB,1420,92%,2.4,0.583,0.519,0.651,16,2,1,11,7,6.6,0,7.3,0.226,0.66,0,0,0,0,0,0,0,0,0,0,0,0,0,drake,kenyan drake,k,drake6600rbk,,,RB,,,,,,,,,,,,,,,,,
edmonds5500rbc,75.65,Chase Edmonds,5500,ARI,LA,,,7.86,10.4,5.4,0.43,1.4,0.5,5.3,7.43,-3,0.72,0,0,3,0,0.7,-2.3,30,23.3,25.8,-0.5,2.5,49,46,0,0,0,0,0,0,0,0,0,0,0,0,0,0,0,12,27,4.9,0.1,0.542,1.2,0.27,0.2,0,0,0,10.3,-1200,0.74,0.25,83,0.16,0.16,60,7.9,1.1,500,0.84,0.26,58,0.29,0.41,17,RB,1420, ,,0.053,0.19,0.428,5,3,3,23,11,7.8,0.2,0,0,0.444,0,0,0,0,0,0,0,0,0,0,0,0,0,edmonds,chase edmonds,c,edmonds5500rbc,,,RB,,,,,,,,,,,,,,,,,
edwards4700wrb,53.35,Bryan Edwards,4700,LV,@NYJ,,,2.9,4.3,1.5,-1.74,0.6,0.5,0,4.64,-34,0.26,0,0,0,0,0.1,3.2,24,27.8,20.3,0,-7.5,48,61,0,0,0,0,0,0,0,0,0,0,0,0,0,0,0,0,0,0,0,0,0.09,0.09,0.09,38,0.55,0.02,1.6,100,1.25,0.13,50,0,0.25,40,2.9,-0.7,200,1.82,0.12,45,0,0.09,11,WR,1420,,,0,0,0,0,1,1,18,13,16.4,0,0,0,0,0.053,0,0.081,0,0,0,0,0,0,0,0,0,0,edwards,bryan edwards,b,edwards4700wrb,52276-69276:Bryan Edwards,52276-69276,WR,,b,Bryan Edwards,edwards,2.442857197,7,4700,IND@LV,LV,IND,,,,ryland,ryland,bryan,edwards4700wrb
eifert4700tet,76.65,Tyler Eifert,4700,JAX,@MIN,,,4.49,6.4,2.5,0.25,1,0.5,7.5,4.24,-8,0.51,0.8,1.4,2,0,0.29,1.8,36,20.3,30.8,0.5,10.5,51,44,0,0,0,0,0,0,0,0,0,0,0,0,0,0,0,0,0,0,0,0,0.6,0.13,0.07,0,0,0,5.7,200,1.26,0.16,100,0.5,0,40,5.6,1.3,100,1.31,0.16,87,0.31,0,16,TE,1420,,,0,0,0,0,4,2,27,14,11.1,0.2,11.3,0.222,0,0.117,0.143,0.109,0,0,0,0,0,0,0,0,0,0,eifert,tyler eifert,t,eifert4700tet,52276-33557:Tyler Eifert,52276-33557,TE,,t,Tyler Eifert,eifert,4.241666794,12,4700,TEN@JAC,JAC,TEN,,,,ryland,ryland,tyler,eifert4700tet
ekeler7000rba,95.1,Austin Ekeler,7000,LAC,NE,,,15.3,19.8,10.8,4.13,2.2,35.5,8.8,11.17,-3,0.72,1,8.4,10,0,0.97,1.3,39,24.8,22.3,-0.5,-2.5,47,49,0,0,0,0,0,0,0,0,0,0,0,0,0,0,0,15,52,5.2,0.1,0.462,0.93,0.33,0.07,0,0,0,18.4,500,0.61,0.31,25,0.25,0,40,15,2.1,-700,0.88,0.38,46,0.33,0.13,15,RB,1420,100%,8.4,0.111,0.488,0.56,10,6,5,56,23,9.9,0.1,11.2,0.111,0.778,0,0,0,0,0,0,0,0,0,0,0,0,0,ekeler,austin ekeler,a,ekeler7000rba,,,RB,,,,,,,,,,,,,,,,,
engram6000tee,76.2,Evan Engram,6000,NYG,@SEA,,,7.25,10,4.5,-0.02,1.2,3,5.2,7.27,1,0.91,0.67,2.8,5,0,0.89,1.7,56,18.8,29.8,0.8,11,48.5,43,0,0,0,0,0,0,0,0,0,0,0,0,0,0,0,0,0,0,0,0,0.87,0.2,0.13,51,0.79,0.09,9.9,500,1.35,0.16,66,0.66,0.33,30,6.3,0.6,-300,0.85,0.11,60,0.13,0.26,15,TE,1420,,,0,0,0,0,6,4,43,19,10.8,0.1,0,0.1,0,0.213,0.125,0.2,0,0,0,0,0,0,0,0,0,0,engram,evan engram,e,engram6000tee,,,TE,,,,,,,,,,,,,,,,,
ertz5700tez,64.65,Zach Ertz,5700,PHI,@GB,,,5.27,7.5,3,-1.3,0.9,0.5,4.1,6.57,-6,0.58,1,0.3,4,0,0.22,-0.4,64,21,29,1.7,8,50,39,0,0,0,0,0,0,0,0,0,0,0,0,0,0,0,0,0,0,0,0,0.73,0.47,0.33,32,0.67,0,0,-300,0,0,0,0,0,30,9.5,10,-1000,1.15,0.15,61,0.16,0.11,18,TE,1420,,,0,0,0,0,8,4,39,15,8.5,0.4,5.9,0.364,0,0.207,0.286,0.154,0,0,0,0,0,0,0,0,0,0,ertz,zach ertz,z,ertz5700tez,,,TE,,,,,,,,,,,,,,,,,
everett4800teg,83.95,Gerald Everett,4800,LA,@ARI,,,5.57,8.1,3.1,1.1,1.2,0.5,7.4,4.47,-2,0.75,0,0,2,0,0.35,-1.7,30,25.8,23.3,1,-2.5,49,54,0,0,0,0,0,0,0,0,0,0,0,0,0,0,0,0,0,0,0,0,0.27,0.13,0.13,0,0,0,3.7,300,1.1,0.1,100,0,0,30,3.9,0.6,200,1.29,0.13,60,0.13,0.26,15,TE,1420,,,0,0,0,0,2,2,22,12,10.6,0.1,0,0.333,0,0.081,0.048,0.081,0,0,0,0,0,0,0,0,0,0,everett,gerald everett,g,everett4800teg,,,TE,,,,,,,,,,,,,,,,,
fells4800ted,63.85,Darren Fells,4800,HOU,IND,,,3.27,4.8,1.8,-1.2,0.7,0.5,0,4.47,-13,0.37,1,0.3,2,0,0.08,-0.2,39,23.3,26.8,-2,3.5,50,42,0,0,0,0,0,0,0,0,0,0,0,0,0,0,0,0,0,0,0,0,0.27,0.13,0.07,0,0,0,3.2,-400,2.11,0.11,50,0,0.25,40,5.7,0.8,300,2.33,0.14,65,0.25,0.15,20,TE,1420,,,0,0,0,0,2,1,21,13,12.2,0.2,3.5,0.5,0,0.075,0.111,0.078,0,0,0,0,0,0,0,0,0,0,fells,darren fells,d,fells4800ted,52276-38301:Darren Fells,52276-38301,TE,,d,Darren Fells,fells,5.5,10,4800,HOU@CHI,HOU,CHI,,,,ryland,ryland,darren,fells4800ted
firkser4600tea,92.05,Anthony Firkser,4600,TEN,CLE,,,6.47,9,3.9,2.47,1.4,18.5,7.6,4,-10,0.45,1,3.6,4,0,0.08,0.7,21,29,25,1,-4,54,55,0,0,0,0,0,0,0,0,0,0,0,0,0,0,0,0,0,0,0,0,0.5,0.25,0.13,51,0.7,0.01,2.7,-300,0.71,0.11,40,0,0.4,50,4.4,0.1,400,1.38,0.21,50,0.22,0.38,18,TE,1420,,,0,0,0,0,3,2,22,12,10.4,0.1,10.8,0.125,0,0.109,0.03,0.087,0,0,0,0,0,0,0,0,0,0,firkser,anthony firkser,a,firkser4600tea,,,TE,,,,,,,,,,,,,,,,,
fulgham6300wrt,56.5,Travis Fulgham,6300,PHI,@GB,,,6.5,9.4,3.6,-1.79,1,0.5,0,8.29,-10,0.6,0,0,1,0,0.67,0.5,45,21,29,1.7,8,50,39,0,0,0,0,0,0,0,0,0,0,0,0,0,0,0,0,0,0,0,0,0.53,0.12,0.06,32,0.67,0,1.7,-500,0.37,0.03,0,0,1,30,7.9,-0.1,1700,1.43,0.18,27,0.27,0.33,18,WR,1420,,,0,0,0,0,5,3,42,17,14.2,0.4,0,0.333,0,0.163,0.267,0.198,0,0,0,0,0,0,0,0,0,0,fulgham,travis fulgham,t,fulgham6300wrt,,,WR,,,,,,,,,,,,,,,,,
gage5200wrr,78.75,Russell Gage,5200,ATL,NO,,,7.18,10.1,4.3,1.4,1.4,0.5,13.1,5.78,-5,0.7,0,0,1,0,0.82,0.9,45,21.8,24.3,-0.5,2.5,46,51,0,0,0,0,0,0,0,0,0,0,0,0,0,0,0,0,0,0,0,0,1.33,0.33,0.2,0,0,0,5.4,-200,0.71,0.1,66,0,0.33,30,6.8,0.5,400,0.87,0.15,73,0.2,0.26,15,WR,1420,,,0,0,0,0,6,4,42,15,9.9,0.1,5.5,0.053,0,0.171,0.043,0.144,0,0,0,0,0,0,0,0,0,0,gage,russell gage,r,gage5200wrr,,,WR,,,,,,,,,,,,,,,,,
gallman6100rbw,84.65,Wayne Gallman,6100,NYG,@SEA,,,10.6,14,7.2,1.68,1.7,3,13.5,8.92,-1,0.8,1,1.3,4,0,0.87,1,24,18.8,29.8,0.8,11,48.5,43,0,0,0,0,0,0,0,0,0,0,0,0,0,0,0,12,36,4,0.6,0.559,1.4,0.73,0.67,51,0.79,0.09,16.4,600,0.76,0.37,100,1,0,30,6.8,2.1,1600,0.59,0.28,53,0.33,0.33,15,RB,1420,100%,1.3,0.667,0.323,0.373,9,2,1,7,7,4.5,0,0,0.375,0.688,0,0,0,0,0,0,0,0,0,0,0,0,0,gallman,wayne gallman,w,gallman6100rbw,,,RB,,,,,,,,,,,,,,,,,
gaskin5500rbm,95.75,Myles Gaskin,5500,MIA,CIN,,,12.96,17.1,8.8,5.53,2.4,18.5,13.1,7.43,-5,0.65,0.83,2.9,7,0,0.99,-1.4,38,26.8,16.3,0,-10.5,43,57,0,0,0,0,0,0,0,0,0,0,0,0,0,0,0,14,49,3.8,0.3,0.55,2.47,1.13,0.53,81,0.67,0.02,0,-400,0,0,0,0,0,40,9.5,2.1,900,0.55,0.25,68,0.56,0.06,16,RB,1420,83%,2.9,0.375,0.478,0.575,12,4,3,23,11,6.9,0,4.6,0.103,0.552,0,0,0,0,0,0,0,0,0,0,0,0,0,gaskin,myles gaskin,m,gaskin5500rbm,,,RB,,,,,,,,,,,,,,,,,
gesicki5700tem,81.3,Mike Gesicki,5700,MIA,CIN,,,7.14,9.8,4.4,0.57,1.3,3,19.3,6.57,2,0.94,0.88,3.9,6,0,0.73,3.2,42,26.8,16.3,0,-10.5,43,57,0,0,0,0,0,0,0,0,0,0,0,0,0,0,0,0,0,0,0,0,1.13,0.67,0.13,81,0.67,0.02,6.9,400,1.45,0.17,100,0.25,0,40,8.6,2.3,300,1.55,0.2,75,0.31,0.18,16,TE,1420,,,0,0,0,0,5,3,41,21,13.7,0.4,4.7,0.294,0,0.161,0.24,0.163,0,0,0,0,0,0,0,0,0,0,gesicki,mike gesicki,m,gesicki5700tem,52276-56265:Mike Gesicki,52276-56265,TE,,m,Mike Gesicki,gesicki,8.099999746,12,5700,KC@MIA,MIA,KC,,,,ryland,ryland,mike,gesicki5700tem
glennon6800qbm,74,Mike Glennon,6800,JAX,@MIN,,,15.34,25.8,4.9,0.54,2.3,0.5,14.1,14.8,-3,0.52,1,2.4,1,0,0.22,-0.2,65,20.3,30.8,0.5,10.5,51,44,20,35,235,57,6.7,7.86,2,46,17.1,51.4,25.7,5.7,0,0,2,4,6,3,0,0.5,0.33,0.2,0.07,0,0,0,18,300,0.49,0.28,25,0.25,0,40,3.6,0.3,800,0.1,0.06,6,0.06,0.26,15,QB,1420,,,0,0,0,0,0,0,0,0,0,0,0,0,0,0,0,0,0,0,0,0,0,0,0,0,0,0,glennon,mike glennon,m,glennon6800qbm,,,QB,,,,,,,,,,,,,,,,,
goedert6200ted,83.6,Dallas Goedert,6200,PHI,@GB,,,8.48,11.6,5.4,0.74,1.4,10.5,9.1,7.74,-2,0.75,0.95,5,7,0,0.17,-0.4,58,21,29,1.7,8,50,39,0,0,0,0,0,0,0,0,0,0,0,0,0,0,0,0,0,0,0,0,0.53,0.27,0.13,32,0.67,0,12.8,400,1.75,0.19,100,0.66,0,30,9.7,2.2,1000,1.42,0.17,66,0.22,0.11,18,TE,1420,,,0,0,0,0,6,4,53,21,11.6,0.4,7.5,0.375,0,0.172,0.25,0.216,0,0,0,0,0,0,0,0,0,0,goedert,dallas goedert,d,goedert6200ted,,,TE,,,,,,,,,,,,,,,,,
goff7200qbj,92.85,Jared Goff,7200,LA,@ARI,,,18.6,29.2,8,3.01,2.6,6.5,24.14,15.59,-7,0.27,0.83,4.7,1,0,0.74,2.4,70,25.8,23.3,1,-2.5,49,54,25,38,282,66,7.4,6.8,1.7,35,11.6,61.5,22.6,4.5,2.4,3.1,3,4,5,1.7,0.1,0.413,5.2,2.47,1.4,0,0,0,13.5,-200,0.3,0.2,66,0.33,0.33,30,18,1.6,-200,0.42,0.26,93,0.56,0.06,16,QB,1420,,,0,0,0,0,0,0,0,0,0,0,0,0,0,0,0,0,0,0,0,0,0,0,0,0,0,0,goff,jared goff,j,goff7200qbj,,,QB,,,,,,,,,,,,,,,,,
gore5300rbf,92.45,Frank Gore,5300,NYJ,LV,,,10.77,14.3,7.3,3.84,2,0.5,0.2,6.93,9,0.97,1,1.5,2,0,0.54,-0.7,22,20.3,27.8,0,7.5,48,39,0,0,0,0,0,0,0,0,0,0,0,0,0,0,0,10,37,3.5,0.1,0.447,1.87,0.6,0.2,38,0.55,0.02,10.4,300,0.6,0.35,100,0.66,0,30,4.9,-1.6,500,0.41,0.22,64,0.11,0.35,17,RB,1420,100%,1.5,0.167,0.386,0.364,10,1,1,5,3,5.4,0,10,0.04,0.4,0,0,0,0,0,0,0,0,0,0,0,0,0,gore,frank gore,f,gore5300rbf,,,RB,,,,,,,,,,,,,,,,,
graham5400tej,79,Jimmy Graham,5400,CHI,DET,,,6.26,8.5,4,0.39,1.2,0.5,0,5.87,1,0.91,1,0.3,6,0,0.22,2.1,41,23.5,20.5,-1.3,-3,44,52,0,0,0,0,0,0,0,0,0,0,0,0,0,0,0,0,0,0,0,0,1.07,0.6,0.27,36,0.77,0.09,9.6,100,2.4,0.28,66,0.33,0,30,6.7,10,400,1.28,0.16,68,0.21,0.26,19,TE,1420,,,0,0,0,0,5,3,29,14,9.5,0.3,8.2,0.313,0,0.134,0.217,0.124,0,0,0,0,0,0,0,0,0,0,graham,jimmy graham,j,graham5400tej,,,TE,,,,,,,,,,,,,,,,,
grant4800wrj,77.3,Jakeem Grant,4800,MIA,CIN,,,6.15,8.6,3.7,1.28,1.3,0.5,5.2,4.87,-17,0.48,1,0.2,0,0,0.58,4,25,26.8,16.3,0,-10.5,43,57,0,0,0,0,0,0,0,0,0,0,0,0,0,0,0,0,0,0,0,0,0.2,0.13,0.07,81,0.67,0.02,5.7,200,1.2,0.15,100,0.25,0,40,4.4,0.2,300,1.2,0.18,60,0.2,0.2,15,WR,1420,,,0,0,0,0,3,2,23,14,9.8,0.1,0,0.333,0,0.107,0.056,0.102,0,0,0,0,0,0,0,0,0,0,grant,jakeem grant,j,grant4800wrj,,,WR,,,,,,,,,,,,,,,,,
green bay4100,62.11,Green Bay,4100,GB,PHI,,,7.4,14.7,0.1,1.4,1.8,14.5,13,6,0,0.72,0,0,4,0,0.98,1.9,0,29,21,0.7,-8,50,61,0,0,0,0,0,0,0,0,0,0,0,0,2.36,6.68,0,0,0,0,0,0,0,0,0,32,0.67,0,8.3,-700,0,0,100,0.33,0,30,60,-1.1,200,0,0,80,0.33,0.14,21,DEF,1420,,,0,0,0,0,0,0,0,0,0,0,0,0,0,0,0,0,30,0.4892,0.5082,0.0137,0.0433,6.83,8.87,50,2.83,0.218,bay,green bay,g,green bay4100,,,D,,,,,,,,,,,,,,,,,
green5200wra,64.25,AJ Green,5200,CIN,@MIA,,,5.56,8,3.2,-0.22,1.1,0.5,0,5.78,-20,0.43,0,0,2,0,0,0.4,51,16.3,26.8,0.5,10.5,43,43,0,0,0,0,0,0,0,0,0,0,0,0,0,0,0,0,0,0,0,0,0.33,0.27,0.2,81,0.67,0.02,12.1,-400,2.13,0.25,33,0.33,0,30,4.9,0.2,-1000,0.68,0.1,33,0.2,0.46,15,WR,1420,,,0,0,0,0,7,3,32,10,10.2,0.1,0,0.2,0,0.186,0.071,0.124,0,0,0,0,0,0,0,0,0,0,green,aj green,a,green5200wra,,,WR,,,,,,,,,,,,,,,,,
gurley6600rbt,63.65,Todd Gurley,6600,ATL,NO,,,8.6,12.2,5,-1.57,1.3,3,2.5,10.17,-8,0.56,0,0.5,3,0,0.36,-4.3,45,21.8,24.3,-0.5,2.5,46,51,0,0,0,0,0,0,0,0,0,0,0,0,0,0,0,13,58,3.5,0.9,0.445,4.13,1.87,1.2,0,0,0,8,-300,0.51,0.24,33,0.33,0.33,30,14.4,2.8,-500,0.74,0.32,81,0.5,0.12,16,RB,1420,0%,0.5,0.765,0.598,0.625,16,2,1,11,6,6.2,0.1,5.5,0.197,0.426,0,0,0,0,0,0,0,0,0,0,0,0,0,gurley,todd gurley,t,gurley6600rbt,,,RB,,,,,,,,,,,,,,,,,
guyton4900wrj,64.8,Jalen Guyton,4900,LAC,NE,,,4.92,7.4,2.5,-0.18,1,0.5,4.8,5.1,-24,0.38,1,0.2,0,0,0.05,1.3,50,24.8,22.3,-0.5,-2.5,47,49,0,0,0,0,0,0,0,0,0,0,0,0,0,0,0,0,0,0,0,0,0.2,0,0,0,0,0,2.9,0,0.88,0.05,75,0,0.25,40,40,0.4,400,1.57,0.08,60,0.2,0.4,15,WR,1420,,,0,0,0,0,2,1,25,21,18.4,0.2,0,0.333,0,0.067,0.111,0.086,0,0,0,0,0,0,0,0,0,0,guyton,jalen guyton,j,guyton4900wrj,52276-64843:Jalen Guyton,52276-64843,WR,,j,Jalen Guyton,guyton,5.375,12,4900,ATL@LAC,LAC,ATL,,,,ryland,ryland,jalen,guyton4900wrj
hansen4500wrc,54.2,Chad Hansen,4500,HOU,IND,,,2.78,4.3,1.3,-1.41,0.6,0,12.6,4.19,0,0,0,0,1,0,0.5,0.2,0,23.3,26.8,-2,3.5,50,42,0,0,0,0,0,0,0,0,0,0,0,0,0,0,0,0,0,0,0,0,0,0,0,0,0,0,0,0,0,0,0,0,0,40,0,0,0,0,0,0,0,0,11,WR,1420,,,0,0,0,0,0,0,0,0,0,0,0,0,0,0,0,0,0,0,0,0,0,0,0,0,0,0,hansen,chad hansen,c,hansen4500wrc,,,WR,,,,,,,,,,,,,,,,,
harris4600wrd,51.05,De'Michael Harris,4600,IND,@HOU,,,2.38,3.5,1.2,-2.04,0.5,0.5,-0.3,4.42,-37,0.22,0,0,1,0,0.16,2.4,12,26.8,23.3,-1,-3.5,50,58,0,0,0,0,0,0,0,0,0,0,0,0,0,0,0,0,0,0,0,0,0.18,0,0,0,0,0,3.2,100,1.07,0.25,80,0.2,0.2,50,3.4,-0.3,100,1.13,0.28,41,0.08,0.08,12,WR,1420,,,0,0,0,0,2,2,15,9,7.9,0,0,0,0,0.052,0,0.053,0,0,0,0,0,0,0,0,0,0,harris,de'michael harris,d,harris4600wrd,52276-89384:DeMichael Harris,52276-89384,WR,,d,DeMichael Harris,harris,2.916666667,6,4600,IND@LV,IND,LV,,,,ryland,ryland,demichael,harris4600wrd
harris4600wrd,51.05,De'Michael Harris,4600,IND,@HOU,,,2.38,3.5,1.2,-2.04,0.5,0.5,-0.3,4.42,-37,0.22,0,0,1,0,0.16,2.4,12,26.8,23.3,-1,-3.5,50,58,0,0,0,0,0,0,0,0,0,0,0,0,0,0,0,0,0,0,0,0,0.18,0,0,0,0,0,3.2,100,1.07,0.25,80,0.2,0.2,50,3.4,-0.3,100,1.13,0.28,41,0.08,0.08,12,WR,1420,,,0,0,0,0,2,2,15,9,7.9,0,0,0,0,0.052,0,0.053,0,0,0,0,0,0,0,0,0,0,harris,de'michael harris,d,harris4600wrd,52276-104176:Deonte Harris,52276-104176,WR,,d,Deonte Harris,harris,4.188888974,9,4600,NO@PHI,NO,PHI,Q,Neck,,ryland,ryland,deonte,harris4600wrd
harris5900rbd,83.5,Damien Harris,5900,NE,@LAC,,,10,13.2,6.8,1.57,1.7,3,10,8.43,-2,0.76,1,1.6,5,0,0.64,1.6,24,22.3,24.8,-1.5,2.5,47,51,0,0,0,0,0,0,0,0,0,0,0,0,0,0,0,19,70,5.1,0.3,0.518,0.87,0.53,0.2,0,0,0,8.6,-400,0.54,0.29,100,0.4,0,50,5.7,0.5,1400,0.4,0.24,52,0.23,0.29,17,RB,1420,100%,1.6,0.182,0.465,0.343,13,0,0,4,4,12.3,0,0,0.077,0.692,0,0,0,0,0,0,0,0,0,0,0,0,0,harris,damien harris,d,harris5900rbd,,,RB,,,,,,,,,,,,,,,,,
harry5100wrn,63.95,N'Keal Harry,5100,NE,@LAC,,,5.3,7.5,3.1,-0.26,1,0.5,8.5,5.56,-21,0.42,1,0.4,1,0,0,0,38,22.3,24.8,-1.5,2.5,47,51,0,0,0,0,0,0,0,0,0,0,0,0,0,0,0,0,0,0,0,0,0.87,0.47,0.13,0,0,0,3.2,-500,0.8,0.09,20,0,0.2,50,5.2,-0.4,0,1.04,0.14,55,0.16,0.16,18,WR,1420,,,0,0,0,0,4,2,22,10,9.1,0.2,6.7,0.154,0,0.156,0.167,0.108,0,0,0,0,0,0,0,0,0,0,harry,n'keal harry,n,harry5100wrn,,,WR,,,,,,,,,,,,,,,,,
henderson5600rbd,65.55,Darrell Henderson,5600,LA,@ARI,,,6.62,8.8,4.4,-1.06,1.2,0.5,14.4,7.68,-7,0.59,0,0,0,0,0.36,-1.7,22,25.8,23.3,1,-2.5,49,54,0,0,0,0,0,0,0,0,0,0,0,0,0,0,0,11,39,4.3,0.3,0.574,2.33,1.4,0.73,0,0,0,4.5,-200,0.45,0.18,33,0.33,0.66,30,6.8,0.6,400,0.62,0.31,46,0.26,0.53,15,RB,1420, ,,0.211,0.323,0.321,9,1,1,9,7,9.9,0.1,0,0.129,0.645,0,0,0,0,0,0,0,0,0,0,0,0,0,henderson,darrell henderson,d,henderson5600rbd,,,RB,,,,,,,,,,,,,,,,,
henry10000rbd,72.05,Derrick Henry,10000,TEN,CLE,,,17.94,23.1,12.7,-0.71,1.8,23,5.4,18.65,0,0.84,0.98,7.8,12,0,0.59,-0.4,43,29,25,1,-4,54,55,0,0,0,0,0,0,0,0,0,0,0,0,0,0,0,28,118,5.1,1.2,0.55,4.94,2.69,1.38,51,0.7,0.01,17.4,1100,0.67,0.41,40,0.2,0.6,50,19.8,4.4,1600,0.78,0.46,65,0.45,0.35,20,RB,1420,98%,7.8,0.81,0.729,0.657,23,2,1,7,6,6.6,0,20,0.208,0.584,0,0,0,0,0,0,0,0,0,0,0,0,0,henry,derrick henry,d,henry10000rbd,,,RB,,,,,,,,,,,,,,,,,
henry6000teh,86.15,Hunter Henry,6000,LAC,NE,,,8.45,11.5,5.4,1.18,1.4,10.5,1,7.27,-1,0.81,0.92,3.3,8,0,0.86,-1,62,24.8,22.3,-0.5,-2.5,47,49,0,0,0,0,0,0,0,0,0,0,0,0,0,0,0,0,0,0,0,0,0.8,0.53,0.33,0,0,0,9.8,400,1.31,0.14,100,0.75,0,40,8.3,1.1,0,1.33,0.13,93,0.26,0.06,15,TE,1420,,,0,0,0,0,6,4,43,19,10.6,0.3,9.4,0.333,0,0.167,0.167,0.149,0,0,0,0,0,0,0,0,0,0,henry,hunter henry,h,henry6000teh,,,TE,,,,,,,,,,,,,,,,,
herbert7900qbj,94.15,Justin Herbert,7900,LAC,NE,,,20.2,31.1,9.3,3.24,2.6,10.5,6.36,16.96,-7,0.27,0.94,4.5,1,0,0.96,0.3,75,24.8,22.3,-0.5,-2.5,47,49,26,40,301,66,7.5,7.17,2.3,49,26.1,51,19.7,5.8,1.8,5.2,4,10,18,4.5,0.3,0.488,6.45,2.64,1.64,0,0,0,22.5,0,0.46,0.3,100,0.75,0,40,24.2,6.5,1800,0.52,0.32,90,0.72,0,11,QB,1420,,,0,0,0,0,0,0,0,0,0,0,0,0,0,0,0,0,0,0,0,0,0,0,0,0,0,0,herbert,justin herbert,j,herbert7900qbj,,,QB,,,,,,,,,,,,,,,,,
herndon4500tec,68.65,Chris Herndon,4500,NYJ,LV,,,3.12,4.4,1.8,-0.65,0.7,0.5,0,3.77,-16,0.29,0,0,1,0,0.12,1.2,40,20.3,27.8,0,7.5,48,39,0,0,0,0,0,0,0,0,0,0,0,0,0,0,0,0,0,0,0,0,0.13,0.13,0,38,0.55,0.02,10.2,200,10.2,0.28,33,0.33,0,30,3.3,-0.6,-200,1.29,0.08,35,0.05,0.17,17,TE,1420,,,0,0,0,0,2,1,12,7,8.3,0.1,0,0.5,0,0.084,0.111,0.063,0,0,0,0,0,0,0,0,0,0,herndon,chris herndon,c,herndon4500tec,52276-55336:Chris Herndon,52276-55336,TE,,c,Chris Herndon,herndon,2.588888804,9,4500,NYJ@SEA,NYJ,SEA,,,,ryland,ryland,chris,herndon4500tec
higbee5100tet,80.55,Tyler Higbee,5100,LA,@ARI,,,5.72,8.1,3.3,0.55,1.1,0.5,10.4,5.17,-2,0.75,1,0.6,6,0,0.29,-1.7,57,25.8,23.3,1,-2.5,49,54,0,0,0,0,0,0,0,0,0,0,0,0,0,0,0,0,0,0,0,0,0.87,0.33,0.27,0,0,0,4.2,-100,0.97,0.09,66,0,0.33,30,9.4,2.3,-700,1.53,0.17,66,0.33,0.26,15,TE,1420,,,0,0,0,0,6,4,52,21,11.5,0.3,8.7,0.231,0,0.163,0.174,0.183,0,0,0,0,0,0,0,0,0,0,higbee,tyler higbee,t,higbee5100tet,,,TE,,,,,,,,,,,,,,,,,
higgins5400wrr,81.75,Rashard Higgins,5400,CLE,@TEN,,,7.92,11.1,4.7,1.68,1.5,0.5,18.5,6.24,3,0.89,1,0.7,2,0,0.54,2,29,25,29,1,4,54,45,0,0,0,0,0,0,0,0,0,0,0,0,0,0,0,0,0,0,0,0,0.2,0.07,0.07,51,0.7,0.01,5.4,-100,1.63,0.14,66,0,0.33,30,4.3,-0.1,800,1.73,0.15,40,0.2,0.4,15,WR,1420,,,0,0,0,0,2,1,30,16,16.1,0.2,0,0.667,0,0.097,0.154,0.148,0,0,0,0,0,0,0,0,0,0,higgins,rashard higgins,r,higgins5400wrr,,,WR,,,,,,,,,,,,,,,,,
higgins6400wrt,75.3,Tee Higgins,6400,CIN,@MIA,,,9.4,13.3,5.5,0.88,1.5,3,8.1,8.52,-5,0.7,0.6,0.9,2,0,0.05,0.4,51,16.3,26.8,0.5,10.5,43,43,0,0,0,0,0,0,0,0,0,0,0,0,0,0,0,0,0,0,0,0,0.73,0.45,0.45,81,0.67,0.02,12,300,1.5,0.22,66,0.66,0.33,30,12.2,50,1500,1.66,0.24,81,0.54,0.09,11,WR,1420,,,0,0,0,0,6,4,61,27,14,0.5,0,0.625,0,0.176,0.357,0.234,0,0,0,0,0,0,0,0,0,0,higgins,tee higgins,t,higgins6400wrt,52276-89981:Tee Higgins,52276-89981,WR,,t,Tee Higgins,higgins,11.83636336,11,6400,DAL@CIN,CIN,DAL,Q,Hamstring,,ryland,ryland,tee,higgins6400wrt
hill5800rbb,50.35,Brian Hill,5800,ATL,NO,,,4.98,7.2,2.8,-3.2,0.9,0.5,1.8,8.18,-11,0.48,0.25,0.5,2,0,0.49,-4.3,19,21.8,24.3,-0.5,2.5,46,51,0,0,0,0,0,0,0,0,0,0,0,0,0,0,0,13,32,5.1,0.1,0.495,0.53,0.33,0.2,0,0,0,3.2,800,0.36,0.12,33,0,0.66,30,4.9,-1.1,1000,0.64,0.26,82,0.23,0.17,17,RB,1420,25%,0.5,0.118,0.3,0.274,6,1,1,7,4,6.9,0,0,0.143,0.429,0,0,0,0,0,0,0,0,0,0,0,0,0,hill,brian hill,b,hill5800rbb,,,RB,,,,,,,,,,,,,,,,,
hill7700qbt,93.6,Taysom Hill,7700,NO,@ATL,,,19.66,32.5,6.8,3.09,2.6,3,23.58,16.57,5,0.95,0.89,4.7,1,0,0.74,2.3,25,24.3,21.8,-1,-2.5,46,49,4,5,52,68,8.9,7.2,0,19,14.9,61.7,17,0,2,15.3,4,10,20,4.8,0.3,0.523,2.07,1.33,0.53,0,0,0,13.8,3200,0.55,0.33,100,0.75,0,40,8.7,3.1,2700,0.72,0.35,70,0.52,0.29,17,QB,1420,,,0,0,0,0,0,0,0,0,0,0,0,0,0,0,0,0,0,0,0,0,0,0,0,0,0,0,hill,taysom hill,t,hill7700qbt,52276-45565:Taysom Hill,52276-45565,QB,,t,Taysom Hill,hill,8.896666845,12,7700,NO@PHI,NO,PHI,,,,ryland,ryland,taysom,hill7700qbt
hilton5600wrt,78.35,TY Hilton,5600,IND,@HOU,,,7.96,11.2,4.7,1.26,1.4,3,21,6.7,-14,0.53,0.85,2.9,1,0,0.58,2.4,44,26.8,23.3,-1,-3.5,50,58,0,0,0,0,0,0,0,0,0,0,0,0,0,0,0,0,0,0,0,0,0.47,0.13,0.07,0,0,0,9.1,300,1.7,0.18,75,0.25,0,40,5.7,-1.9,-800,1.04,0.13,50,0.11,0.44,18,WR,1420,,,0,0,0,0,5,3,40,20,12.3,0.1,11.1,0.143,0,0.167,0.063,0.165,0,0,0,0,0,0,0,0,0,0,hilton,ty hilton,t,hilton5600wrt,,,WR,,,,,,,,,,,,,,,,,
hines6400rbn,73.3,Nyheim Hines,6400,IND,@HOU,,,9.51,13,6,-0.16,1.5,0.5,10.7,9.67,4,0.94,0.85,2.2,6,0,0.44,3.4,25,26.8,23.3,-1,-3.5,50,58,0,0,0,0,0,0,0,0,0,0,0,0,0,0,0,7,17,3.4,0.1,0.44,1.8,1,0.4,0,0,0,15.4,1000,1.16,0.45,100,0.6,0,50,10.5,3.2,1500,1.1,0.42,81,0.37,0.18,16,RB,1420,85%,2.2,0.105,0.16,0.38,5,4,3,27,12,7.6,0.3,3.1,0.111,0.389,0,0,0,0,0,0,0,0,0,0,0,0,0,hines,nyheim hines,n,hines6400rbn,,,RB,,,,,,,,,,,,,,,,,
hockenson6100tet,87.3,TJ Hockenson,6100,DET,@CHI,,,8.87,12.2,5.6,1.36,1.5,6.5,11.9,7.51,3,0.95,0.86,5.8,7,0,0.89,1.9,47,20.5,23.5,0.2,3,44,48,0,0,0,0,0,0,0,0,0,0,0,0,0,0,0,0,0,0,0,0,0.93,0.6,0.47,36,0.77,0.09,8.7,100,1.29,0.18,75,0.25,0.25,40,9.8,2.2,800,1.58,0.21,66,0.26,0.06,15,TE,1420,,,0,0,0,0,6,4,48,21,11.8,0.5,0,0.357,0,0.177,0.263,0.178,0,0,0,0,0,0,0,0,0,0,hockenson,tj hockenson,t,hockenson6100tet,,,TE,,,,,,,,,,,,,,,,,
hollins4600wrm,62.35,Mack Hollins,4600,MIA,CIN,,,4.12,6,2.3,-0.3,0.9,0.5,1.2,4.42,-30,0.3,0,0,0,0,0.16,4,9,26.8,16.3,0,-10.5,43,57,0,0,0,0,0,0,0,0,0,0,0,0,0,0,0,0,0,0,0,0,0.06,0,0,81,0.67,0.02,3.1,100,1.79,0.15,75,0.25,0.25,40,1.6,-0.4,100,2.74,0.17,17,0.05,0.29,17,WR,1420,,,0,0,0,0,0,0,2,2,80,0.1,0,1,0,0.017,0.043,0.011,0,0,0,0,0,0,0,0,0,0,hollins,mack hollins,m,hollins4600wrm,,,WR,,,,,,,,,,,,,,,,,
hollister4900tej,85.65,Jacob Hollister,4900,SEA,NYG,,,5.94,8.1,3.7,1.24,1.2,0.5,3.5,4.7,-2,0.75,1,0.3,2,0,0.17,1.7,26,29.8,18.8,1.8,-11,48.5,57,0,0,0,0,0,0,0,0,0,0,0,0,0,0,0,0,0,0,0,0,0.67,0.27,0.27,51,0.79,0.09,3.5,600,0.88,0.17,75,0.25,0.25,40,4.6,-0.6,700,1.46,0.18,66,0.11,0.16,18,TE,1420,,,0,0,0,0,3,2,18,8,8.6,0.1,6.8,0.1,0,0.094,0.028,0.066,0,0,0,0,0,0,0,0,0,0,hollister,jacob hollister,j,hollister4900tej,52276-54007:Jacob Hollister,52276-54007,TE,,j,Jacob Hollister,hollister,3.240000153,10,4900,NYJ@SEA,SEA,NYJ,,,,ryland,ryland,jacob,hollister4900tej
hooper5300tea,80.7,Austin Hooper,5300,CLE,@TEN,,,6.22,8.6,3.8,0.58,1.2,3,3.4,5.64,-3,0.7,1,4.2,3,0,0.73,2.5,53,25,29,1,4,54,45,0,0,0,0,0,0,0,0,0,0,0,0,0,0,0,0,0,0,0,0,0.73,0.4,0.27,51,0.7,0.01,4.9,200,1.63,0.1,66,0,0.33,30,6.1,-0.2,-400,1.11,0.12,53,0.06,0.33,15,TE,1420,,,0,0,0,0,5,3,33,15,9.4,0.2,5.7,0.182,0,0.183,0.105,0.147,0,0,0,0,0,0,0,0,0,0,hooper,austin hooper,a,hooper5300tea,,,TE,,,,,,,,,,,,,,,,,
hopkins8000wrd,73.55,DeAndre Hopkins,8000,ARI,LA,,,12.59,17.2,7.9,0.42,1.6,6.5,15.2,12.17,5,0.92,0.5,2.9,4,0,0.95,-0.8,66,23.3,25.8,-0.5,2.5,49,46,0,0,0,0,0,0,0,0,0,0,0,0,0,0,0,0,0,0,0,0,1.07,0.4,0.27,0,0,0,10.6,-800,1.41,0.16,25,0.25,0.75,40,12.9,-0.7,200,1.35,0.2,57,0.21,0.42,19,WR,1420,,,0,0,0,0,9,6,87,30,12.9,0.4,8.9,0.067,0,0.283,0.227,0.348,0,0,0,0,0,0,0,0,0,0,hopkins,deandre hopkins,d,hopkins8000wrd,,,WR,,,,,,,,,,,,,,,,,
houston3700,39.17,Houston,3700,HOU,IND,,,6.2,13,-0.6,1.49,1.7,0.5,3,4.71,8,0.97,0,0,1,0,0.8,3,0,23.3,26.8,-2,3.5,50,42,0,0,0,0,0,0,0,0,0,0,0,0,1.76,6.05,0,0,0,0,0,0,0,0,0,0,0,0,7,0,0,0,100,0.5,0,40,5.9,0.3,700,0,0,85,0.4,0.15,20,DEF,1420,,,0,0,0,0,0,0,0,0,0,0,0,0,0,0,0,0,20,0.5449,0.5197,0.0093,0.0515,8.01,11.53,60,3.5,0.2197,houston,houston,h,houston3700,,,D,,,,,,,,,,,,,,,,,
humphries4900wra,72.9,Adam Humphries,4900,TEN,CLE,,,5.97,8.3,3.6,0.87,1.2,0.5,1.4,5.1,-13,0.55,1,0.2,1,0,0.1,1,33,29,25,1,-4,54,55,0,0,0,0,0,0,0,0,0,0,0,0,0,0,0,0,0,0,0,0,0.25,0,0,51,0.7,0.01,0,-100,0,0,0,0,0,40,4.1,1.1,0,0.77,0.12,29,0.23,0.41,17,WR,1420,,,0,0,0,0,5,3,36,15,10,0.3,0,0.25,0,0.157,0.143,0.135,0,0,0,0,0,0,0,0,0,0,humphries,adam humphries,a,humphries4900wra,52276-24671:Adam Humphries,52276-24671,WR,,a,Adam Humphries,humphries,6.614285605,7,4900,TEN@JAC,TEN,JAC,IR,Concussion,,ryland,ryland,adam,humphries4900wra
hunt6300rbk,79.4,Kareem Hunt,6300,CLE,@TEN,,,10.32,13.4,7.2,0.9,1.6,6.5,7.2,9.42,-8,0.56,0.83,1.1,6,0,0.54,1.1,35,25,29,1,4,54,45,0,0,0,0,0,0,0,0,0,0,0,0,0,0,0,13,50,4.3,0.3,0.526,3.13,1.4,0.8,51,0.7,0.01,9.8,-1200,0.6,0.29,100,0,0,30,12.1,1.8,500,0.8,0.35,86,0.4,0.13,15,RB,1420,83%,1.1,0.357,0.345,0.571,11,3,2,21,10,8.2,0.3,10.8,0.135,0.405,0,0,0,0,0,0,0,0,0,0,0,0,0,hunt,kareem hunt,k,hunt6300rbk,,,RB,,,,,,,,,,,,,,,,,
hurst5600teh,89.4,Hayden Hurst,5600,ATL,NO,,,7.98,11,5,1.64,1.4,6.5,1.4,6.34,-1,0.81,0.75,1.9,7,0,0.35,-2.1,46,21.8,24.3,-0.5,2.5,46,51,0,0,0,0,0,0,0,0,0,0,0,0,0,0,0,0,0,0,0,0,0.6,0.2,0.07,0,0,0,8.3,0,1.38,0.18,66,0.33,0,30,7.6,1.6,300,1.53,0.16,80,0.3,0.15,20,TE,1420,,,0,0,0,0,4,3,39,20,12.4,0.3,13.6,0.111,0,0.146,0.143,0.154,0,0,0,0,0,0,0,0,0,0,hurst,hayden hurst,h,hurst5600teh,,,TE,,,,,,,,,,,,,,,,,
hyde5700rbc,66.7,Carlos Hyde,5700,SEA,NYG,,,7.05,9.4,4.7,-0.88,1.2,0.5,2.6,7.93,-5,0.65,0,0,4,0,0.9,0.8,30,29.8,18.8,1.8,-11,48.5,57,0,0,0,0,0,0,0,0,0,0,0,0,0,0,0,10,44,3.7,0.5,0.521,1.19,0.69,0.38,51,0.79,0.09,12.3,0,0.7,0.29,60,0.4,0,50,9.6,0.8,700,0.7,0.32,66,0.19,0.09,21,RB,1420, ,,0.5,0.355,0.444,12,1,1,7,5,5.5,0,2.9,0.211,0.632,0,0,0,0,0,0,0,0,0,0,0,0,0,hyde,carlos hyde,c,hyde5700rbc,,,RB,,,,,,,,,,,,,,,,,
indianapolis4600,29.36,Indianapolis,4600,IND,@HOU,,,6.6,13.6,-0.4,-1.01,1.4,3,12,7.61,-1,0.64,0,0,1,0,0.19,-2.9,0,26.8,23.3,-1,-3.5,50,58,0,0,0,0,0,0,0,0,0,0,0,0,3.74,6.3,0,0,0,0,0,0,0,0,0,0,0,0,6,-200,0,0,80,0.6,0.2,50,8.6,1.2,900,0,0,77,0.55,0.22,18,DEF,1420,,,0,0,0,0,0,0,0,0,0,0,0,0,0,0,0,0,2.8,0.5315,0.4789,0.0209,0.0472,7.42,8.6,4.2,2.92,0.2481,indianapolis,indianapolis,i,indianapolis4600,,,D,,,,,,,,,,,,,,,,,
ingold4500rba,54.05,Alec Ingold,4500,LV,@NYJ,,,2.57,3.5,1.6,-2.36,0.6,0.5,0.7,4.93,-23,0.24,0,0,2,0,0.87,-0.9,14,27.8,20.3,0,-7.5,48,61,0,0,0,0,0,0,0,0,0,0,0,0,0,0,0,0,0,0.3,0,0.25,0.2,0.2,0.2,38,0.55,0.02,1.4,0,1.35,0.11,25,0,0.25,40,2.1,-0.7,0,1.52,0.15,46,0.06,0.33,15,RB,1420, ,,0,0.001,0.214,0,1,0,8,7,10,0.1,1.8,0,0,0,0,0,0,0,0,0,0,0,0,0,0,0,ingold,alec ingold,a,ingold4500rba,52276-63717:Alec Ingold,52276-63717,RB,,a,Alec Ingold,ingold,2.522222307,9,4500,IND@LV,LV,IND,,,,ryland,ryland,alec,ingold4500rba
isabella4800wra,83.85,Andy Isabella,4800,ARI,LA,,,6.84,9.8,3.9,1.97,1.4,3,1.7,4.87,-25,0.36,1,0.9,2,0,0.16,-0.8,19,23.3,25.8,-0.5,2.5,49,46,0,0,0,0,0,0,0,0,0,0,0,0,0,0,0,0,0,0,0,0,0.2,0.07,0.07,0,0,0,2.3,100,0.76,0.11,60,0,0.4,50,3.3,-1.1,200,1.48,0.17,37,0.12,0.43,16,WR,1420,,,0,0,0,0,2,1,15,11,10.8,0.1,2.3,0.667,0,0.064,0.08,0.061,0,0,0,0,0,0,0,0,0,0,isabella,andy isabella,a,isabella4800wra,,,WR,,,,,,,,,,,,,,,,,
izzo4500ter,66.95,Ryan Izzo,4500,NE,@LAC,,,2.91,4.4,1.4,-0.86,0.6,0.5,1.1,3.77,-14,0.35,0,0,0,0,0.12,1.1,53,22.3,24.8,-1.5,2.5,47,51,0,0,0,0,0,0,0,0,0,0,0,0,0,0,0,0,0,0,0,0,0.07,0.07,0.07,0,0,0,4.7,400,4.7,0.08,50,0.25,0,40,1.9,0.2,500,1.12,0.04,43,0.06,0.31,16,TE,1420,,,0,0,0,0,1,1,17,13,16.1,0,0,0,0,0.062,0,0.084,0,0,0,0,0,0,0,0,0,0,izzo,ryan izzo,r,izzo4500ter,,,TE,,,,,,,,,,,,,,,,,
jacksonville3200,23.54,Jacksonville,3200,JAX,@MIN,,,4.4,9.5,-0.7,1.29,1.4,0.5,14,3.11,-3,0.51,0,0,1,0,0.53,4.5,0,20.3,30.8,0.5,10.5,51,44,0,0,0,0,0,0,0,0,0,0,0,0,1.96,3.92,0,0,0,0,0,0,0,0,0,0,0,0,5.3,-300,0,0,100,0.25,0,40,3.8,-0.9,-300,0,0,75,0.37,0.25,16,DEF,1420,,,0,0,0,0,0,0,0,0,0,0,0,0,0,0,0,0,1.8,0.5314,0.5201,0.0105,0.0522,8.39,9.53,4.71,3.15,0.2378,jacksonville,jacksonville,j,jacksonville3200,52276-12554:Jacksonville Jaguars,52276-12554,D,,j,Jacksonville Jaguars,jaguars,4.416666667,12,3200,TEN@JAC,JAC,TEN,,,,Jaguars,Jaguars,jacksonville,jacksonville3200
jefferson7700wrj,87.75,Justin Jefferson,7700,MIN,JAX,,,13.43,18.6,8.3,1.94,1.7,10.5,22.8,11.49,4,0.91,0.97,6.4,6,0,0.78,3,49,30.8,20.3,1,-10.5,51,56,0,0,0,0,0,0,0,0,0,0,0,0,0,0,0,0,0,0,0,0,0.58,0.33,0,0,0,0,16,900,2,0.29,100,0.75,0,40,14.2,6.7,2700,2.16,0.29,90,0.54,0.09,11,WR,1420,,,0,0,0,0,6,4,83,32,17.7,0.5,0,0.429,0,0.236,0.261,0.332,0,0,0,0,0,0,0,0,0,0,jefferson,justin jefferson,j,jefferson7700wrj,,,WR,,,,,,,,,,,,,,,,,
jeffery4800wra,63.5,Alshon Jeffery,4800,PHI,@GB,,,4.58,6.6,2.6,-0.29,1,0.5,0,4.87,-28,0.32,1,0.2,0,0,0.05,0.5,19,21,29,1.7,8,50,39,0,0,0,0,0,0,0,0,0,0,0,0,0,0,0,0,0,0,0,0,0.07,0.07,0,32,0.67,0,2.5,0,1.07,0.13,33,0,0,30,0.8,-1.4,-200,0.37,0.04,5,0,0.11,17,WR,1420,,,0,0,0,0,2,0,3,2,7.5,0,0,0,0,0.056,0,0.015,0,0,0,0,0,0,0,0,0,0,jeffery,alshon jeffery,a,jeffery4800wra,,,WR,,,,,,,,,,,,,,,,,
johnson4600wrm,52.2,Marcus Johnson,4600,IND,@HOU,,,2.47,3.8,1.2,-1.95,0.5,0.5,0,4.42,-35,0.24,0,0,1,0,0.16,2.4,40,26.8,23.3,-1,-3.5,50,58,0,0,0,0,0,0,0,0,0,0,0,0,0,0,0,0,0,0,0,0,0.27,0.07,0.07,0,0,0,2.2,-300,0.78,0.06,20,0,0.2,50,60,0.2,-100,1.57,0.15,47,0.17,0.11,17,WR,1420,,,0,0,0,0,3,1,35,20,19.5,0.1,8.1,0,0,0.114,0.067,0.149,0,0,0,0,0,0,0,0,0,0,johnson,marcus johnson,m,johnson4600wrm,52276-32235:Marcus Johnson,52276-32235,WR,,m,Marcus Johnson,johnson,4.642857143,7,4600,IND@LV,IND,LV,,,,ryland,ryland,marcus,johnson4600wrm
johnson4700wrk,50.35,KeeSean Johnson,4700,ARI,LA,,,2.51,3.7,1.3,-2.13,0.5,0.5,4.7,4.64,-36,0.23,0,0,0,0,0.1,-0.8,20,23.3,25.8,-0.5,2.5,49,46,0,0,0,0,0,0,0,0,0,0,0,0,0,0,0,0,0,0,0,0,0.07,0.07,0,0,0,0,1.2,200,1.2,0.13,0,0,0,40,0.8,-0.2,-100,0.27,0.04,6,0,0.33,15,WR,1420,,,0,0,0,0,3,1,12,8,90,0,0,0,0,0.088,0,0.044,0,0,0,0,0,0,0,0,0,0,johnson,keesean johnson,k,johnson4700wrk,52276-57208:KeeSean Johnson,52276-57208,WR,,k,KeeSean Johnson,johnson,1.716666698,6,4700,ARI@NYG,ARI,NYG,,,,ryland,ryland,keesean,johnson4700wrk
johnson4800rbt,60.5,Ty Johnson,4800,NYJ,LV,,,4.12,5.6,2.6,-1.56,0.9,0.5,18.7,5.68,-16,0.37,0,0,1,0,0.59,-0.7,11,20.3,27.8,0,7.5,48,39,0,0,0,0,0,0,0,0,0,0,0,0,0,0,0,9,15,8.4,0,0.556,0,0,0,38,0.55,0.02,2.3,300,0.69,0.29,33,0,0.33,30,2.9,-1.3,300,0.79,0.27,46,0,0.06,15,RB,1420, ,,0,0.163,0.187,1,1,1,4,3,4.4,0,2.6,0,0,0,0,0,0,0,0,0,0,0,0,0,0,0,johnson,ty johnson,t,johnson4800rbt,,,RB,,,,,,,,,,,,,,,,,
johnson4800wrt,50.8,Tyron Johnson,4800,LAC,NE,,,2.62,4.2,1.1,-2.25,0.5,0.5,0.6,4.87,-32,0.28,0,0,0,0,0.05,1.3,9,24.8,22.3,-0.5,-2.5,47,49,0,0,0,0,0,0,0,0,0,0,0,0,0,0,0,0,0,0,0,0,0,0,0,0,0,0,6.2,300,4.16,0.57,75,0.25,0,40,5.4,0,300,3.42,0.6,36,0.18,0.18,11,WR,1420,,,0,0,0,0,1,0,31,30,44,0.1,0,0,0,0.03,0.056,0.106,0,0,0,0,0,0,0,0,0,0,johnson,tyron johnson,t,johnson4800wrt,52276-68712:Tyler Johnson,52276-68712,WR,,t,Tyler Johnson,johnson,4.114285605,7,4800,MIN@TB,TB,MIN,,,,ryland,ryland,tyler,johnson4800wrt
johnson5000wrc,43.95,Collin Johnson,5000,JAX,@MIN,,,2.04,3.1,1,-3.29,0.4,0.5,10.6,5.33,-45,0.14,1,0.4,1,0,0.1,1.4,16,20.3,30.8,0.5,10.5,51,44,0,0,0,0,0,0,0,0,0,0,0,0,0,0,0,0,0,0,0,0,0.45,0.36,0.18,0,0,0,9.5,300,3.8,0.5,50,0.25,0,40,5.7,0.8,500,2.97,0.35,45,0.18,0.09,11,WR,1420,,,0,0,0,0,1,1,15,9,15,0.2,0,0.2,0,0.054,0.118,0.061,0,0,0,0,0,0,0,0,0,0,johnson,collin johnson,c,johnson5000wrc,,,WR,,,,,,,,,,,,,,,,,
johnson5200rbk,83.9,Kerryon Johnson,5200,DET,@CHI,,,8.32,11.9,4.7,1.64,1.6,0.5,2.1,6.68,-1,0.8,1,0.2,1,0,0.59,-2,20,20.5,23.5,0.2,3,44,48,0,0,0,0,0,0,0,0,0,0,0,0,0,0,0,7,20,4,0.2,0.559,0.93,0.47,0.27,36,0.77,0.09,5.7,0,0.67,0.2,75,0.25,0.25,40,5.5,-0.5,-400,0.81,0.27,53,0.2,0.26,15,RB,1420,100%,0.2,0.2,0.203,0.317,5,1,1,11,6,10.2,0.1,0.5,0.167,0.5,0,0,0,0,0,0,0,0,0,0,0,0,0,johnson,kerryon johnson,k,johnson5200rbk,,,RB,,,,,,,,,,,,,,,,,
johnson6000rbd,63.6,Duke Johnson,6000,HOU,IND,,,7.22,10,4.5,-1.45,1.2,0.5,6.2,8.67,-5,0.65,0.6,0.7,2,0,0.94,0.5,31,23.3,26.8,-2,3.5,50,42,0,0,0,0,0,0,0,0,0,0,0,0,0,0,0,7,17,3,0.2,0.342,0.87,0.6,0.13,0,0,0,9.8,1200,0.62,0.2,100,0.5,0,40,60,-1.1,600,0.63,0.19,68,0.21,0.21,19,RB,1420,60%,0.7,0.182,0.175,0.483,5,3,2,22,12,8.5,0.1,5.5,0.5,0.5,0,0,0,0,0,0,0,0,0,0,0,0,0,johnson,duke johnson,d,johnson6000rbd,,,RB,,,,,,,,,,,,,,,,,
johnson6200rbd,79.4,David Johnson,6200,HOU,IND,,,10.07,13.7,6.4,0.9,1.6,3,10.4,9.17,3,0.92,0.5,0.4,3,0,0.59,0.5,37,23.3,26.8,-2,3.5,50,42,0,0,0,0,0,0,0,0,0,0,0,0,0,0,0,10,33,3.9,0.2,0.514,1.47,0.87,0.67,0,0,0,1.6,-600,1.6,0.05,0,0,0.25,40,8.4,-0.7,-100,0.79,0.23,46,0.26,0.33,15,RB,1420,50%,0.4,0.273,0.307,0.62,8,2,1,15,9,10.5,0.2,70,0.214,0.429,0,0,0,0,0,0,0,0,0,0,0,0,0,johnson,david johnson,d,johnson6200rbd,,,RB,,,,,,,,,,,,,,,,,
jones6000wrm,86.5,Marvin Jones,6000,DET,@CHI,,,9.66,13.5,5.9,2.05,1.6,3,21.6,7.61,-1,0.81,0.67,0.7,3,0,0.93,2,60,20.5,23.5,0.2,3,44,48,0,0,0,0,0,0,0,0,0,0,0,0,0,0,0,0,0,0,0,0,0.73,0.2,0.13,36,0.77,0.09,11.6,-100,1.45,0.19,100,0.25,0,40,8.9,0.9,-200,1.41,0.15,66,0.2,0.13,15,WR,1420,,,0,0,0,0,6,3,45,17,11.8,0.4,5.4,0.273,0,0.18,0.25,0.17,0,0,0,0,0,0,0,0,0,0,jones,marvin jones,m,jones6000wrm,,,WR,,,,,,,,,,,,,,,,,
jones8000wrj,65.75,Julio Jones,8000,ATL,NO,,,11.67,16.5,6.9,-0.5,1.5,6.5,12.4,12.17,2,0.88,1,1.1,2,0,0.54,0.9,54,21.8,24.3,-0.5,2.5,46,51,0,0,0,0,0,0,0,0,0,0,0,0,0,0,0,0,0,0,0,0,1.27,0.33,0.2,0,0,0,9.4,-200,2.09,0.22,33,0,0.33,30,14.4,1.5,-200,1.52,0.27,43,0.18,0.37,16,WR,1420,,,0,0,0,0,9,6,93,29,14,0.4,80,0.211,0,0.246,0.25,0.3,0,0,0,0,0,0,0,0,0,0,jones,julio jones,j,jones8000wrj,,,WR,,,,,,,,,,,,,,,,,
jones8400rba,77.1,Aaron Jones,8400,GB,PHI,,,14.77,19,10.5,0.11,1.8,6.5,22.3,14.66,5,0.94,0.83,1.8,14,0,0.4,-1.9,41,29,21,0.7,-8,50,61,0,0,0,0,0,0,0,0,0,0,0,0,0,0,0,25,81,5.1,0.8,0.531,2.8,1.4,0.93,32,0.67,0,12.2,-400,0.7,0.34,66,0,0.33,30,18.9,4.2,600,0.91,0.46,72,0.22,0.16,18,RB,1420,83%,1.8,0.846,0.62,0.617,15,4,3,28,14,8.6,0.2,4.4,0.267,0.467,0,0,0,0,0,0,0,0,0,0,0,0,0,jones,aaron jones,a,jones8400rba,,,RB,,,,,,,,,,,,,,,,,
kamara7500rba,77.35,Alvin Kamara,7500,NO,@ATL,,,12.66,17.8,7.5,0.24,1.7,6.5,16.7,12.42,2,0.9,0.64,1.5,6,0,0.87,-4.1,43,24.3,21.8,-1,-2.5,46,49,0,0,0,0,0,0,0,0,0,0,0,0,0,0,0,19,53,4.6,0.8,0.523,3.93,2.07,1.27,0,0,0,15.2,-1500,1.05,0.45,25,0.25,0.75,40,19.3,4.3,-800,1.04,0.45,78,0.36,0.21,19,RB,1420,64%,1.5,0.5,0.411,0.665,11,6,5,49,21,8.6,0.3,4.5,0.282,0.564,0,0,0,0,0,0,0,0,0,0,0,0,0,kamara,alvin kamara,a,kamara7500rba,,,RB,,,,,,,,,,,,,,,,,
kelley5200rbj,58.4,Josh Kelley,5200,LAC,NE,,,4.69,6.3,3.1,-1.99,0.9,0.5,1.3,6.68,-13,0.43,0,0,2,0,0.4,1.3,26,24.8,22.3,-0.5,-2.5,47,49,0,0,0,0,0,0,0,0,0,0,0,0,0,0,0,13,31,3.2,0.2,0.413,2.18,1.27,0.64,0,0,0,5.3,-200,0.62,0.24,50,0.25,0.5,40,6.1,-1.2,700,0.52,0.24,63,0.27,0.36,11,RB,1420, ,,0.286,0.277,0.347,9,2,1,13,8,6.9,0,0,0.091,0.364,0,0,0,0,0,0,0,0,0,0,0,0,0,kelley,josh kelley,j,kelley5200rbj,,,RB,,,,,,,,,,,,,,,,,
kirk5800wrc,87.05,Christian Kirk,5800,ARI,LA,,,9.29,13.1,5.5,2.14,1.6,3,0.7,7.15,-6,0.68,0.5,0.4,3,0,0.86,-0.8,55,23.3,25.8,-0.5,2.5,49,46,0,0,0,0,0,0,0,0,0,0,0,0,0,0,0,0,0,0,0,0,0.93,0.67,0.27,0,0,0,9,-100,1.33,0.16,75,0.25,0.25,40,9.6,2.1,0,1.44,0.18,73,0.4,0.2,15,WR,1420,,,0,0,0,0,6,3,48,23,12.7,0.4,5.5,0.286,0,0.193,0.261,0.195,0,0,0,0,0,0,0,0,0,0,kirk,christian kirk,c,kirk5800wrc,,,WR,,,,,,,,,,,,,,,,,
kmet4400tec,68.5,Cole Kmet,4400,CHI,DET,,,2.9,4.2,1.6,-0.64,0.7,0.5,12.2,3.54,-19,0.22,1,1.1,1,0,0.17,2.1,27,23.5,20.5,-1.3,-3,44,52,0,0,0,0,0,0,0,0,0,0,0,0,0,0,0,0,0,0,0,0,0.27,0.27,0,36,0.77,0.09,1.3,100,0.63,0.03,33,0,0,30,3.2,-0.3,-100,2.55,0.12,36,0.09,0.09,11,TE,1420,,,0,0,0,0,1,0,8,7,11.8,0.1,0,0.333,0,0.032,0.053,0.035,0,0,0,0,0,0,0,0,0,0,kmet,cole kmet,c,kmet4400tec,,,TE,,,,,,,,,,,,,,,,,
kupp6600wrc,95.65,Cooper Kupp,6600,LA,@ARI,,,12.48,17,8,3.5,1.9,18.5,11.3,8.98,-9,0.62,0.84,4,6,0,0.89,2.3,54,25.8,23.3,1,-2.5,49,54,0,0,0,0,0,0,0,0,0,0,0,0,0,0,0,0,0,0,0,0,1.2,0.53,0.13,0,0,0,10.9,-1100,1.3,0.23,66,0.33,0.33,30,12,1.3,-600,1.29,0.22,68,0.18,0.31,16,WR,1420,,,0,0,0,0,8,5,65,25,11.3,0.4,8.9,0.235,0,0.218,0.24,0.231,0,0,0,0,0,0,0,0,0,0,kupp,cooper kupp,c,kupp6600wrc,,,WR,,,,,,,,,,,,,,,,,
la chargers3900,35.74,LA Chargers,3900,LAC,NE,,,5.9,12.8,0,0.54,1.5,3,0,5.36,-7,0.29,0,0,2,0,0.42,0.7,0,24.8,22.3,-0.5,-2.5,47,49,0,0,0,0,0,0,0,0,0,0,0,0,1.62,5.06,0,0,0,0,0,0,0,0,0,0,0,0,5.3,-300,0,0,75,0.5,0.25,40,4.3,-2,-300,0,0,93,0.2,0.06,15,DEF,1420,,,0,0,0,0,0,0,0,0,0,0,0,0,0,0,0,0,2.1,0.4757,0.5179,0.0091,0.0509,6.89,80,4.38,2.5,0.25,chargers,la chargers,l,la chargers3900,,,D,,,,,,,,,,,,,,,,,
la rams4500,37.53,LA Rams,4500,LA,@ARI,,,6.8,13.8,-0.2,-0.49,1.5,3,11,7.29,0,0.72,0,0,1,0,0.42,-1.9,0,25.8,23.3,1,-2.5,49,54,0,0,0,0,0,0,0,0,0,0,0,0,3.05,8.76,0,0,0,0,0,0,0,0,0,0,0,0,11,500,0,0,100,0.66,0,30,8.5,1.6,800,0,0,87,0.62,0.12,16,DEF,1420,,,0,0,0,0,0,0,0,0,0,0,0,0,0,0,0,0,2.6,0.4857,0.5256,0.018,0.0357,6.61,80,4.54,3.67,0.225,rams,la rams,l,la rams4500,,,D,,,,,,,,,,,,,,,,,
laird4800rbp,67.2,Patrick Laird,4800,MIA,CIN,,,5.05,6.8,3.3,-0.63,1.1,0.5,3.2,5.68,-12,0.45,0,0,3,0,0.59,-1.4,21,26.8,16.3,0,-10.5,43,57,0,0,0,0,0,0,0,0,0,0,0,0,0,0,0,5,12,3.2,0,0.34,0.67,0.2,0,81,0.67,0.02,1.1,300,0.6,0.09,75,0,0.25,40,3.4,-1.3,100,0.61,0.16,47,0.05,0.17,17,RB,1420, ,,0,0.123,0.316,3,1,1,10,6,8.2,0,50,0,0.25,0,0,0,0,0,0,0,0,0,0,0,0,0,laird,patrick laird,p,laird4800rbp,,,RB,,,,,,,,,,,,,,,,,
landry6000wrj,95.05,Jarvis Landry,6000,CLE,@TEN,,,11.2,15.5,6.9,3.59,1.9,10.5,16.44,7.61,-8,0.63,0.89,5.3,4,0,0.98,2,47,25,29,1,4,54,45,0,0,0,0,0,0,0,0,0,0,0,0,0,0,0,0,0,0,0,0,1,0.2,0.07,51,0.7,0.01,10.8,0,1.7,0.28,66,0.33,0.33,30,9.2,1.1,-300,1.19,0.2,86,0.26,0.13,15,WR,1420,,,0,0,0,0,6,4,57,24,13.6,0.1,8.9,0.071,0,0.242,0.08,0.277,0,0,0,0,0,0,0,0,0,0,landry,jarvis landry,j,landry6000wrj,,,WR,,,,,,,,,,,,,,,,,
las vegas4400,55.05,Las Vegas,4400,LV,@NYJ,,,7.6,15.7,-0.5,0.64,1.7,3,8,6.96,3,0.87,0,0,3,0,0.71,1.6,0,27.8,20.3,0,-7.5,48,61,0,0,0,0,0,0,0,0,0,0,0,0,1.84,3.13,0,0,0,0,0,0,0,0,0,38,0.55,0.02,4,800,0,0,50,0.25,0.5,40,2.4,-2.1,1200,0,0,58,0.11,0.41,17,DEF,1420,,,0,0,0,0,0,0,0,0,0,0,0,0,0,0,0,0,2.2,0.5129,0.5234,0.0108,0.0485,7.41,10.87,5.57,3.08,0.2393,vegas,las vegas,l,las vegas4400,,,D,,,,,,,,,,,,,,,,,
lazard5600wra,79.35,Allen Lazard,5600,GB,PHI,,,8.08,11.4,4.7,1.38,1.4,3,6.5,6.7,-12,0.56,0.92,2.7,1,0,0.86,0.4,51,29,21,0.7,-8,50,61,0,0,0,0,0,0,0,0,0,0,0,0,0,0,0,0,0,0,0,0,0.27,0.2,0.2,32,0.67,0,6.6,-100,1.31,0.19,33,0.33,0.33,30,8.2,10,100,1.42,0.16,40,0.2,0.2,20,WR,1420,,,0,0,0,0,5,3,49,24,13.8,0.4,6.2,0.75,0,0.16,0.2,0.188,0,0,0,0,0,0,0,0,0,0,lazard,allen lazard,a,lazard5600wra,,,WR,,,,,,,,,,,,,,,,,
lewis4900rbd,46.4,Dion Lewis,4900,NYG,@SEA,,,2.47,3.4,1.6,-3.46,0.5,0.5,0.6,5.93,-24,0.22,0,0,2,0,0.54,1,21,18.8,29.8,0.8,11,48.5,43,0,0,0,0,0,0,0,0,0,0,0,0,0,0,0,5,12,3.7,0.1,0.469,0.73,0.2,0.13,51,0.79,0.09,2.7,300,0.67,0.16,100,0,0,30,3.4,-2.5,100,0.65,0.16,50,0.22,0.5,18,RB,1420, ,,0.059,0.093,0.33,3,2,1,9,7,7.4,0.1,6.4,0.2,0.8,0,0,0,0,0,0,0,0,0,0,0,0,0,lewis,dion lewis,d,lewis4900rbd,,,RB,,,,,,,,,,,,,,,,,
lockett7900wrt,77.1,Tyler Lockett,7900,SEA,NYG,,,12.75,17.4,8.1,0.81,1.6,10.5,9.3,11.94,-2,0.78,0.64,2,5,0,0.89,0.3,59,29.8,18.8,1.8,-11,48.5,57,0,0,0,0,0,0,0,0,0,0,0,0,0,0,0,0,0,0,0,0,1.19,0.56,0.44,51,0.79,0.09,9,500,1.24,0.16,25,0,0.75,40,13.5,2.8,1100,1.67,0.23,44,0.33,0.55,18,WR,1420,,,0,0,0,0,8,5,66,23,11.2,0.7,7.4,0.421,0,0.241,0.278,0.24,0,0,0,0,0,0,0,0,0,0,lockett,tyler lockett,t,lockett7900wrt,52276-27050:Tyler Lockett,52276-27050,WR,,t,Tyler Lockett,lockett,14.11666616,12,7900,NYJ@SEA,SEA,NYJ,,,,ryland,ryland,tyler,lockett7900wrt
mayfield7100qbb,76.35,Baker Mayfield,7100,CLE,@TEN,,,16.02,27.7,4.4,0.63,2.3,0.5,28.96,15.39,-2,0.6,0.89,2.4,1,0,0.4,3.1,61,25,29,1,4,54,45,16,28,201,60,7.2,6.18,1.6,31,17.3,53.9,22.3,5.7,3.2,5.7,2,6,8,3.2,0.1,0.429,4.87,2.67,1.6,51,0.7,0.01,10.3,100,0.34,0.16,33,0.33,0.66,30,14.7,-1,100,0.45,0.24,73,0.4,0.26,15,QB,1420,,,0,0,0,0,0,0,0,0,0,0,0,0,0,0,0,0,0,0,0,0,0,0,0,0,0,0,mayfield,baker mayfield,b,mayfield7100qbb,,,QB,,,,,,,,,,,,,,,,,
mccoy6500qbc,70.25,Colt McCoy,6500,NYG,@SEA,,,14.4,24,4.8,0.18,2.2,0.5,9.4,14.22,-6,0.33,1,1.6,1,0,0.49,2.8,30,18.8,29.8,0.8,11,48.5,43,6,10,31,60,3.1,3.1,0,15,20,70,10,0,0,0,5,4,7,1.4,0,0,0.13,0,0,51,0.79,0.09,1.9,500,0.13,0.06,0,0,0.33,30,0.4,0,500,0.03,0.01,0,0,0.33,15,QB,1420,,,0,0,0,0,0,0,0,0,0,0,0,0,0,0,0,0,0,0,0,0,0,0,0,0,0,0,mccoy,colt mccoy,c,mccoy6500qbc,52276-11500:Colt McCoy,52276-11500,QB,,c,Colt McCoy,mccoy,3.780000051,3,6500,ARI@NYG,NYG,ARI,,,,ryland,ryland,colt,mccoy6500qbc
metcalf8500wrd,83.1,DK Metcalf,8500,SEA,NYG,,,14.66,20.5,8.8,1.35,1.7,23,10.5,13.31,0,0.84,0.95,4,7,0,0.93,0.3,62,29.8,18.8,1.8,-11,48.5,57,0,0,0,0,0,0,0,0,0,0,0,0,0,0,0,0,0,0,0,0,1.07,0.6,0.13,51,0.79,0.09,14.7,400,1.9,0.24,75,0.5,0.25,40,15.4,5.4,2100,2.05,0.25,78,0.57,0.21,19,WR,1420,,,0,0,0,0,7,4,82,33,17.1,0.7,7.2,0.375,0,0.225,0.306,0.297,0,0,0,0,0,0,0,0,0,0,metcalf,dk metcalf,d,metcalf8500wrd,,,WR,,,,,,,,,,,,,,,,,
meyers5900wrj,88.05,Jakobi Meyers,5900,NE,@LAC,,,9.67,13.4,6,2.29,1.6,6.5,2.5,7.38,-6,0.68,1,1.1,4,0,0.91,0,34,22.3,24.8,-1.5,2.5,47,51,0,0,0,0,0,0,0,0,0,0,0,0,0,0,0,0,0,0,0,0,0.33,0.2,0.2,0,0,0,14.4,500,1.7,0.23,100,0.6,0,50,7.7,1.6,1200,1.5,0.23,52,0.29,0.17,17,WR,1420,,,0,0,0,0,4,3,38,14,12.6,0,50,0,0,0.144,0,0.184,0,0,0,0,0,0,0,0,0,0,meyers,jakobi meyers,j,meyers5900wrj,,,WR,,,,,,,,,,,,,,,,,
miami4900,68.27,Miami,4900,MIA,CIN,,,8.3,16.9,-0.3,-0.27,1.7,10.5,14,8.57,2,0.83,0,0,4,0,0.96,1.6,0,26.8,16.3,0,-10.5,43,57,0,0,0,0,0,0,0,0,0,0,0,0,2.99,5.98,0,0,0,0,0,0,0,0,0,81,0.67,0.02,8.3,500,0,0,100,0.5,0,40,8.5,2.7,1400,0,0,100,0.56,0,16,DEF,1420,,,0,0,0,0,0,0,0,0,0,0,0,0,0,0,0,0,2.9,0.4953,0.5072,0.0169,0.0431,7.53,9.07,50,2.64,0.2279,miami,miami,m,miami4900,,,D,,,,,,,,,,,,,,,,,
michel5300rbs,38.6,Sony Michel,5300,NE,@LAC,,,2.4,3.2,1.6,-4.53,0.5,0.5,6.3,6.93,-26,0.19,0,0,3,0,0.36,1.6,19,22.3,24.8,-1.5,2.5,47,51,0,0,0,0,0,0,0,0,0,0,0,0,0,0,0,13,55,4.9,0.3,0.584,0.93,0.53,0.2,0,0,0,0,100,0,0,0,0,0,50,8.8,-0.4,-700,0.72,0.46,33,0.11,0.16,18,RB,1420, ,,0.154,0.369,0.294,11,1,0,5,4,8.6,0,2.6,0.154,0.462,0,0,0,0,0,0,0,0,0,0,0,0,0,michel,sony michel,s,michel5300rbs,,,RB,,,,,,,,,,,,,,,,,
miller4900wra,88.4,Anthony Miller,4900,CHI,DET,,,7.65,10.7,4.6,2.55,1.6,3,8.4,5.1,-19,0.45,1,0.7,2,0,0.05,1.5,42,23.5,20.5,-1.3,-3,44,52,0,0,0,0,0,0,0,0,0,0,0,0,0,0,0,0,0,0,0,0,0.93,0.5,0.43,36,0.77,0.09,4.6,-200,0.65,0.11,100,0,0,40,7.1,0.4,-500,1.21,0.17,64,0.29,0.29,17,WR,1420,,,0,0,0,0,5,3,35,15,10.5,0.2,4.6,0.077,0,0.147,0.15,0.149,0,0,0,0,0,0,0,0,0,0,miller,anthony miller,a,miller4900wra,,,WR,,,,,,,,,,,,,,,,,
mims5500wrd,95.3,Denzel Mims,5500,NYJ,LV,,,10.27,14.3,6.2,3.8,1.9,3,7,6.47,2,0.88,0.93,6.4,2,0,0.54,0.8,50,20.3,27.8,0,7.5,48,39,0,0,0,0,0,0,0,0,0,0,0,0,0,0,0,0,0,0,0,0,0.27,0.09,0.09,38,0.55,0.02,8.5,100,1.06,0.17,100,0,0,30,7.4,0.7,600,1.09,0.15,45,0.09,0,11,WR,1420,,,0,0,0,0,6,3,56,25,16.7,0,0,0,0,0.264,0,0.31,0,0,0,0,0,0,0,0,0,0,mims,denzel mims,d,mims5500wrd,,,WR,,,,,,,,,,,,,,,,,
minnesota4300,53.16,Minnesota,4300,MIN,JAX,,,6.9,13.9,-0.1,0.26,1.6,6.5,13,6.64,1,0.78,0,0,3,0,0.85,1.3,0,30.8,20.3,1,-10.5,51,56,0,0,0,0,0,0,0,0,0,0,0,0,2.72,5.98,0,0,0,0,0,0,0,0,0,0,0,0,6.8,900,0,0,100,0.6,0,50,6.7,0.4,0,0,0,90,0.57,0.09,21,DEF,1420,,,0,0,0,0,0,0,0,0,0,0,0,0,0,0,0,0,2.7,0.5217,0.5595,0.0155,0.0349,7.09,10.53,5.13,30,0.1519,minnesota,minnesota,m,minnesota4300,,,D,,,,,,,,,,,,,,,,,
mitchell4500wrs,57.9,Steven Mitchell,4500,HOU,IND,,,3.25,4.7,1.8,-0.94,0.7,0,0,4.19,0,0,0,0,1,0,0.5,0.2,36,23.3,26.8,-2,3.5,50,42,0,0,0,0,0,0,0,0,0,0,0,0,0,0,0,0,0,0,0,0,0.07,0.07,0.07,0,0,0,0,0,0,0,0,0,0,40,0.8,0,0,0.31,0.02,5,0,0.29,17,WR,1420,,,0,0,0,0,2,1,18,10,18.5,0,7.4,0,0,0.091,0,0.068,0,0,0,0,0,0,0,0,0,0,mitchell,steven mitchell,s,mitchell4500wrs,,,WR,,,,,,,,,,,,,,,,,
montgomery6200rbd,94.35,David Montgomery,6200,CHI,DET,,,13.14,17.8,8.5,3.97,2.1,23,25.1,9.17,-5,0.65,0.95,10,7,0,0.64,4.6,46,23.5,20.5,-1.3,-3,44,52,0,0,0,0,0,0,0,0,0,0,0,0,0,0,0,16,60,4.1,0.2,0.432,2.79,1.43,0.93,36,0.77,0.09,13.3,300,0.78,0.25,66,0.33,0,30,10.9,1.9,300,0.59,0.24,93,0.37,0,16,RB,1420,95%,10,0.667,0.65,0.689,14,3,2,20,11,7.1,0.2,40,0.067,0.367,0,0,0,0,0,0,0,0,0,0,0,0,0,montgomery,david montgomery,d,montgomery6200rbd,,,RB,,,,,,,,,,,,,,,,,
mooney5100wrd,85,Darnell Mooney,5100,CHI,DET,,,7.65,10.7,4.6,2.09,1.5,3,6.3,5.56,-24,0.38,1,2.9,3,0,0.1,1.5,48,23.5,20.5,-1.3,-3,44,52,0,0,0,0,0,0,0,0,0,0,0,0,0,0,0,0,0,0,0,0,0.55,0.36,0.27,36,0.77,0.09,4.1,-400,0.56,0.07,50,0,0.5,40,60,0.4,600,0.99,0.12,83,0.25,0.16,12,WR,1420,,,0,0,0,0,5,3,35,19,10.7,0.2,0,0.333,0,0.15,0.105,0.144,0,0,0,0,0,0,0,0,0,0,mooney,darnell mooney,d,mooney5100wrd,52276-69777:Darnell Mooney,52276-69777,WR,,d,Darnell Mooney,mooney,6.375,12,5100,HOU@CHI,CHI,HOU,,,,ryland,ryland,darnell,mooney5100wrd
moore5000wrd,71.35,David Moore,5000,SEA,NYG,,,5.99,8.7,3.3,0.66,1.2,0.5,1.1,5.33,-15,0.51,1,0.2,0,0,0.16,0.3,27,29.8,18.8,1.8,-11,48.5,57,0,0,0,0,0,0,0,0,0,0,0,0,0,0,0,0,0,0,0,0,0.75,0.38,0.13,51,0.79,0.09,6.6,-200,1.65,0.19,50,0.25,0.5,40,6.1,0.7,100,1.94,0.22,68,0.31,0.26,19,WR,1420,,,0,0,0,0,2,2,26,17,12.8,0.3,8.3,0.3,0,0.08,0.139,0.096,0,0,0,0,0,0,0,0,0,0,moore,david moore,d,moore5000wrd,,,WR,,,,,,,,,,,,,,,,,
morris4700rba,49.95,Alfred Morris,4700,NYG,@SEA,,,2.53,3.8,1.3,-2.9,0.5,0.5,17,5.43,-19,0.31,0,0,3,0,0.64,1,13,18.8,29.8,0.8,11,48.5,43,0,0,0,0,0,0,0,0,0,0,0,0,0,0,0,11,36,5.2,0,0.619,0.14,0,0,51,0.79,0.09,3.9,200,0.54,0.3,66,0.33,0.33,30,3.9,-0.8,200,0.54,0.3,25,0.12,0.12,80,RB,1420, ,,0,0.237,0.173,7,0,0,1,1,40,0,0,0,0,0,0,0,0,0,0,0,0,0,0,0,0,0,morris,alfred morris,a,morris4700rba,,,RB,,,,,,,,,,,,,,,,,
murray5800rbl,75.55,Latavius Murray,5800,NO,@ATL,,,8.57,12.2,5,0.39,1.5,3,2.7,8.18,-8,0.56,0.56,1.1,1,0,0.97,-4.1,25,24.3,21.8,-1,-2.5,46,49,0,0,0,0,0,0,0,0,0,0,0,0,0,0,0,13,48,4.5,0.3,0.621,2.13,0.93,0.27,0,0,0,11.4,800,0.83,0.39,100,0.25,0,40,7.6,0.6,700,0.6,0.3,89,0.15,0.1,19,RB,1420,56%,1.1,0.167,0.374,0.384,10,1,1,13,10,9.2,0,8.2,0.107,0.643,0,0,0,0,0,0,0,0,0,0,0,0,0,murray,latavius murray,l,murray5800rbl,,,RB,,,,,,,,,,,,,,,,,
murray8700qbk,91.75,Kyler Murray,8700,ARI,LA,,,21.28,31.9,10.7,2.75,2.4,10.5,17.42,18.53,-4,0.45,0.63,4.2,2,0,0.92,-4.1,67,23.3,25.8,-0.5,2.5,49,46,22,33,244,67,7.3,6.48,1.7,39,16.3,66.1,11.6,5.2,3,4.9,7,19,49,6.3,0.7,0.546,6.07,3.13,1.8,0,0,0,23.6,100,0.54,0.34,80,0.6,0.2,50,23.7,5.8,1000,0.55,0.35,93,0.62,0.06,16,QB,1420,,,0,0,0,0,0,0,0,0,0,0,0,0,0,0,0,0,0,0,0,0,0,0,0,0,0,0,murray,kyler murray,k,murray8700qbk,,,QB,,,,,,,,,,,,,,,,,
new england3700,37.47,New England,3700,NE,@LAC,,,6.2,13,-0.6,1.49,1.7,3,31,4.71,-3,0.51,0,0,1,0,0.42,0,0,22.3,24.8,-1.5,2.5,47,51,0,0,0,0,0,0,0,0,0,0,0,0,3.72,4.81,0,0,0,0,0,0,0,0,0,0,0,0,3.3,-1200,0,0,75,0.25,0.25,40,6.2,-1.7,-900,0,0,88,0.35,0.11,17,DEF,1420,,,0,0,0,0,0,0,0,0,0,0,0,0,0,0,0,0,2.4,0.5492,0.5083,0.0194,0.041,7.88,9.07,4.93,2.67,0.2059,england,new england,n,new england3700,,,D,,,,,,,,,,,,,,,,,
new orleans4800,37.51,New Orleans,4800,NO,@ATL,,,6.8,14,-0.4,-1.45,1.4,6.5,6,8.25,-1,0.64,0,0,1,0,0.53,-0.1,0,24.3,21.8,-1,-2.5,46,49,0,0,0,0,0,0,0,0,0,0,0,0,3.14,8.64,0,0,0,0,0,0,0,0,0,0,0,0,15,1000,0,0,100,1,0,40,7.3,-0.1,700,0,0,90,0.45,0.1,20,DEF,1420,,,0,0,0,0,0,0,0,0,0,0,0,0,0,0,0,0,2.8,0.4813,0.4,0.0189,0.0459,7.11,8.5,4.29,3.5,0.2437,orleans,new orleans,n,new orleans4800,,,D,,,,,,,,,,,,,,,,,
newton7500qbc,87.05,Cam Newton,7500,NE,@LAC,,,18.2,29.8,6.6,2.02,2.4,3,23.56,16.18,-1,0.68,0.82,2.9,2,0,0.49,1.3,62,22.3,24.8,-1.5,2.5,47,51,17,26,198,66,7.5,5.59,0.4,29,28.6,61.7,6.4,1.5,3.5,6.5,9,14,38,4.2,0.9,0.554,3.93,2.2,1.33,0,0,0,18.2,-500,0.49,0.28,80,0.6,0.2,50,19.3,20,100,0.51,0.31,58,0.41,0.11,17,QB,1420,,,0,0,0,0,0,0,0,0,0,0,0,0,0,0,0,0,0,0,0,0,0,0,0,0,0,0,newton,cam newton,c,newton7500qbc,,,QB,,,,,,,,,,,,,,,,,
njoku4700ted,59.7,David Njoku,4700,CLE,@TEN,,,2.58,3.9,1.2,-1.66,0.5,0.5,1,4.24,-21,0.18,0,0,2,0,0.05,2.5,24,25,29,1,4,54,45,0,0,0,0,0,0,0,0,0,0,0,0,0,0,0,0,0,0,0,0,0.2,0.13,0.13,51,0.7,0.01,0,-100,0,0,0,0,0,30,30,-0.2,300,1.77,0.13,13,0.13,0.46,15,TE,1420,,,0,0,0,0,1,0,10,8,11.8,0.2,0.7,0.667,0,0.065,0.143,0.05,0,0,0,0,0,0,0,0,0,0,njoku,david njoku,d,njoku4700ted,,,TE,,,,,,,,,,,,,,,,,
ny giants3400,23.33,NY Giants,3400,NYG,@SEA,,,4.7,9.9,-0.5,0.95,1.4,0.5,13,3.75,-1,0.64,0,0,1,0,0.53,0.2,0,18.8,29.8,0.8,11,48.5,43,0,0,0,0,0,0,0,0,0,0,0,0,1.61,6.61,0,0,0,0,0,0,0,0,0,51,0.79,0.09,9.7,-700,0,0,100,0.66,0,30,5.9,0.9,0,0,0,81,0.56,0.18,16,DEF,1420,,,0,0,0,0,0,0,0,0,0,0,0,0,0,0,0,0,2.5,0.5286,0.4323,0.0096,0.0434,7.31,8.87,3.93,2.42,0.2481,giants,ny giants,n,ny giants3400,,,D,,,,,,,,,,,,,,,,,
ny jets3300,22.54,NY Jets,3300,NYJ,LV,,,4.5,9.7,-0.7,1.07,1.4,3,5,3.43,-13,0.07,0,0,1,0,0.53,-2.2,0,20.3,27.8,0,7.5,48,39,0,0,0,0,0,0,0,0,0,0,0,0,2.2,4.76,0,0,0,0,0,0,0,0,0,38,0.55,0.02,8.5,0,0,0,66,0.66,0,30,6.5,1.9,-600,0,0,87,0.68,0.06,16,DEF,1420,,,0,0,0,0,0,0,0,0,0,0,0,0,0,0,0,0,1.9,0.5403,0.4492,0.0125,0.0423,7.56,11.07,5.54,3.27,0.1627,jets,ny jets,n,ny jets3300,,,D,,,,,,,,,,,,,,,,,
o'shaughnessy4100tej,70.75,J. O'Shaughnessy,4100,JAX,@MIN,,,2.49,3.9,1.1,-0.34,0.6,0.5,6.1,2.83,-20,0.2,0,0,1,0,0.35,1.8,32,20.3,30.8,0.5,10.5,51,44,0,0,0,0,0,0,0,0,0,0,0,0,0,0,0,0,0,0,0,0,0.18,0,0,0,0,0,2.1,0,0.88,0.08,50,0,0,40,3.3,0.4,100,1.32,0.1,63,0,0.09,11,TE,1420,,,0,0,0,0,2,1,17,10,9.6,0,0,0,0,0.07,0,0.067,0,0,0,0,0,0,0,0,0,0,o'shaughnessy,j. o'shaughnessy,j,o'shaughnessy4100tej,52276-62508:James O'Shaughnessy,52276-62508,TE,,j,James O'Shaughnessy,o'shaughnessy,2.945454684,11,4100,TEN@JAC,JAC,TEN,,,,ryland,ryland,james,o'shaughnessy4100tej
parker6800wrd,81,DeVante Parker,6800,MIA,CIN,,,10.75,14.8,6.7,1.32,1.6,10.5,5.5,9.43,-7,0.66,0.92,4.9,5,0,0.91,4,53,26.8,16.3,0,-10.5,43,57,0,0,0,0,0,0,0,0,0,0,0,0,0,0,0,0,0,0,0,0,0.8,0.4,0.27,81,0.67,0.02,11.1,500,1.2,0.19,75,0.5,0.25,40,11.6,2.6,100,1.53,0.22,87,0.43,0.12,16,WR,1420,,,0,0,0,0,7,4,66,22,13.9,0.5,11.1,0.417,0,0.221,0.28,0.261,0,0,0,0,0,0,0,0,0,0,parker,devante parker,d,parker6800wrd,,,WR,,,,,,,,,,,,,,,,,
pascal4800wrz,81,Zach Pascal,4800,IND,@HOU,,,6.49,9.3,3.7,1.62,1.4,0.5,1.6,4.87,-11,0.58,0,0,1,0,0.58,2.4,51,26.8,23.3,-1,-3.5,50,58,0,0,0,0,0,0,0,0,0,0,0,0,0,0,0,0,0,0,0,0,0.93,0.33,0.27,0,0,0,5.7,-400,1.26,0.12,80,0,0.2,50,6.1,-0.4,-600,1.04,0.12,66,0.11,0.33,18,WR,1420,,,0,0,0,0,4,2,36,19,12.6,0.2,5.2,0.214,0,0.146,0.167,0.147,0,0,0,0,0,0,0,0,0,0,pascal,zach pascal,z,pascal4800wrz,,,WR,,,,,,,,,,,,,,,,,
patterson5500wrc,56.15,C. Patterson,5500,CHI,DET,,,5.04,6.9,3.2,-1.43,0.9,0.5,12.8,6.47,-28,0.32,0,0,0,0,0.03,1.5,13,23.5,20.5,-1.3,-3,44,52,0,0,0,0,0,0,0,0,0,0,0,0,0,0,0,0,0,0,0,0,0.5,0.21,0,36,0.77,0.09,7.7,800,1,0.45,75,0.5,0.25,40,3.6,-0.7,500,0.69,0.28,76,0.11,0.23,17,WR,1420,,,0,0,0,0,1,1,9,6,6.4,0,2.2,0,0,0.047,0,0.04,0,0,0,0,0,0,0,0,0,0,patterson,c. patterson,c,patterson5500wrc,52276-30733:Cordarrelle Patterson,52276-30733,WR,,c,Cordarrelle Patterson,patterson,4.441666603,12,5500,HOU@CHI,CHI,HOU,,,,ryland,ryland,cordarrelle,patterson5500wrc
peoples-jones4600wrd,67.05,D. Peoples-Jones,4600,CLE,@TEN,,,4.66,6.8,2.5,0.24,1,0.5,16.2,4.42,-26,0.35,0,0,2,0,0.16,2,15,25,29,1,4,54,45,0,0,0,0,0,0,0,0,0,0,0,0,0,0,0,0,0,0,0,0,0,0,0,51,0.7,0.01,2.6,-600,3.88,0.24,0,0,0.33,30,7.9,0,100,10.47,0.52,9,0.09,0.09,11,WR,1420,,,0,0,0,0,0,0,9,4,14.4,0.1,0,0,0,0.029,0.077,0.043,0,0,0,0,0,0,0,0,0,0,peoples-jones,d. peoples-jones,d,peoples-jones4600wrd,,,WR,,,,,,,,,,,,,,,,,
perine4600rbs,54.2,Samaje Perine,4600,CIN,@MIA,,,2.8,3.8,1.8,-2.38,0.6,0.5,0.7,5.18,-19,0.31,0,0,0,0,0.7,-1,12,16.3,26.8,0.5,10.5,43,43,0,0,0,0,0,0,0,0,0,0,0,0,0,0,0,5,13,4.1,0.1,0.414,0.58,0.25,0.25,81,0.67,0.02,3.1,-100,0.58,0.17,66,0,0.33,30,4.1,-0.6,100,1.04,0.34,27,0.09,0.18,11,RB,1420, ,,0.111,0.145,0.177,3,0,0,1,1,3.2,0,0,0.25,0.25,0,0,0,0,0,0,0,0,0,0,0,0,0,perine,samaje perine,s,perine4600rbs,,,RB,,,,,,,,,,,,,,,,,
perriman5900wrb,88.2,Breshad Perriman,5900,NYJ,LV,,,9.68,13.7,5.7,2.3,1.6,3,2.7,7.38,-3,0.75,1,3.3,5,0,0.02,0.8,54,20.3,27.8,0,7.5,48,39,0,0,0,0,0,0,0,0,0,0,0,0,0,0,0,0,0,0,0,0,0.27,0.07,0,38,0.55,0.02,15.6,900,2.47,0.3,100,1,0,30,12.6,3.9,100,2,0.23,58,0.41,0.17,17,WR,1420,,,0,0,0,0,6,3,70,29,18.4,0.7,14,0.5,0,0.188,0.444,0.272,0,0,0,0,0,0,0,0,0,0,perriman,breshad perriman,b,perriman5900wrb,,,WR,,,,,,,,,,,,,,,,,
peterson5600rba,76.1,Adrian Peterson,5600,DET,@CHI,,,8.14,11.6,4.7,0.46,1.5,0.5,17.7,7.68,2,0.9,0,0,1,0,0.64,-2,23,20.5,23.5,0.2,3,44,48,0,0,0,0,0,0,0,0,0,0,0,0,0,0,0,15,46,3.8,0.5,0.448,2.13,1.13,0.63,36,0.77,0.09,7.2,300,0.7,0.45,75,0.25,0.25,40,8.7,1.1,500,0.63,0.38,86,0.46,0.13,15,RB,1420, ,,0.538,0.481,0.357,12,1,1,8,5,7.2,0,4.5,0.212,0.424,0,0,0,0,0,0,0,0,0,0,0,0,0,peterson,adrian peterson,a,peterson5600rba,,,RB,,,,,,,,,,,,,,,,,
philadelphia3400,24.27,Philadelphia,3400,PHI,@GB,,,4.7,10,-0.6,0.95,1.4,0.5,7,3.75,1,0.78,0,0,1,0,0.62,0.5,0,21,29,1.7,8,50,39,0,0,0,0,0,0,0,0,0,0,0,0,0.79,8.66,0,0,0,0,0,0,0,0,0,32,0.67,0,3.8,-1200,0,0,100,0.25,0,40,5.8,-1.8,-1100,0,0,84,0.42,0.15,19,DEF,1420,,,0,0,0,0,0,0,0,0,0,0,0,0,0,0,0,0,2.3,0.4764,0.4376,0.0044,0.0418,7.08,9.07,5.85,4.64,0.1912,philadelphia,philadelphia,p,philadelphia3400,,,D,,,,,,,,,,,,,,,,,
pittman5600wrm,93.3,Michael Pittman,5600,IND,@HOU,,,9.82,13.6,6,3.12,1.8,6.5,7.1,6.7,-5,0.7,0.91,7.3,3,0,0.82,2.4,54,26.8,23.3,-1,-3.5,50,58,0,0,0,0,0,0,0,0,0,0,0,0,0,0,0,0,0,0,0,0,0.55,0.09,0,0,0,0,11.4,600,1.63,0.19,100,0.6,0,50,7.2,1.2,400,1.4,0.13,61,0.23,0.15,13,WR,1420,,,0,0,0,0,5,3,41,19,12.7,0.1,0,0,0,0.142,0.083,0.151,0,0,0,0,0,0,0,0,0,0,pittman,michael pittman,m,pittman5600wrm,,,WR,,,,,,,,,,,,,,,,,
pruitt4000tem,67.7,MyCole Pruitt,4000,TEN,CLE,,,2.08,3.1,1.1,-0.52,0.5,0.5,14.7,2.6,-27,0.08,0,0,1,0,0.73,0.7,23,29,25,1,-4,54,55,0,0,0,0,0,0,0,0,0,0,0,0,0,0,0,0,0,0,0,0,0.19,0.19,0.19,51,0.7,0.01,0,0,0,0,0,0,0,40,30,0,-100,3.32,0.13,47,0.1,0.1,19,TE,1420,,,0,0,0,0,0,0,8,7,10.9,0.2,14,0.667,0,0.031,0.091,0.033,0,0,0,0,0,0,0,0,0,0,pruitt,mycole pruitt,m,pruitt4000tem,,,TE,,,,,,,,,,,,,,,,,
reagor5500wrj,79.2,Jalen Reagor,5500,PHI,@GB,,,7.78,11.1,4.5,1.31,1.4,0.5,11,6.47,0,0.84,1,0.2,2,0,0.71,0.5,51,21,29,1.7,8,50,39,0,0,0,0,0,0,0,0,0,0,0,0,0,0,0,0,0,0,0,0,0.45,0.09,0.09,32,0.67,0,5.5,-100,0.87,0.1,66,0,0.33,30,6.6,0.3,500,1.17,0.13,50,0.08,0.08,12,WR,1420,,,0,0,0,0,5,3,37,20,11.7,0.2,0,0.2,0,0.149,0.125,0.17,0,0,0,0,0,0,0,0,0,0,reagor,jalen reagor,j,reagor5500wrj,52276-94625:Jalen Reagor,52276-94625,WR,,j,Jalen Reagor,reagor,6.412499905,8,5500,NO@PHI,PHI,NO,,,,ryland,ryland,jalen,reagor5500wrj
renfrow5400wrh,79.05,Hunter Renfrow,5400,LV,@NYJ,,,7.61,10.8,4.5,1.37,1.4,0.5,6.7,6.24,-1,0.81,1,0.2,1,0,0.67,3.2,34,27.8,20.3,0,-7.5,48,61,0,0,0,0,0,0,0,0,0,0,0,0,0,0,0,0,0,0,0,0,0.73,0.27,0.27,38,0.55,0.02,6.6,300,1.66,0.21,100,0.25,0,40,7.9,2.8,200,1.54,0.23,81,0.31,0.18,16,WR,1420,,,0,0,0,0,5,3,55,28,14.1,0.3,11.6,0.273,0,0.165,0.19,0.214,0,0,0,0,0,0,0,0,0,0,renfrow,hunter renfrow,h,renfrow5400wrh,,,WR,,,,,,,,,,,,,,,,,
reynolds5500wrj,88.3,Josh Reynolds,5500,LA,@ARI,,,8.79,12.4,5.2,2.32,1.6,3,2.6,6.47,-8,0.63,1,0.9,2,0,0.58,2.3,48,25.8,23.3,1,-2.5,49,54,0,0,0,0,0,0,0,0,0,0,0,0,0,0,0,0,0,0,0,0,0.33,0.2,0.2,0,0,0,8.2,500,1.12,0.14,100,0.33,0,30,60,0.5,700,1.26,0.12,86,0.2,0.13,15,WR,1420,,,0,0,0,0,4,2,37,18,13.2,0.1,4.9,0.2,0,0.123,0.08,0.131,0,0,0,0,0,0,0,0,0,0,reynolds,josh reynolds,j,reynolds5500wrj,,,WR,,,,,,,,,,,,,,,,,
richard4500rbj,76,Jalen Richard,4500,LV,@NYJ,,,5.58,7.5,3.7,0.65,1.2,0.5,2.2,4.93,-9,0.53,1,0.2,4,0,0.87,-0.9,15,27.8,20.3,0,-7.5,48,61,0,0,0,0,0,0,0,0,0,0,0,0,0,0,0,7,11,5.1,0.1,0.533,0.6,0.07,0,38,0.55,0.02,2.7,0,2.7,0.45,25,0,0,40,4.3,-1.2,-300,0.98,0.29,80,0.06,0,15,RB,1420,100%,0.2,0.067,0.092,0.233,2,2,1,14,11,8.6,0,9.6,0.5,0.5,0,0,0,0,0,0,0,0,0,0,0,0,0,richard,jalen richard,j,richard4500rbj,,,RB,,,,,,,,,,,,,,,,,
ridley8400wrc,67.9,Calvin Ridley,8400,ATL,NO,,,12.75,17.7,7.8,-0.33,1.5,10.5,13.3,13.08,-1,0.81,1,0.7,4,0,0.63,0.9,52,21.8,24.3,-0.5,2.5,46,51,0,0,0,0,0,0,0,0,0,0,0,0,0,0,0,0,0,0,0,0,1.33,0.67,0.47,0,0,0,12.8,400,1.42,0.24,66,0,0,30,16.8,3.1,1800,1.97,0.32,56,0.18,0.06,16,WR,1420,,,0,0,0,0,8,5,79,25,14.8,0.7,15.2,0.368,0,0.222,0.5,0.273,0,0,0,0,0,0,0,0,0,0,ridley,calvin ridley,c,ridley8400wrc,,,WR,,,,,,,,,,,,,,,,,
rivers7000qbp,91.3,Philip Rivers,7000,IND,@HOU,,,17.94,29.7,6.2,2.74,2.6,3,19.2,15.2,-4,0.45,1,1.6,1,0,0.92,3.8,65,26.8,23.3,-1,-3.5,50,58,24,35,277,67,7.7,7.14,1.5,39,28.1,48.4,19.7,4.3,2.6,3.3,1,0,0,0.1,0,0.133,5.73,2.13,0.8,0,0,0,16.4,100,0.4,0.24,100,0.8,0,50,15.7,0.3,-200,0.41,0.24,100,0.44,0,18,QB,1420,,,0,0,0,0,0,0,0,0,0,0,0,0,0,0,0,0,0,0,0,0,0,0,0,0,0,0,rivers,philip rivers,p,rivers7000qbp,52276-7968:Philip Rivers,52276-7968,QB,,p,Philip Rivers,rivers,16.08500036,12,7000,IND@LV,IND,LV,Q,Toe,,ryland,ryland,philip,rivers7000qbp
robinson6900wra,95.95,Allen Robinson,6900,CHI,DET,,,13.08,17.8,8.3,3.42,1.9,18.5,10.5,9.66,-4,0.73,1,6.7,7,0,0.95,1.5,60,23.5,20.5,-1.3,-3,44,52,0,0,0,0,0,0,0,0,0,0,0,0,0,0,0,0,0,0,0,0,1.29,0.5,0.29,36,0.77,0.09,14.1,0,1.36,0.24,100,0.33,0,30,13.6,2.7,-300,1.29,0.23,80,0.33,0.2,15,WR,1420,,,0,0,0,0,10,6,77,25,11.6,0.4,6.4,0.167,0,0.265,0.25,0.32,0,0,0,0,0,0,0,0,0,0,robinson,allen robinson,a,robinson6900wra,,,WR,,,,,,,,,,,,,,,,,
robinson7800rbj,93,James Robinson,7800,JAX,@MIN,,,16.3,21,11.6,3.14,2.1,23,19.8,13.16,-1,0.8,1,5.1,11,0,0.87,-1.4,45,20.3,30.8,0.5,10.5,51,44,0,0,0,0,0,0,0,0,0,0,0,0,0,0,0,17,80,4.6,0.5,0.521,2.91,1.09,0.36,0,0,0,15.7,500,0.62,0.31,100,0.25,0,40,17.6,7.8,3300,0.8,0.39,100,0.66,0,12,RB,1420,100%,5.1,0.75,0.8,0.704,17,4,3,25,12,7.8,0.2,0,0.214,0.643,0,0,0,0,0,0,0,0,0,0,0,0,0,robinson,james robinson,j,robinson7800rbj,,,RB,,,,,,,,,,,,,,,,,
rodgers5200ter,28.75,Richard Rodgers,5200,PHI,@GB,,,2.12,3.2,1,-3.28,0.4,0.5,0,5.4,-26,0.09,0,0,3,0,0.17,-0.4,23,21,29,1.7,8,50,39,0,0,0,0,0,0,0,0,0,0,0,0,0,0,0,0,0,0,0,0,0.31,0,0,32,0.67,0,10.9,300,2.51,0.52,100,1,0,30,7.3,2.3,1200,2.83,0.32,66,0.33,0,12,TE,1420,,,0,0,0,0,2,2,28,15,14.4,0.2,0,0.25,0,0.071,0.111,0.123,0,0,0,0,0,0,0,0,0,0,rodgers,richard rodgers,r,rodgers5200ter,,,TE,,,,,,,,,,,,,,,,,
rodgers8500qba,92.9,Aaron Rodgers,8500,GB,PHI,,,20.98,33.5,8.5,2.84,2.5,14.5,23.5,18.14,-1,0.68,1,10,1,0,0.49,0.5,67,29,21,0.7,-8,50,61,23,35,269,64,7.5,7.99,2.5,42,21.8,54.6,18.8,7.1,1.1,3.6,2,7,8,4,0.1,0.438,5.47,2.47,1.67,32,0.67,0,24.9,100,0.67,0.39,100,0.66,0,30,21.1,3.3,900,0.54,0.31,80,0.52,0.19,21,QB,1420,,,0,0,0,0,0,0,0,0,0,0,0,0,0,0,0,0,0,0,0,0,0,0,0,0,0,0,rodgers,aaron rodgers,a,rodgers8500qba,,,QB,,,,,,,,,,,,,,,,,
rudolph5000tek,90.65,Kyle Rudolph,5000,MIN,JAX,,,7,9.8,4.2,2.06,1.4,3,0,4.94,0,0.88,1,4.4,4,0,0.35,-0.1,41,30.8,20.3,1,-10.5,51,56,0,0,0,0,0,0,0,0,0,0,0,0,0,0,0,0,0,0,0,0,0.33,0.2,0.07,0,0,0,6.6,600,1.32,0.13,100,0.5,0,40,4.6,0.1,-200,1.63,0.11,71,0.33,0.19,21,TE,1420,,,0,0,0,0,2,2,26,13,11.8,0.1,6.3,0.2,0,0.103,0.038,0.115,0,0,0,0,0,0,0,0,0,0,rudolph,kyle rudolph,k,rudolph5000tek,,,TE,,,,,,,,,,,,,,,,,
ruggs5400wrh,76.5,Henry Ruggs,5400,LV,@NYJ,,,7.29,10.7,3.9,1.05,1.4,0.5,13.9,6.24,-2,0.78,0.8,0.9,1,0,0.75,3.2,44,27.8,20.3,0,-7.5,48,61,0,0,0,0,0,0,0,0,0,0,0,0,0,0,0,0,0,0,0,0,0.18,0.18,0.09,38,0.55,0.02,3.7,-300,0.92,0.09,50,0,0.5,40,5.5,-0.8,300,1.31,0.13,45,0.09,0.36,11,WR,1420,,,0,0,0,0,3,1,34,24,18.4,0.1,0,0,0,0.118,0.067,0.149,0,0,0,0,0,0,0,0,0,0,ruggs,henry ruggs,h,ruggs5400wrh,52276-90537:Henry Ruggs III,52276-90537,WR,,h,Henry Ruggs III,ruggs,6.379999924,10,5400,IND@LV,LV,IND,,,,ryland,ryland,henry,ruggs5400wrh
ryan7400qbm,82.5,Matt Ryan,7400,ATL,NO,,,17.46,29,5.9,1.48,2.4,6.5,12.92,15.98,-8,0.22,0.67,0.8,1,0,0.4,-3.1,72,21.8,24.3,-0.5,2.5,46,51,25,39,292,64,7.4,6.64,1.5,39,15.8,62.6,18,3.8,1.8,6,2,4,7,3.3,0.1,0.343,7.47,2.6,1.27,0,0,0,15.2,-200,0.36,0.23,66,0.33,0.33,30,17.8,1.1,-400,0.4,0.25,87,0.5,0.12,16,QB,1420,,,0,0,0,0,0,0,0,0,0,0,0,0,0,0,0,0,0,0,0,0,0,0,0,0,0,0,ryan,matt ryan,m,ryan7400qbm,,,QB,,,,,,,,,,,,,,,,,
sample4500ted,76.35,Drew Sample,4500,CIN,@MIA,,,4.05,5.9,2.2,0.28,0.9,0.5,8.4,3.77,-9,0.48,1,0.6,0,0,0.35,-1,55,16.3,26.8,0.5,10.5,43,43,0,0,0,0,0,0,0,0,0,0,0,0,0,0,0,0,0,0,0,0,0.56,0.19,0.06,81,0.67,0.02,3.1,100,0.84,0.06,100,0,0,30,40,-0.2,300,1.2,0.07,46,0.2,0.06,15,TE,1420,,,0,0,0,0,3,2,22,10,9.7,0,0,0,0,0.086,0,0.088,0,0,0,0,0,0,0,0,0,0,sample,drew sample,d,sample4500ted,,,TE,,,,,,,,,,,,,,,,,
sanders5300wre,67.95,Emmanuel Sanders,5300,NO,@ATL,,,6.22,8.7,3.7,0.21,1.2,0.5,6.4,6.01,-19,0.45,0,0,3,0,0.86,3.8,43,24.3,21.8,-1,-2.5,46,49,0,0,0,0,0,0,0,0,0,0,0,0,0,0,0,0,0,0,0,0,0.73,0.4,0.13,0,0,0,5.6,-800,1.86,0.2,50,0,0.5,40,7.9,0.3,-100,1.22,0.18,55,0.2,0.35,20,WR,1420,,,0,0,0,0,5,3,51,22,13.1,0.3,90,0.273,0,0.184,0.19,0.208,0,0,0,0,0,0,0,0,0,0,sanders,emmanuel sanders,e,sanders5300wre,52276-11505:Emmanuel Sanders,52276-11505,WR,,e,Emmanuel Sanders,sanders,8.409999847,10,5300,NO@PHI,NO,PHI,,,,ryland,ryland,emmanuel,sanders5300wre
sanders7200rbm,73.2,Miles Sanders,7200,PHI,@GB,,,11.43,15.2,7.6,-0.24,1.6,3,3.1,11.67,1,0.87,0.91,3.6,7,0,0.87,2.4,47,21,29,1.7,8,50,39,0,0,0,0,0,0,0,0,0,0,0,0,0,0,0,29,74,5.3,0.4,0.497,2,1,0.67,32,0.67,0,8.4,-500,0.51,0.19,33,0,0.66,30,13.3,1.1,400,0.69,0.28,50,0.22,0.33,18,RB,1420,91%,3.6,0.333,0.585,0.655,14,5,3,22,12,7.4,0.1,6.4,0.16,0.56,0,0,0,0,0,0,0,0,0,0,0,0,0,sanders,miles sanders,m,sanders7200rbm,,,RB,,,,,,,,,,,,,,,,,
sanu4900wrm,66.5,Mohamed Sanu,4900,DET,@CHI,,,5.27,7.5,3,0.17,1.1,0.5,4.6,5.1,-21,0.42,0,0,0,0,0.03,2,34,20.5,23.5,0.2,3,44,48,0,0,0,0,0,0,0,0,0,0,0,0,0,0,0,0,0,0,0,0,0.25,0.13,0,36,0.77,0.09,13.2,300,6.6,0.49,33,0.33,0,30,3.9,-1.2,400,1.44,0.11,23,0.05,0.23,17,WR,1420,,,0,0,0,0,2,1,14,8,90,0.1,6.6,0.25,0,0.08,0.091,0.058,0,0,0,0,0,0,0,0,0,0,sanu,mohamed sanu,m,sanu4900wrm,,,WR,,,,,,,,,,,,,,,,,
scott5700rbb,49.05,Boston Scott,5700,PHI,@GB,,,4.61,6.3,2.9,-3.32,0.8,0.5,0.9,7.93,-14,0.41,0,0,5,0,0.98,2.4,28,21,29,1.7,8,50,39,0,0,0,0,0,0,0,0,0,0,0,0,0,0,0,12,28,4.5,0.3,0.49,1.6,0.87,0.33,32,0.67,0,9.2,-200,1.38,0.4,100,0.33,0,30,8.8,0.9,800,0.89,0.31,77,0.38,0.22,18,RB,1420, ,,0.313,0.237,0.398,6,3,2,25,11,8.6,0.1,8.1,0.211,0.684,0,0,0,0,0,0,0,0,0,0,0,0,0,scott,boston scott,b,scott5700rbb,,,RB,,,,,,,,,,,,,,,,,
seattle4700,58.85,Seattle,4700,SEA,NYG,,,8,16.5,-0.5,0.07,1.7,14.5,9,7.93,-2,0.57,0,0,3,0,0.34,-0.7,0,29.8,18.8,1.8,-11,48.5,57,0,0,0,0,0,0,0,0,0,0,0,0,2.44,5.86,0,0,0,0,0,0,0,0,0,51,0.79,0.09,5.3,1200,0,0,100,0.5,0,60,5.9,-0.2,700,0,0,90,0.54,0.09,22,DEF,1420,,,0,0,0,0,0,0,0,0,0,0,0,0,0,0,0,0,2.6,0.5407,0.5013,0.015,0.0487,7.93,10.8,5.6,3.57,0.2407,seattle,seattle,s,seattle4700,,,D,,,,,,,,,,,,,,,,,
shaheen4500tea,58.5,Adam Shaheen,4500,MIA,CIN,,,2.17,3.2,1.1,-1.6,0.5,0.5,0,3.77,-24,0.12,0,0,1,0,0.12,3.2,20,26.8,16.3,0,-10.5,43,57,0,0,0,0,0,0,0,0,0,0,0,0,0,0,0,0,0,0,0,0,0.36,0.36,0.29,81,0.67,0.02,4.8,300,4.8,0.23,50,0.25,0,40,60,-0.1,500,5.49,0.3,28,0.21,0.07,14,TE,1420,,,0,0,0,0,1,0,7,6,12,0.3,0,0.6,0,0.035,0.167,0.033,0,0,0,0,0,0,0,0,0,0,shaheen,adam shaheen,a,shaheen4500tea,,,TE,,,,,,,,,,,,,,,,,
shenault5200wrl,76.05,Laviska Shenault,5200,JAX,@MIN,,,6.88,9.7,4,1.1,1.3,0.5,14.3,5.78,-8,0.63,1,0.9,1,0,0.16,1.4,41,20.3,30.8,0.5,10.5,51,44,0,0,0,0,0,0,0,0,0,0,0,0,0,0,0,0,0,0,0,0,0.55,0.09,0.09,0,0,0,2.8,-200,0.93,0.08,25,0,0.25,40,7.1,10,600,1.16,0.17,63,0.36,0.18,11,WR,1420,,,0,0,0,0,4,3,39,17,10.7,0.1,0,0.25,0,0.133,0.063,0.148,0,0,0,0,0,0,0,0,0,0,shenault,laviska shenault,l,shenault5200wrl,,,WR,,,,,,,,,,,,,,,,,
shepard5600wrs,87.45,Sterling Shepard,5600,NYG,@SEA,,,9,12.3,5.7,2.3,1.6,0.5,4.7,6.7,9,0.95,0.83,2.2,4,0,0.93,0.8,53,18.8,29.8,0.8,11,48.5,43,0,0,0,0,0,0,0,0,0,0,0,0,0,0,0,0,0,0,0,0,0.53,0.13,0.07,51,0.79,0.09,8.9,100,1.11,0.15,100,0.33,0,30,9.3,1.5,-100,1.16,0.18,76,0.29,0,17,WR,1420,,,0,0,0,0,7,5,55,20,9.4,0.2,7.7,0.125,0,0.217,0.118,0.217,0,0,0,0,0,0,0,0,0,0,shepard,sterling shepard,s,shepard5600wrs,,,WR,,,,,,,,,,,,,,,,,
slayton5700wrd,67.85,Darius Slayton,5700,NYG,@SEA,,,7.06,10.2,3.9,0.14,1.2,0.5,1.9,6.92,-5,0.7,1,0.2,1,0,0.67,0.8,53,18.8,29.8,0.8,11,48.5,43,0,0,0,0,0,0,0,0,0,0,0,0,0,0,0,0,0,0,0,0,0.73,0.4,0.2,51,0.79,0.09,6.6,-200,1.78,0.12,33,0.33,0.33,30,10,2.5,400,1.65,0.19,73,0.26,0.2,15,WR,1420,,,0,0,0,0,5,3,54,24,16.7,0.4,8.8,0.2,0,0.178,0.333,0.232,0,0,0,0,0,0,0,0,0,0,slayton,darius slayton,d,slayton5700wrd,,,WR,,,,,,,,,,,,,,,,,
smith4800wrt,55.8,Tre'Quan Smith,4800,NO,@ATL,,,3.51,5.2,1.8,-1.36,0.7,0.5,12,4.87,-31,0.29,0,0,2,0,0.05,3.8,47,24.3,21.8,-1,-2.5,46,49,0,0,0,0,0,0,0,0,0,0,0,0,0,0,0,0,0,0,0,0,0.53,0.13,0.13,0,0,0,5,-500,5,0.15,25,0,0.25,40,70,1.2,100,2.18,0.15,63,0.31,0.26,19,WR,1420,,,0,0,0,0,3,2,29,15,12.2,0.4,11.5,0.625,0,0.099,0.182,0.113,0,0,0,0,0,0,0,0,0,0,smith,tre'quan smith,t,smith4800wrt,,,WR,,,,,,,,,,,,,,,,,
smith5500rbi,41.2,Ito Smith,5500,ATL,NO,,,3.23,4.8,1.7,-4.2,0.6,0.5,3.9,7.43,-18,0.33,0.5,0.2,0,0,0.59,-4.3,12,21.8,24.3,-0.5,2.5,46,51,0,0,0,0,0,0,0,0,0,0,0,0,0,0,0,6,12,4.3,0.1,0.577,0.8,0.33,0.07,0,0,0,8,700,0.89,0.47,33,0.33,0.33,30,3.8,-0.5,600,0.83,0.32,41,0.05,0.11,17,RB,1420,50%,0.2,0.111,0.122,0.171,2,1,1,5,4,4.8,0,0,0.167,0.667,0,0,0,0,0,0,0,0,0,0,0,0,0,smith,ito smith,i,smith5500rbi,,,RB,,,,,,,,,,,,,,,,,
smythe4300ted,67.05,Durham Smythe,4300,MIA,CIN,,,2.58,3.8,1.4,-0.72,0.6,0.5,2.6,3.3,-18,0.24,0,0,1,0,0.22,3.2,30,26.8,16.3,0,-10.5,43,57,0,0,0,0,0,0,0,0,0,0,0,0,0,0,0,0,0,0,0,0,0.33,0.2,0.13,81,0.67,0.02,4.6,200,2.61,0.18,75,0.25,0,40,30,0.3,200,2.01,0.1,53,0.13,0.13,15,TE,1420,,,0,0,0,0,1,1,9,7,8.3,0.1,3.4,0.4,0,0.043,0.091,0.038,0,0,0,0,0,0,0,0,0,0,smythe,durham smythe,d,smythe4300ted,,,TE,,,,,,,,,,,,,,,,,
st4500wre,50.05,E. St Brown,4500,GB,PHI,,,2.05,3.2,0.9,-2.14,0.5,0.5,1.2,4.19,-41,0.18,0,0,0,0,0.71,0.4,17,29,21,0.7,-8,50,61,0,0,0,0,0,0,0,0,0,0,0,0,0,0,0,0,0,0,0,0,0,0,0,32,0.67,0,4.2,0,3.16,0.15,66,0,0,30,3.4,0,0,2.61,0.2,27,0,0,11,WR,1420,,,0,0,0,0,1,0,10,8,18.5,0,0,0,0,0.035,0,0.039,0,0,0,0,0,0,0,0,0,0,st,e. st brown,e,st4500wre,,,WR,,,,,,,,,,,,,,,,,
stafford6800qbm,82.15,Matthew Stafford,6800,DET,@CHI,,,16.4,27.6,5.2,1.6,2.4,0.5,27.08,14.8,-1,0.68,0.5,0.5,1,0,0.92,0.8,65,20.5,23.5,0.2,3,44,48,20,32,241,63,7.4,6.47,1.5,37,22.1,58.8,23.2,4.7,1.9,8,1,6,8,4.9,0,0.5,4.4,1.6,0.6,36,0.77,0.09,14.6,-700,0.37,0.23,75,0.25,0.25,40,13.7,0.3,-500,0.37,0.21,60,0.33,0.26,15,QB,1420,,,0,0,0,0,0,0,0,0,0,0,0,0,0,0,0,0,0,0,0,0,0,0,0,0,0,0,stafford,matthew stafford,m,stafford6800qbm,,,QB,,,,,,,,,,,,,,,,,
swaim4000teg,77.15,Geoff Swaim,4000,TEN,CLE,,,3.06,4.4,1.7,0.46,0.8,0.5,0,2.6,-16,0.29,0,0,0,0,0.73,0.7,35,29,25,1,-4,54,55,0,0,0,0,0,0,0,0,0,0,0,0,0,0,0,0,0,0,0,0,0.06,0,0,51,0.7,0.01,3,0,2.22,0.07,50,0,0,40,2.6,0,0,1.98,0.08,21,0,0,14,TE,1420,,,0,0,0,0,1,1,8,4,8.2,0,0,0,0,0.045,0,0.035,0,0,0,0,0,0,0,0,0,0,swaim,geoff swaim,g,swaim4000teg,,,TE,,,,,,,,,,,,,,,,,
swain4700wrf,48.35,Freddie Swain,4700,SEA,NYG,,,2.05,3.2,0.9,-2.59,0.4,0.5,0,4.64,-41,0.18,0,0,0,0,0.1,0.3,21,29.8,18.8,1.8,-11,48.5,57,0,0,0,0,0,0,0,0,0,0,0,0,0,0,0,0,0,0,0,0,0.18,0.09,0,51,0.79,0.09,5.2,100,3.47,0.25,25,0,0,40,4.1,-0.1,200,2.99,0.19,54,0.09,0,11,WR,1420,,,0,0,0,0,1,0,12,9,13.4,0.1,0,0,0,0.04,0.032,0.042,0,0,0,0,0,0,0,0,0,0,swain,freddie swain,f,swain4700wrf,,,WR,,,,,,,,,,,,,,,,,
tagovailoa6700qbt,94.15,Tua Tagovailoa,6700,MIA,CIN,,,17.84,30.5,5.2,3.23,2.7,0,16.14,14.61,0,0,1,0.5,1,0,0.98,3.3,43,26.8,16.3,0,-10.5,43,57,12,19,120,61,6.2,6.29,1.2,18,14.4,58.8,22.7,6.3,0,9.5,3,4,6,2.3,0,0.333,1.82,1.18,0.64,81,0.67,0.02,14.5,0,0.46,0.27,75,0.5,0,40,9.9,-0.9,500,0.41,0.23,36,0.18,0.09,11,QB,1420,,,0,0,0,0,0,0,0,0,0,0,0,0,0,0,0,0,0,0,0,0,0,0,0,0,0,0,tagovailoa,tua tagovailoa,t,tagovailoa6700qbt,,,QB,,,,,,,,,,,,,,,,,
tannehill7800qbr,90.9,Ryan Tannehill,7800,TEN,CLE,,,19.4,31.8,7,2.63,2.5,3,28.56,16.77,2,0.88,0.96,6.6,1,0,0.58,0,65,29,25,1,-4,54,55,19,29,249,65,8.4,8.72,2.2,49,12.2,56.1,28.4,7.6,1.4,4.9,2,10,13,4.9,0.2,0.605,4.81,2.44,1.19,51,0.7,0.01,15.6,400,0.53,0.25,100,0.4,0,50,18.3,1.9,800,0.54,0.28,89,0.63,0.1,19,QB,1420,,,0,0,0,0,0,0,0,0,0,0,0,0,0,0,0,0,0,0,0,0,0,0,0,0,0,0,tannehill,ryan tannehill,r,tannehill7800qbr,,,QB,,,,,,,,,,,,,,,,,
tate5200wrg,78.75,Golden Tate,5200,NYG,@SEA,,,7.12,9.9,4.3,1.34,1.4,0.5,5,5.78,-16,0.49,1,0.2,1,0,0.54,0.8,42,18.8,29.8,0.8,11,48.5,43,0,0,0,0,0,0,0,0,0,0,0,0,0,0,0,0,0,0,0,0,0.47,0.13,0.07,51,0.79,0.09,5.5,-300,0.69,0.15,66,0,0,30,6.8,-0.5,-400,1.05,0.16,64,0.23,0.23,17,WR,1420,,,0,0,0,0,5,3,40,23,13,0.3,8.1,0.286,0,0.166,0.267,0.175,0,0,0,0,0,0,0,0,0,0,tate,golden tate,g,tate5200wrg,,,WR,,,,,,,,,,,,,,,,,
taylor6400rbj,79.85,Jonathan Taylor,6400,IND,@HOU,,,10.42,14.8,6.1,0.75,1.6,6.5,21,9.67,-3,0.72,0.81,2.7,5,0,0.64,3.4,31,26.8,23.3,-1,-3.5,50,58,0,0,0,0,0,0,0,0,0,0,0,0,0,0,0,12,51,3.8,0.4,0.452,2.91,1.27,0.91,0,0,0,7.8,0,0.54,0.28,80,0.2,0,50,10.3,0.3,1000,0.64,0.33,71,0.35,0.21,14,RB,1420,81%,2.7,0.4,0.474,0.455,13,2,2,22,12,8.7,0,0,0.143,0.429,0,0,0,0,0,0,0,0,0,0,0,0,0,taylor,jonathan taylor,j,taylor6400rbj,,,RB,,,,,,,,,,,,,,,,,
tennessee3900,32.98,Tennessee,3900,TEN,CLE,,,5.9,12.5,-0.7,0.54,1.5,3,-2,5.36,-8,0.24,0,0,2,0,0.71,1.8,0,29,25,1,-4,54,55,0,0,0,0,0,0,0,0,0,0,0,0,2.6,4.17,0,0,0,0,0,0,0,0,0,51,0.7,0.01,5.4,100,0,0,60,0.4,0.4,50,6.1,-0.2,-100,0,0,70,0.45,0.3,20,DEF,1420,,,0,0,0,0,0,0,0,0,0,0,0,0,0,0,0,0,1.7,0.5417,0.5348,0.0154,0.0511,7.11,11.6,60,3.93,0.2299,tennessee,tennessee,t,tennessee3900,52276-12534:Tennessee Titans,52276-12534,D,,t,Tennessee Titans,titans,4.25,12,3900,TEN@JAC,TEN,JAC,,,,Titans,Titans,tennessee,tennessee3900
thielen7800wra,89.6,Adam Thielen,7800,MIN,JAX,,,13.82,19.1,8.5,2.11,1.8,10.5,17.5,11.71,5,0.92,0.97,6.4,8,0,0.89,3,54,30.8,20.3,1,-10.5,51,56,0,0,0,0,0,0,0,0,0,0,0,0,0,0,0,0,0,0,0,0,1,0.63,0.25,0,0,0,17.1,100,2.23,0.29,50,0.5,0.25,40,11.4,1.9,1000,1.55,0.21,50,0.33,0.44,18,WR,1420,,,0,0,0,0,6,4,56,23,12.9,0.9,4.5,0.667,0,0.263,0.5,0.241,0,0,0,0,0,0,0,0,0,0,thielen,adam thielen,a,thielen7800wra,,,WR,,,,,,,,,,,,,,,,,
thomas4500wrm,54.9,Mike Thomas,4500,CIN,@MIA,,,2.81,4.1,1.5,-1.38,0.6,0,0,4.19,0,0,0,0,0,0,0.49,0.4,0,16.3,26.8,0.5,10.5,43,43,0,0,0,0,0,0,0,0,0,0,0,0,0,0,0,0,0,0,0,0,0,0,0,81,0.67,0.02,0,0,0,0,0,0,0,30,2.3,-0.4,0,0,0,33,0.13,0.4,15,WR,1420,,,0,0,0,0,0,0,0,0,0,0,0,0,0,0,0,0,0,0,0,0,0,0,0,0,0,0,thomas,mike thomas,m,thomas4500wrm,52276-55694:Mike Thomas,52276-55694,WR,,m,Mike Thomas,thomas,2.974999905,8,4500,DAL@CIN,CIN,DAL,,,,ryland,ryland,mike,thomas4500wrm
thomas7200wrm,73.5,Michael Thomas,7200,NO,@ATL,,,10.94,15,6.9,0.59,1.5,6.5,15,10.35,-1,0.81,0.93,3.1,4,0,0.95,3.8,51,24.3,21.8,-1,-2.5,46,49,0,0,0,0,0,0,0,0,0,0,0,0,0,0,0,0,0,0,0,0,1.13,0.47,0.33,0,0,0,8.3,-1400,1.04,0.18,25,0,0.75,40,13.6,-0.3,-1600,1.36,0.27,27,0.22,0.38,18,WR,1420,,,0,0,0,0,9,6,76,22,11,0.3,7.9,0.118,0,0.338,0.136,0.318,0,0,0,0,0,0,0,0,0,0,thomas,michael thomas,m,thomas7200wrm,,,WR,,,,,,,,,,,,,,,,,
tonyan5900ter,84.3,Robert Tonyan,5900,GB,PHI,,,7.96,10.9,5,0.92,1.3,6.5,11.9,7.04,2,0.94,1,8.1,5,0,0.05,-1.5,34,29,21,0.7,-8,50,61,0,0,0,0,0,0,0,0,0,0,0,0,0,0,0,0,0,0,0,0,0.4,0.13,0.07,32,0.67,0,11,200,2.35,0.27,100,0.66,0,30,7.8,3.2,1700,2.45,0.23,50,0.4,0.45,20,TE,1420,,,0,0,0,0,3,2,32,17,11.8,0.5,4.4,0.833,0,0.094,0.216,0.12,0,0,0,0,0,0,0,0,0,0,tonyan,robert tonyan,r,tonyan5900ter,52276-80353:Robert Tonyan,52276-80353,TE,,r,Robert Tonyan,tonyan,10.74545427,11,5900,GB@DET,GB,DET,,,,ryland,ryland,robert,tonyan5900ter
trubisky6900qbm,94.85,Mitchell Trubisky,6900,CHI,DET,,,18.42,30.2,6.6,3.42,2.7,10.5,13.28,15,-9,0.17,0.94,8.4,1,0,0.67,3.8,57,23.5,20.5,-1.3,-3,44,52,21,36,214,58,5.9,4.58,1.4,25,18.8,65.6,12.1,3.9,2.8,7.5,3,13,18,6.3,0,0.417,3.5,1.71,0.93,36,0.77,0.09,20.8,500,0.4,0.31,33,0.33,0,30,12.7,-0.9,0,0.3,0.22,33,0.2,0.26,15,QB,1420,,,0,0,0,0,0,0,0,0,0,0,0,0,0,0,0,0,0,0,0,0,0,0,0,0,0,0,trubisky,mitchell trubisky,m,trubisky6900qbm,,,QB,,,,,,,,,,,,,,,,,
valdes-scantling5700wrm,60.45,M. Valdes-Scantling,5700,GB,PHI,,,5.93,8.9,2.9,-0.99,1,0.5,-0.4,6.92,-12,0.56,1,0.7,1,0,0.58,0.4,43,29,21,0.7,-8,50,61,0,0,0,0,0,0,0,0,0,0,0,0,0,0,0,0,0,0,0,0,0.44,0.06,0.06,32,0.67,0,14,200,3.49,0.25,66,0.33,0,30,5.8,0.7,1000,1.42,0.14,55,0.16,0.38,18,WR,1420,,,0,0,0,0,4,1,36,22,19.4,0.3,2.2,0.167,0,0.117,0.108,0.135,0,0,0,0,0,0,0,0,0,0,valdes-scantling,m. valdes-scantling,m,valdes-scantling5700wrm,,,WR,,,,,,,,,,,,,,,,,
waller7000ted,89.05,Darren Waller,7000,LV,@NYJ,,,11.04,14.8,7.3,1.43,1.6,14.5,38.5,9.61,1,0.91,0.87,10,10,0,0.93,4.4,60,27.8,20.3,0,-7.5,48,61,0,0,0,0,0,0,0,0,0,0,0,0,0,0,0,0,0,0,0,0,1.27,0.67,0.4,38,0.55,0.02,9.6,600,1.33,0.17,50,0.25,0.5,40,11.1,2.1,100,1.37,0.18,83,0.38,0.16,18,TE,1420,,,0,0,0,0,8,5,58,21,10,0.3,11,0.263,0,0.259,0.208,0.226,0,0,0,0,0,0,0,0,0,0,waller,darren waller,d,waller7000ted,,,TE,,,,,,,,,,,,,,,,,
ward4900wrg,61.8,Greg Ward,4900,PHI,@GB,,,4.67,6.6,2.7,-0.43,1,0.5,13.2,5.1,-27,0.34,0,0,0,0,0.49,0.5,52,21,29,1.7,8,50,39,0,0,0,0,0,0,0,0,0,0,0,0,0,0,0,0,0,0,0,0,0.67,0.27,0.2,32,0.67,0,3.2,-200,0.74,0.07,33,0,0.66,30,6.7,1.1,0,1.11,0.13,77,0.27,0.22,18,WR,1420,,,0,0,0,0,5,4,33,14,8.1,0.3,7.7,0.3,0,0.153,0.174,0.133,0,0,0,0,0,0,0,0,0,0,ward,greg ward,g,ward4900wrg,,,WR,,,,,,,,,,,,,,,,,
watson8200qbd,96.15,Deshaun Watson,8200,HOU,IND,,,21.28,32.2,10.4,3.73,2.6,10.5,20.44,17.55,-3,0.52,0.75,5,1,0,0.99,0.7,62,23.3,26.8,-2,3.5,50,42,22,33,280,66,8.3,7.68,1.9,41,16.1,62.1,18,5.8,2.1,7.3,5,11,29,5,0.3,0.524,5.93,3.13,1.13,0,0,0,25.7,-100,0.63,0.44,100,0.75,0,40,22.8,60,0,0.54,0.37,85,0.65,0.15,20,QB,1420,,,0,0,0,0,0,0,0,0,0,0,0,0,0,0,0,0,0,0,0,0,0,0,0,0,0,0,watson,deshaun watson,d,watson8200qbd,,,QB,,,,,,,,,,,,,,,,,
wentz7300qbc,78,Carson Wentz,7300,PHI,@GB,,,16.88,26.5,7.3,1.09,2.3,0.5,4.96,15.79,-4,0.45,1,0.5,1,0,0.33,0.3,72,21,29,1.7,8,50,39,24,39,249,60,6.3,4.96,1.5,36,20.2,43.5,32.6,3.8,2.6,8.2,4,10,20,4.7,0.3,0.621,6.53,2.33,1.33,32,0.67,0,15,-200,0.32,0.22,66,0.33,0.33,30,17,0.4,-400,0.36,0.24,83,0.5,0.16,18,QB,1420,,,0,0,0,0,0,0,0,0,0,0,0,0,0,0,0,0,0,0,0,0,0,0,0,0,0,0,wentz,carson wentz,c,wentz7300qbc,,,QB,,,,,,,,,,,,,,,,,
white5700rbj,72.1,James White,5700,NE,@LAC,,,7.76,10.1,5.4,-0.17,1.4,3,1.6,7.93,-12,0.45,1,1.5,4,0,0.64,1.6,26,22.3,24.8,-1.5,2.5,47,51,0,0,0,0,0,0,0,0,0,0,0,0,0,0,0,6,11,3.6,0.2,0.35,0.87,0.4,0.2,0,0,0,7.2,100,1,0.33,80,0.4,0.2,50,7.6,-0.4,400,0.87,0.29,76,0.23,0.11,17,RB,1420,100%,1.5,0.118,0.076,0.41,3,4,3,30,14,8.1,0.2,80,0.286,0.571,0,0,0,0,0,0,0,0,0,0,0,0,0,white,james white,j,white5700rbj,,,RB,,,,,,,,,,,,,,,,,
wilkins5500rbj,48.9,Jordan Wilkins,5500,IND,@HOU,,,4.12,6,2.3,-3.31,0.7,0.5,2.8,7.43,-14,0.41,1,0.4,3,0,0.36,3.4,15,26.8,23.3,-1,-3.5,50,58,0,0,0,0,0,0,0,0,0,0,0,0,0,0,0,10,27,4.3,0.2,0.484,0.93,0.47,0.33,0,0,0,4.7,-100,0.51,0.26,75,0,0.25,40,5.3,-0.6,900,0.7,0.35,60,0.13,0.33,15,RB,1420,100%,0.4,0.176,0.263,0.235,6,1,0,7,6,10.2,0,0.8,0.231,0.462,0,0,0,0,0,0,0,0,0,0,0,0,0,wilkins,jordan wilkins,j,wilkins5500rbj,,,RB,,,,,,,,,,,,,,,,,
williams4200tem,69.6,Maxx Williams,4200,ARI,LA,,,2.64,3.8,1.4,-0.43,0.6,0.5,0,3.07,-21,0.18,0,0,1,0,0.29,-1.8,40,23.3,25.8,-0.5,2.5,49,46,0,0,0,0,0,0,0,0,0,0,0,0,0,0,0,0,0,0,0,0,0.2,0.2,0.07,0,0,0,4.2,200,3.34,0.1,80,0.2,0,50,3.1,0.1,-200,2.17,0.08,35,0.05,0.11,17,TE,1420,,,0,0,0,0,1,1,11,10,11.8,0.1,8.4,0.333,0,0.046,0.077,0.05,0,0,0,0,0,0,0,0,0,0,williams,maxx williams,m,williams4200tem,52276-28346:Maxx Williams,52276-28346,TE,,m,Maxx Williams,williams,2.133333365,6,4200,ARI@NYG,ARI,NYG,,,,ryland,ryland,maxx,williams4200tem
williams4500rbj,54.9,Jonathan Williams,4500,DET,@CHI,,,2.64,3.6,1.7,-2.29,0.6,0.5,0,4.93,-19,0.31,0,0,1,0,0.87,-2,7,20.5,23.5,0.2,3,44,48,0,0,0,0,0,0,0,0,0,0,0,0,0,0,0,1,1,5,0,0,0,0,0,36,0.77,0.09,2.6,0,0.52,0.12,25,0,0,40,0.5,-0.5,-300,0.31,0.07,8,0,0.33,12,RB,1420, ,,0,0.017,0.119,0,1,1,7,3,5.3,0,0,0,0,0,0,0,0,0,0,0,0,0,0,0,0,0,williams,jonathan williams,j,williams4500rbj,52276-31184:Jonathan Williams,52276-31184,RB,,j,Jonathan Williams,williams,0.866666635,3,4500,GB@DET,DET,GB,,,,ryland,ryland,jonathan,williams4500rbj
williams5200rbj,76.2,Jamaal Williams,5200,GB,PHI,,,7.2,9.7,4.7,0.52,1.4,0.5,4.6,6.68,-2,0.76,0,0,7,0,0.99,-1.9,33,29,21,0.7,-8,50,61,0,0,0,0,0,0,0,0,0,0,0,0,0,0,0,10,37,4.1,0.2,0.597,1.67,0.87,0.47,32,0.67,0,9.5,-400,0.79,0.31,100,0.33,0,30,7.5,0.8,300,0.63,0.23,63,0.31,0.21,19,RB,1420, ,,0.143,0.291,0.506,9,2,2,18,8,7.9,0.1,5.5,0.095,0.571,0,0,0,0,0,0,0,0,0,0,0,0,0,williams,jamaal williams,j,williams5200rbj,52276-45631:Jamaal Williams,52276-45631,RB,,j,Jamaal Williams,williams,9.290908813,11,5200,GB@DET,GB,DET,,,,ryland,ryland,jamaal,williams5200rbj
williams5800wrm,80.65,Mike Williams,5800,LAC,NE,,,8.56,12.4,4.8,1.41,1.5,3,6.3,7.15,-10,0.6,0,0,3,0,0.71,1.3,59,24.8,22.3,-0.5,-2.5,47,49,0,0,0,0,0,0,0,0,0,0,0,0,0,0,0,0,0,0,0,0,0.8,0.4,0.33,0,0,0,8.7,-400,1.45,0.14,75,0.25,0.25,40,9.5,1.7,-100,1.68,0.16,66,0.33,0.26,15,WR,1420,,,0,0,0,0,5,3,53,28,17.5,0.4,12.3,0.167,0,0.145,0.222,0.182,0,0,0,0,0,0,0,0,0,0,williams,mike williams,m,williams5800wrm,,,WR,,,,,,,,,,,,,,,,,
wilson9000qbr,95.45,Russell Wilson,9000,SEA,NYG,,,22.76,33.9,11.6,3.64,2.5,10.5,16.02,19.12,1,0.84,0.87,3.7,1,0,0.82,-2.3,66,29.8,18.8,1.8,-11,48.5,57,24,35,276,68,7.9,7.13,2.4,43,17.7,58.6,19,6.9,2,8.4,5,14,29,5.5,0.1,0.481,6.27,3,1.6,51,0.79,0.09,17.6,0,0.39,0.27,100,0.25,0,40,22.1,3.8,600,0.51,0.34,85,0.6,0.15,20,QB,1420,,,0,0,0,0,0,0,0,0,0,0,0,0,0,0,0,0,0,0,0,0,0,0,0,0,0,0,wilson,russell wilson,r,wilson9000qbr,52276-22015:Russell Wilson,52276-22015,QB,,r,Russell Wilson,wilson,24.8799998,12,9000,NYJ@SEA,SEA,NYJ,,,,ryland,ryland,russell,wilson9000qbr
woods7100wrr,94.25,Robert Woods,7100,LA,@ARI,,,13.06,17.8,8.4,2.94,1.8,10.5,13.5,10.12,1,0.86,0.94,6.9,7,0,0.63,2.3,65,25.8,23.3,1,-2.5,49,54,0,0,0,0,0,0,0,0,0,0,0,0,0,0,0,0,0,0,0,0,1.07,0.4,0.33,0,0,0,14.3,-100,1.16,0.23,66,0.66,0.33,30,14.5,4.3,200,1.42,0.22,81,0.5,0.18,16,WR,1420,,,0,0,0,0,8,5,65,24,11.2,0.5,7.3,0.455,0,0.232,0.28,0.23,0,0,0,0,0,0,0,0,0,0,woods,robert woods,r,woods7100wrr,,,WR,,,,,,,,,,,,,,,,,
