Position,Name + ID,Name,ID,Roster Position,Salary,Game Info,TeamAbbrev,AvgPointsPerGame
C,Connor McDavid (26765609),Connor McDavid,26765609,C/UTIL,9500,EDM@PIT 02/23/2023 07:00PM ET,EDM,21.28
RW,David Pastrnak (26765827),David Pastrnak,26765827,W/UTIL,9300,BOS@SEA 02/23/2023 10:00PM ET,BOS,19.43
D,Roman Josi (26766323),Roman Josi,26766323,D/UTIL,8900,NSH@SJ 02/23/2023 10:30PM ET,NSH,18.09
LW,Alex Ovechkin (26765829),Alex Ovechkin,26765829,W/UTIL,8800,ANH@WAS 02/23/2023 07:00PM ET,WAS,15.62
C,Jack Hughes (26765611),Jack Hughes,26765611,C/UTIL,8700,LA@NJ 02/23/2023 07:00PM ET,NJ,17.90
G,Linus Ullmark (26766723),Linus Ullmark,26766723,G,8500,BOS@SEA 02/23/2023 10:00PM ET,BOS,18.12
G,Jeremy Swayman (26766724),Jeremy Swayman,26766724,G,8500,BOS@SEA 02/23/2023 10:00PM ET,BOS,12.64
G,Andrei Vasilevskiy (26766725),Andrei Vasilevskiy,26766725,G,8400,BUF@TB 02/23/2023 07:00PM ET,TB,16.25
G,Brian Elliott (26766726),Brian Elliott,26766726,G,8400,BUF@TB 02/23/2023 07:00PM ET,TB,14.46
G,Adin Hill (26766727),Adin Hill,26766727,G,8300,CGY@VGK 02/23/2023 09:00PM ET,VGK,12.26
G,Laurent Brossoit (26766728),Laurent Brossoit,26766728,G,8300,CGY@VGK 02/23/2023 09:00PM ET,VGK,23.9
G,Darcy Kuemper (26766729),Darcy Kuemper,26766729,G,8200,ANH@WAS 02/23/2023 07:00PM ET,WAS,13.31
G,Charlie Lindgren (26766730),Charlie Lindgren,26766730,G,8200,ANH@WAS 02/23/2023 07:00PM ET,WAS,11.67
RW,Nikita Kucherov (26765831),Nikita Kucherov,26765831,W/UTIL,8100,BUF@TB 02/23/2023 07:00PM ET,TB,15.07
G,Igor Shesterkin (26766732),Igor Shesterkin,26766732,G,8100,NYR@DET 02/23/2023 07:00PM ET,NYR,14.23
G,Jaroslav Halak (26766733),Jaroslav Halak,26766733,G,8100,NYR@DET 02/23/2023 07:00PM ET,NYR,11.96
G,Michael Hutchinson (26766731),Michael Hutchinson,26766731,G,8100,CGY@VGK 02/23/2023 09:00PM ET,VGK,0
C,Tage Thompson (26765613),Tage Thompson,26765613,C/UTIL,8000,BUF@TB 02/23/2023 07:00PM ET,BUF,16.71
G,Filip Gustavsson (26766734),Filip Gustavsson,26766734,G,8000,MIN@CLS 02/23/2023 07:00PM ET,MIN,15.5
G,Marc-Andre Fleury (26766735),Marc-Andre Fleury,26766735,G,8000,MIN@CLS 02/23/2023 07:00PM ET,MIN,11.75
LW,Timo Meier (26765833),Timo Meier,26765833,W/UTIL,8000,NSH@SJ 02/23/2023 10:30PM ET,SJ,15.57
G,Vitek Vanecek (26766736),Vitek Vanecek,26766736,G,7900,LA@NJ 02/23/2023 07:00PM ET,NJ,13.27
G,Pheonix Copley (26766737),Pheonix Copley,26766737,G,7800,LA@NJ 02/23/2023 07:00PM ET,LA,12.53
G,MacKenzie Blackwood (26766738),MacKenzie Blackwood,26766738,G,7700,LA@NJ 02/23/2023 07:00PM ET,NJ,11.38
C,Leon Draisaitl (26765615),Leon Draisaitl,26765615,C/UTIL,7700,EDM@PIT 02/23/2023 07:00PM ET,EDM,16.15
G,Philipp Grubauer (26766739),Philipp Grubauer,26766739,G,7700,BOS@SEA 02/23/2023 10:00PM ET,SEA,10.06
G,Martin Jones (26766740),Martin Jones,26766740,G,7700,BOS@SEA 02/23/2023 10:00PM ET,SEA,10.24
G,Jonathan Quick (26766741),Jonathan Quick,26766741,G,7600,LA@NJ 02/23/2023 07:00PM ET,LA,7.89
LW,Zach Hyman (26765835),Zach Hyman,26765835,W/UTIL,7600,EDM@PIT 02/23/2023 07:00PM ET,EDM,14.90
G,Stuart Skinner (26766742),Stuart Skinner,26766742,G,7600,EDM@PIT 02/23/2023 07:00PM ET,EDM,14.87
D,Dougie Hamilton (26766325),Dougie Hamilton,26766325,D/UTIL,7500,LA@NJ 02/23/2023 07:00PM ET,NJ,14.18
G,Kaapo Kahkonen (26766743),Kaapo Kahkonen,26766743,G,7500,NSH@SJ 02/23/2023 10:30PM ET,SJ,9.75
G,James Reimer (26766744),James Reimer,26766744,G,7500,NSH@SJ 02/23/2023 10:30PM ET,SJ,11.63
G,Jack Campbell (26766745),Jack Campbell,26766745,G,7400,EDM@PIT 02/23/2023 07:00PM ET,EDM,10.43
G,Tristan Jarry (26766746),Tristan Jarry,26766746,G,7400,EDM@PIT 02/23/2023 07:00PM ET,PIT,17.01
G,Casey DeSmith (26766747),Casey DeSmith,26766747,G,7400,EDM@PIT 02/23/2023 07:00PM ET,PIT,12.90
LW,Kirill Kaprizov (26765837),Kirill Kaprizov,26765837,W/UTIL,7400,MIN@CLS 02/23/2023 07:00PM ET,MIN,15.66
C,Elias Pettersson (26765617),Elias Pettersson,26765617,C/UTIL,7400,VAN@STL 02/23/2023 08:00PM ET,VAN,16.12
G,Ukko-Pekka Luukkonen (26766750),Ukko-Pekka Luukkonen,26766750,G,7300,BUF@TB 02/23/2023 07:00PM ET,BUF,12.4
G,Craig Anderson (26766751),Craig Anderson,26766751,G,7300,BUF@TB 02/23/2023 07:00PM ET,BUF,14.70
RW,Jordan Kyrou (26765839),Jordan Kyrou,26765839,W/UTIL,7300,VAN@STL 02/23/2023 08:00PM ET,STL,13.7
G,Jordan Binnington (26766748),Jordan Binnington,26766748,G,7300,VAN@STL 02/23/2023 08:00PM ET,STL,10.90
G,Thomas Greiss (26766749),Thomas Greiss,26766749,G,7300,VAN@STL 02/23/2023 08:00PM ET,STL,12.32
D,Erik Karlsson (26766327),Erik Karlsson,26766327,D/UTIL,7300,NSH@SJ 02/23/2023 10:30PM ET,SJ,14.33
RW,Alex Tuch (26765841),Alex Tuch,26765841,W/UTIL,7200,BUF@TB 02/23/2023 07:00PM ET,BUF,13.04
G,Juuse Saros (26766752),Juuse Saros,26766752,G,7200,NSH@SJ 02/23/2023 10:30PM ET,NSH,15.39
G,Kevin Lankinen (26766753),Kevin Lankinen,26766753,G,7200,NSH@SJ 02/23/2023 10:30PM ET,NSH,14.79
C,Steven Stamkos (26765619),Steven Stamkos,26765619,C/UTIL,7100,BUF@TB 02/23/2023 07:00PM ET,TB,14.07
LW,Jake Guentzel (26765843),Jake Guentzel,26765843,W/UTIL,7100,EDM@PIT 02/23/2023 07:00PM ET,PIT,12.71
G,Ville Husso (26766754),Ville Husso,26766754,G,7100,NYR@DET 02/23/2023 07:00PM ET,DET,13.03
G,Magnus Hellberg (26766755),Magnus Hellberg,26766755,G,7100,NYR@DET 02/23/2023 07:00PM ET,DET,10.3
D,Rasmus Dahlin (26766329),Rasmus Dahlin,26766329,D/UTIL,7000,BUF@TB 02/23/2023 07:00PM ET,BUF,14.75
RW,Patrik Laine (26765845),Patrik Laine,26765845,W/UTIL,7000,MIN@CLS 02/23/2023 07:00PM ET,CLS,12.50
C,Jack Eichel (26765621),Jack Eichel,26765621,C/UTIL,7000,CGY@VGK 02/23/2023 09:00PM ET,VGK,13.60
G,Jacob Markstrom (26766758),Jacob Markstrom,26766758,G,7000,CGY@VGK 02/23/2023 09:00PM ET,CGY,9.12
G,Dan Vladar (26766759),Dan Vladar,26766759,G,7000,CGY@VGK 02/23/2023 09:00PM ET,CGY,10.80
LW,Jeff Skinner (26765847),Jeff Skinner,26765847,W/UTIL,6900,BUF@TB 02/23/2023 07:00PM ET,BUF,12.16
D,John Carlson (26766331),John Carlson,26766331,D/UTIL,6900,ANH@WAS 02/23/2023 07:00PM ET,WAS,14.78
C,Mika Zibanejad (26765623),Mika Zibanejad,26765623,C/UTIL,6900,NYR@DET 02/23/2023 07:00PM ET,NYR,14.22
G,Collin Delia (26766756),Collin Delia,26766756,G,6900,VAN@STL 02/23/2023 08:00PM ET,VAN,8.31
G,Arturs Silovs (26766757),Arturs Silovs,26766757,G,6900,VAN@STL 02/23/2023 08:00PM ET,VAN,12.2
C,Sidney Crosby (26765625),Sidney Crosby,26765625,C/UTIL,6800,EDM@PIT 02/23/2023 07:00PM ET,PIT,13.64
LW,Ryan Nugent-Hopkins (26765849),Ryan Nugent-Hopkins,26765849,W/UTIL,6800,EDM@PIT 02/23/2023 07:00PM ET,EDM,12.80
G,John Gibson (26766760),John Gibson,26766760,G,6800,ANH@WAS 02/23/2023 07:00PM ET,ANH,13.75
G,Lukas Dostal (26766761),Lukas Dostal,26766761,G,6800,ANH@WAS 02/23/2023 07:00PM ET,ANH,13.69
C,Brayden Point (26765627),Brayden Point,26765627,C/UTIL,6700,BUF@TB 02/23/2023 07:00PM ET,TB,13.19
D,Victor Hedman (26766333),Victor Hedman,26766333,D/UTIL,6700,BUF@TB 02/23/2023 07:00PM ET,TB,10.40
G,Joonas Korpisalo (26766762),Joonas Korpisalo,26766762,G,6700,MIN@CLS 02/23/2023 07:00PM ET,CLS,14.45
G,Elvis Merzlikins (26766763),Elvis Merzlikins,26766763,G,6700,MIN@CLS 02/23/2023 07:00PM ET,CLS,6.79
LW,Brad Marchand (26765851),Brad Marchand,26765851,W/UTIL,6700,BOS@SEA 02/23/2023 10:00PM ET,BOS,11.43
LW,Evander Kane (26765853),Evander Kane,26765853,W/UTIL,6600,EDM@PIT 02/23/2023 07:00PM ET,EDM,12.73
D,Alex Pietrangelo (26766335),Alex Pietrangelo,26766335,D/UTIL,6600,CGY@VGK 02/23/2023 09:00PM ET,VGK,13.08
C,Patrice Bergeron (26765629),Patrice Bergeron,26765629,C/UTIL,6600,BOS@SEA 02/23/2023 10:00PM ET,BOS,11.74
G,Eric Comrie (26766787),Eric Comrie,26766787,G,6500,BUF@TB 02/23/2023 07:00PM ET,BUF,9.31
G,Ben Bishop (26766788),Ben Bishop,26766788,G,6500,BUF@TB 02/23/2023 07:00PM ET,BUF,0
G,Akira Schmid (26766771),Akira Schmid,26766771,G,6500,LA@NJ 02/23/2023 07:00PM ET,NJ,11.66
G,Jonathan Bernier (26766772),Jonathan Bernier,26766772,G,6500,LA@NJ 02/23/2023 07:00PM ET,NJ,0
G,Nico Daws (26766773),Nico Daws,26766773,G,6500,LA@NJ 02/23/2023 07:00PM ET,NJ,0
G,Jacob Ingham (26766778),Jacob Ingham,26766778,G,6500,LA@NJ 02/23/2023 07:00PM ET,LA,0
G,Cal Petersen (26766779),Cal Petersen,26766779,G,6500,LA@NJ 02/23/2023 07:00PM ET,LA,7.41
G,Mike Smith (26766782),Mike Smith,26766782,G,6500,EDM@PIT 02/23/2023 07:00PM ET,EDM,0
G,Calvin Pickard (26766783),Calvin Pickard,26766783,G,6500,EDM@PIT 02/23/2023 07:00PM ET,EDM,0
G,Dustin Tokarski (26766784),Dustin Tokarski,26766784,G,6500,EDM@PIT 02/23/2023 07:00PM ET,PIT,10.88
G,Zach Fucale (26766769),Zach Fucale,26766769,G,6500,ANH@WAS 02/23/2023 07:00PM ET,WAS,0
G,Hunter Shepard (26766770),Hunter Shepard,26766770,G,6500,ANH@WAS 02/23/2023 07:00PM ET,WAS,0
G,Anthony Stolarz (26766774),Anthony Stolarz,26766774,G,6500,ANH@WAS 02/23/2023 07:00PM ET,ANH,9.61
G,Olle Eriksson Ek (26766775),Olle Eriksson Ek,26766775,G,6500,ANH@WAS 02/23/2023 07:00PM ET,ANH,0
G,Jet Greaves (26766764),Jet Greaves,26766764,G,6500,MIN@CLS 02/23/2023 07:00PM ET,CLS,0
G,Daniil Tarasov (26766765),Daniil Tarasov,26766765,G,6500,MIN@CLS 02/23/2023 07:00PM ET,CLS,11.52
G,Zane McIntyre (26766791),Zane McIntyre,26766791,G,6500,MIN@CLS 02/23/2023 07:00PM ET,MIN,0
C,Dylan Larkin (26765631),Dylan Larkin,26765631,C/UTIL,6500,NYR@DET 02/23/2023 07:00PM ET,DET,12.78
D,Adam Fox (26766337),Adam Fox,26766337,D/UTIL,6500,NYR@DET 02/23/2023 07:00PM ET,NYR,11.33
G,Alex Nedeljkovic (26766786),Alex Nedeljkovic,26766786,G,6500,NYR@DET 02/23/2023 07:00PM ET,DET,9.49
G,Thatcher Demko (26766767),Thatcher Demko,26766767,G,6500,VAN@STL 02/23/2023 08:00PM ET,VAN,8.54
G,Spencer Martin (26766768),Spencer Martin,26766768,G,6500,VAN@STL 02/23/2023 08:00PM ET,VAN,7.09
G,Logan Thompson (26766776),Logan Thompson,26766776,G,6500,CGY@VGK 02/23/2023 09:00PM ET,VGK,14.51
G,Robin Lehner (26766777),Robin Lehner,26766777,G,6500,CGY@VGK 02/23/2023 09:00PM ET,VGK,0
RW,Jake DeBrusk (26765855),Jake DeBrusk,26765855,W/UTIL,6500,BOS@SEA 02/23/2023 10:00PM ET,BOS,12.02
G,Keith Kinkaid (26766766),Keith Kinkaid,26766766,G,6500,BOS@SEA 02/23/2023 10:00PM ET,BOS,23.5
G,Chris Driedger (26766780),Chris Driedger,26766780,G,6500,BOS@SEA 02/23/2023 10:00PM ET,SEA,0
G,Joey Daccord (26766781),Joey Daccord,26766781,G,6500,BOS@SEA 02/23/2023 10:00PM ET,SEA,20.2
G,Yaroslav Askarov (26766785),Yaroslav Askarov,26766785,G,6500,NSH@SJ 02/23/2023 10:30PM ET,NSH,7.7
G,Eetu Makiniemi (26766789),Eetu Makiniemi,26766789,G,6500,NSH@SJ 02/23/2023 10:30PM ET,SJ,8.9
G,Aaron Dell (26766790),Aaron Dell,26766790,G,6500,NSH@SJ 02/23/2023 10:30PM ET,SJ,8.58
C,Nico Hischier (26765633),Nico Hischier,26765633,C/UTIL,6400,LA@NJ 02/23/2023 07:00PM ET,NJ,12.81
LW,Filip Forsberg (26765857),Filip Forsberg,26765857,W/UTIL,6400,NSH@SJ 02/23/2023 10:30PM ET,NSH,11.90
RW,Mats Zuccarello (26765859),Mats Zuccarello,26765859,W/UTIL,6300,MIN@CLS 02/23/2023 07:00PM ET,MIN,12.29
C,Nazem Kadri (26765635),Nazem Kadri,26765635,C/UTIL,6300,CGY@VGK 02/23/2023 09:00PM ET,CGY,11.44
D,Shea Theodore (26766339),Shea Theodore,26766339,D/UTIL,6300,CGY@VGK 02/23/2023 09:00PM ET,VGK,11.12
LW,Kevin Fiala (26765861),Kevin Fiala,26765861,W/UTIL,6200,LA@NJ 02/23/2023 07:00PM ET,LA,12.65
C,Boone Jenner (26765637),Boone Jenner,26765637,C/UTIL,6200,MIN@CLS 02/23/2023 07:00PM ET,CLS,11.98
D,Charlie McAvoy (26766341),Charlie McAvoy,26766341,D/UTIL,6200,BOS@SEA 02/23/2023 10:00PM ET,BOS,10.83
LW,Chris Kreider (26765863),Chris Kreider,26765863,W/UTIL,6100,NYR@DET 02/23/2023 07:00PM ET,NYR,11.38
D,Jacob Trouba (26766343),Jacob Trouba,26766343,D/UTIL,6100,NYR@DET 02/23/2023 07:00PM ET,NYR,10.98
C,J.T. Miller (26765639),J.T. Miller,26765639,C/UTIL,6100,VAN@STL 02/23/2023 08:00PM ET,VAN,11.27
C,Anze Kopitar (26765641),Anze Kopitar,26765641,C/UTIL,6000,LA@NJ 02/23/2023 07:00PM ET,LA,10.96
LW,Johnny Gaudreau (26765865),Johnny Gaudreau,26765865,W/UTIL,6000,MIN@CLS 02/23/2023 07:00PM ET,CLS,10.51
D,Moritz Seider (26766345),Moritz Seider,26766345,D/UTIL,6000,NYR@DET 02/23/2023 07:00PM ET,DET,9.90
LW,Brandon Hagel (26765867),Brandon Hagel,26765867,W/UTIL,5900,BUF@TB 02/23/2023 07:00PM ET,TB,10.71
D,Kris Letang (26766347),Kris Letang,26766347,D/UTIL,5900,EDM@PIT 02/23/2023 07:00PM ET,PIT,10.29
C,Joel Eriksson Ek (26765643),Joel Eriksson Ek,26765643,C/UTIL,5900,MIN@CLS 02/23/2023 07:00PM ET,MIN,12.00
C,Evgeni Malkin (26765645),Evgeni Malkin,26765645,C/UTIL,5800,EDM@PIT 02/23/2023 07:00PM ET,PIT,12.09
RW,Rickard Rakell (26765869),Rickard Rakell,26765869,W/UTIL,5800,EDM@PIT 02/23/2023 07:00PM ET,PIT,11.31
D,Darnell Nurse (26766349),Darnell Nurse,26766349,D/UTIL,5800,EDM@PIT 02/23/2023 07:00PM ET,EDM,10.49
LW,Artemi Panarin (26765871),Artemi Panarin,26765871,W/UTIL,5800,NYR@DET 02/23/2023 07:00PM ET,NYR,11.83
C,Dylan Cozens (26765647),Dylan Cozens,26765647,C/UTIL,5700,BUF@TB 02/23/2023 07:00PM ET,BUF,10.83
D,Quinn Hughes (26766351),Quinn Hughes,26766351,D/UTIL,5700,VAN@STL 02/23/2023 08:00PM ET,VAN,9.79
RW,Tyler Toffoli (26765873),Tyler Toffoli,26765873,W/UTIL,5700,CGY@VGK 02/23/2023 09:00PM ET,CGY,11.50
RW,Jonathan Marchessault (26765875),Jonathan Marchessault,26765875,W/UTIL,5700,CGY@VGK 02/23/2023 09:00PM ET,VGK,10.60
D,Mikhail Sergachev (26766353),Mikhail Sergachev,26766353,D/UTIL,5600,BUF@TB 02/23/2023 07:00PM ET,TB,10.95
RW,Jesper Bratt (26765877),Jesper Bratt,26765877,W/UTIL,5600,LA@NJ 02/23/2023 07:00PM ET,NJ,10.96
RW,Troy Terry (26765879),Troy Terry,26765879,W/UTIL,5600,ANH@WAS 02/23/2023 07:00PM ET,ANH,10.44
C,Tomas Hertl (26765649),Tomas Hertl,26765649,C/UTIL,5600,NSH@SJ 02/23/2023 10:30PM ET,SJ,10.09
D,Drew Doughty (26766355),Drew Doughty,26766355,D/UTIL,5500,LA@NJ 02/23/2023 07:00PM ET,LA,8.96
RW,Matt Boldy (26765883),Matt Boldy,26765883,W/UTIL,5500,MIN@CLS 02/23/2023 07:00PM ET,MIN,10.31
C,Elias Lindholm (26765651),Elias Lindholm,26765651,C/UTIL,5500,CGY@VGK 02/23/2023 09:00PM ET,CGY,10.03
RW,Matt Duchene (26765881),Matt Duchene,26765881,W/UTIL,5500,NSH@SJ 02/23/2023 10:30PM ET,NSH,9.44
RW,Adrian Kempe (26765885),Adrian Kempe,26765885,W/UTIL,5400,LA@NJ 02/23/2023 07:00PM ET,LA,11.38
RW,Vladimir Tarasenko (26765887),Vladimir Tarasenko,26765887,W/UTIL,5400,NYR@DET 02/23/2023 07:00PM ET,NYR,9.90
D,Rasmus Andersson (26766357),Rasmus Andersson,26766357,D/UTIL,5400,CGY@VGK 02/23/2023 09:00PM ET,CGY,10.57
C,Logan Couture (26765653),Logan Couture,26765653,C/UTIL,5400,NSH@SJ 02/23/2023 10:30PM ET,SJ,10.80
RW,Viktor Arvidsson (26765891),Viktor Arvidsson,26765891,W/UTIL,5300,LA@NJ 02/23/2023 07:00PM ET,LA,10.12
C,Trevor Zegras (26765655),Trevor Zegras,26765655,C/UTIL,5300,ANH@WAS 02/23/2023 07:00PM ET,ANH,9.96
D,Justin Faulk (26766359),Justin Faulk,26766359,D/UTIL,5300,VAN@STL 02/23/2023 08:00PM ET,STL,9.75
RW,Mark Stone (26765889),Mark Stone,26765889,W/UTIL,5300,CGY@VGK 02/23/2023 09:00PM ET,VGK,11.13
LW,Frank Vatrano (26765895),Frank Vatrano,26765895,W/UTIL,5200,ANH@WAS 02/23/2023 07:00PM ET,ANH,9.91
C,Vincent Trocheck (26765657),Vincent Trocheck,26765657,C/UTIL,5200,NYR@DET 02/23/2023 07:00PM ET,NYR,10.66
RW,Pavel Buchnevich (26765893),Pavel Buchnevich,26765893,W/UTIL,5200,VAN@STL 02/23/2023 08:00PM ET,STL,9.93
D,Torey Krug (26766361),Torey Krug,26766361,D/UTIL,5200,VAN@STL 02/23/2023 08:00PM ET,STL,8.97
D,Tyson Barrie (26766363),Tyson Barrie,26766363,D/UTIL,5100,EDM@PIT 02/23/2023 07:00PM ET,EDM,8.57
LW,Adam Henrique (26765899),Adam Henrique,26765899,W/UTIL,5100,ANH@WAS 02/23/2023 07:00PM ET,ANH,8.62
C,Mikael Backlund (26765659),Mikael Backlund,26765659,C/UTIL,5100,CGY@VGK 02/23/2023 09:00PM ET,CGY,10.50
LW,Taylor Hall (26765897),Taylor Hall,26765897,W/UTIL,5100,BOS@SEA 02/23/2023 10:00PM ET,BOS,9.29
RW,Victor Olofsson (26765903),Victor Olofsson,26765903,W/UTIL,5000,BUF@TB 02/23/2023 07:00PM ET,BUF,8.4
RW,T.J. Oshie (26765901),T.J. Oshie,26765901,W/UTIL,5000,ANH@WAS 02/23/2023 07:00PM ET,WAS,8.00
D,Jared Spurgeon (26766365),Jared Spurgeon,26766365,D/UTIL,5000,MIN@CLS 02/23/2023 07:00PM ET,MIN,10.07
C,Filip Chytil (26765661),Filip Chytil,26765661,C/UTIL,5000,NYR@DET 02/23/2023 07:00PM ET,NYR,9.50
C,Evgeny Kuznetsov (26765663),Evgeny Kuznetsov,26765663,C/UTIL,4900,ANH@WAS 02/23/2023 07:00PM ET,WAS,8.75
LW,Andrei Kuzmenko (26765905),Andrei Kuzmenko,26765905,W/UTIL,4900,VAN@STL 02/23/2023 08:00PM ET,VAN,9.60
LW,Reilly Smith (26765907),Reilly Smith,26765907,W/UTIL,4900,CGY@VGK 02/23/2023 09:00PM ET,VGK,9.27
D,Hampus Lindholm (26766367),Hampus Lindholm,26766367,D/UTIL,4900,BOS@SEA 02/23/2023 10:00PM ET,BOS,9.20
RW,Bryan Rust (26765911),Bryan Rust,26765911,W/UTIL,4800,EDM@PIT 02/23/2023 07:00PM ET,PIT,9.00
D,Erik Gustafsson (26766369),Erik Gustafsson,26766369,D/UTIL,4800,ANH@WAS 02/23/2023 07:00PM ET,WAS,8.18
C,Brayden Schenn (26765665),Brayden Schenn,26765665,C/UTIL,4800,VAN@STL 02/23/2023 08:00PM ET,STL,8.20
D,Noah Hanifin (26766371),Noah Hanifin,26766371,D/UTIL,4800,CGY@VGK 02/23/2023 09:00PM ET,CGY,9.04
RW,Andre Burakovsky (26765909),Andre Burakovsky,26765909,W/UTIL,4800,BOS@SEA 02/23/2023 10:00PM ET,SEA,8.83
D,Sean Durzi (26766373),Sean Durzi,26766373,D/UTIL,4700,LA@NJ 02/23/2023 07:00PM ET,LA,8.78
C,Robert Thomas (26765667),Robert Thomas,26765667,C/UTIL,4700,VAN@STL 02/23/2023 08:00PM ET,STL,8.21
RW,Brock Boeser (26765913),Brock Boeser,26765913,W/UTIL,4700,VAN@STL 02/23/2023 08:00PM ET,VAN,9.05
LW,Jared McCann (26765915),Jared McCann,26765915,W/UTIL,4700,BOS@SEA 02/23/2023 10:00PM ET,SEA,9.43
D,Adam Larsson (26766375),Adam Larsson,26766375,D/UTIL,4700,BOS@SEA 02/23/2023 10:00PM ET,SEA,8.98
C,Phillip Danault (26765669),Phillip Danault,26765669,C/UTIL,4600,LA@NJ 02/23/2023 07:00PM ET,LA,8.72
D,Ryan Graves (26766377),Ryan Graves,26766377,D/UTIL,4600,LA@NJ 02/23/2023 07:00PM ET,NJ,8.58
D,Cam Fowler (26766379),Cam Fowler,26766379,D/UTIL,4600,ANH@WAS 02/23/2023 07:00PM ET,ANH,7.50
LW,Kirill Marchenko (26765917),Kirill Marchenko,26765917,W/UTIL,4600,MIN@CLS 02/23/2023 07:00PM ET,CLS,8.02
RW,Anthony Beauvillier (26765919),Anthony Beauvillier,26765919,W/UTIL,4600,VAN@STL 02/23/2023 08:00PM ET,VAN,7.46
LW,Anthony Cirelli (26765921),Anthony Cirelli,26765921,W/UTIL,4500,BUF@TB 02/23/2023 07:00PM ET,TB,8.57
LW,Jason Zucker (26765923),Jason Zucker,26765923,W/UTIL,4500,EDM@PIT 02/23/2023 07:00PM ET,PIT,8.61
D,Jeff Petry (26766383),Jeff Petry,26766383,D/UTIL,4500,EDM@PIT 02/23/2023 07:00PM ET,PIT,8.92
C,David Krejci (26765671),David Krejci,26765671,C/UTIL,4500,BOS@SEA 02/23/2023 10:00PM ET,BOS,8.75
D,Vince Dunn (26766381),Vince Dunn,26766381,D/UTIL,4500,BOS@SEA 02/23/2023 10:00PM ET,SEA,8.42
LW,Ondrej Palat (26765925),Ondrej Palat,26765925,W/UTIL,4400,LA@NJ 02/23/2023 07:00PM ET,NJ,7.86
C,Mason McTavish (26765673),Mason McTavish,26765673,C/UTIL,4400,ANH@WAS 02/23/2023 07:00PM ET,ANH,7.81
D,Dmitry Orlov (26766385),Dmitry Orlov,26766385,D/UTIL,4400,ANH@WAS 02/23/2023 07:00PM ET,WAS,7.85
D,K'Andre Miller (26766387),K'Andre Miller,26766387,D/UTIL,4400,NYR@DET 02/23/2023 07:00PM ET,NYR,7.45
LW,Nino Niederreiter (26765927),Nino Niederreiter,26765927,W/UTIL,4400,NSH@SJ 02/23/2023 10:30PM ET,NSH,7.73
D,Filip Hronek (26766391),Filip Hronek,26766391,D/UTIL,4300,NYR@DET 02/23/2023 07:00PM ET,DET,8.75
LW,Dillon Dube (26765929),Dillon Dube,26765929,W/UTIL,4300,CGY@VGK 02/23/2023 09:00PM ET,CGY,7.43
C,Matty Beniers (26765675),Matty Beniers,26765675,C/UTIL,4300,BOS@SEA 02/23/2023 10:00PM ET,SEA,8.87
RW,Jordan Eberle (26765931),Jordan Eberle,26765931,W/UTIL,4300,BOS@SEA 02/23/2023 10:00PM ET,SEA,8.72
D,Mattias Ekholm (26766389),Mattias Ekholm,26766389,D/UTIL,4300,NSH@SJ 02/23/2023 10:30PM ET,NSH,6.82
RW,Tom Wilson (26765933),Tom Wilson,26765933,W/UTIL,4200,ANH@WAS 02/23/2023 07:00PM ET,WAS,7.44
D,Trevor van Riemsdyk (26766393),Trevor van Riemsdyk,26766393,D/UTIL,4200,ANH@WAS 02/23/2023 07:00PM ET,WAS,7.23
D,Kevin Shattenkirk (26766395),Kevin Shattenkirk,26766395,D/UTIL,4200,ANH@WAS 02/23/2023 07:00PM ET,ANH,7.74
C,Ryan Hartman (26765677),Ryan Hartman,26765677,C/UTIL,4200,MIN@CLS 02/23/2023 07:00PM ET,MIN,8.65
RW,Oliver Bjorkstrand (26765935),Oliver Bjorkstrand,26765935,W/UTIL,4200,BOS@SEA 02/23/2023 10:00PM ET,SEA,8.15
LW,Trevor Moore (26765939),Trevor Moore,26765939,W/UTIL,4100,LA@NJ 02/23/2023 07:00PM ET,LA,8.31
C,Dylan Strome (26765679),Dylan Strome,26765679,C/UTIL,4100,ANH@WAS 02/23/2023 07:00PM ET,WAS,7.68
D,Jonas Brodin (26766399),Jonas Brodin,26766399,D/UTIL,4100,MIN@CLS 02/23/2023 07:00PM ET,MIN,7.42
D,Ben Chiarot (26766397),Ben Chiarot,26766397,D/UTIL,4100,NYR@DET 02/23/2023 07:00PM ET,DET,8.10
RW,Jonathan Huberdeau (26765937),Jonathan Huberdeau,26765937,W/UTIL,4100,CGY@VGK 02/23/2023 09:00PM ET,CGY,7.24
RW,Alex Iafallo (26765941),Alex Iafallo,26765941,W/UTIL,4000,LA@NJ 02/23/2023 07:00PM ET,LA,8.28
LW,Dominik Kubalik (26765943),Dominik Kubalik,26765943,W/UTIL,4000,NYR@DET 02/23/2023 07:00PM ET,DET,8.72
D,Colton Parayko (26766401),Colton Parayko,26766401,D/UTIL,4000,VAN@STL 02/23/2023 08:00PM ET,STL,7.86
C,Chandler Stephenson (26765681),Chandler Stephenson,26765681,C/UTIL,4000,CGY@VGK 02/23/2023 09:00PM ET,VGK,8.62
D,MacKenzie Weegar (26766403),MacKenzie Weegar,26766403,D/UTIL,4000,CGY@VGK 02/23/2023 09:00PM ET,CGY,6.86
RW,Alexander Barabanov (26765945),Alexander Barabanov,26765945,W/UTIL,4000,NSH@SJ 02/23/2023 10:30PM ET,SJ,7.82
D,Matt Roy (26766405),Matt Roy,26766405,D/UTIL,3900,LA@NJ 02/23/2023 07:00PM ET,LA,8.30
C,Nicklas Backstrom (26765683),Nicklas Backstrom,26765683,C/UTIL,3900,ANH@WAS 02/23/2023 07:00PM ET,WAS,6.89
LW,Tyler Bertuzzi (26765951),Tyler Bertuzzi,26765951,W/UTIL,3900,NYR@DET 02/23/2023 07:00PM ET,DET,7.17
D,Jake Walman (26766407),Jake Walman,26766407,D/UTIL,3900,NYR@DET 02/23/2023 07:00PM ET,DET,8.51
RW,Blake Coleman (26765947),Blake Coleman,26765947,W/UTIL,3900,CGY@VGK 02/23/2023 09:00PM ET,CGY,7.85
LW,Eeli Tolvanen (26765949),Eeli Tolvanen,26765949,W/UTIL,3900,BOS@SEA 02/23/2023 10:00PM ET,SEA,8.16
RW,Alex Killorn (26765957),Alex Killorn,26765957,W/UTIL,3800,BUF@TB 02/23/2023 07:00PM ET,TB,7.76
LW,Conor Sheary (26765953),Conor Sheary,26765953,W/UTIL,3800,ANH@WAS 02/23/2023 07:00PM ET,WAS,6.99
D,Nick Blankenburg (26766409),Nick Blankenburg,26766409,D/UTIL,3800,MIN@CLS 02/23/2023 07:00PM ET,CLS,7.38
RW,David Perron (26765959),David Perron,26765959,W/UTIL,3800,NYR@DET 02/23/2023 07:00PM ET,DET,8.66
LW,Andrew Mangiapane (26765955),Andrew Mangiapane,26765955,W/UTIL,3800,CGY@VGK 02/23/2023 09:00PM ET,CGY,7.73
C,Ryan Johansen (26765685),Ryan Johansen,26765685,C/UTIL,3800,NSH@SJ 02/23/2023 10:30PM ET,NSH,6.27
D,Ryan McDonagh (26766411),Ryan McDonagh,26766411,D/UTIL,3800,NSH@SJ 02/23/2023 10:30PM ET,NSH,6.74
RW,Dawson Mercer (26765965),Dawson Mercer,26765965,W/UTIL,3700,LA@NJ 02/23/2023 07:00PM ET,NJ,8.39
D,Evan Bouchard (26766417),Evan Bouchard,26766417,D/UTIL,3700,EDM@PIT 02/23/2023 07:00PM ET,EDM,6.53
D,Adam Boqvist (26766413),Adam Boqvist,26766413,D/UTIL,3700,MIN@CLS 02/23/2023 07:00PM ET,CLS,6.87
RW,Robby Fabbri (26765967),Robby Fabbri,26765967,W/UTIL,3700,NYR@DET 02/23/2023 07:00PM ET,DET,7.90
LW,Brandon Saad (26765961),Brandon Saad,26765961,W/UTIL,3700,VAN@STL 02/23/2023 08:00PM ET,STL,7.00
D,Alec Martinez (26766415),Alec Martinez,26766415,D/UTIL,3700,CGY@VGK 02/23/2023 09:00PM ET,VGK,8.06
C,Yanni Gourde (26765687),Yanni Gourde,26765687,C/UTIL,3700,BOS@SEA 02/23/2023 10:00PM ET,SEA,7.32
LW,Pavel Zacha (26765963),Pavel Zacha,26765963,W/UTIL,3700,BOS@SEA 02/23/2023 10:00PM ET,BOS,7.03
D,Owen Power (26766423),Owen Power,26766423,D/UTIL,3600,BUF@TB 02/23/2023 07:00PM ET,BUF,6.62
LW,Gabriel Vilardi (26765969),Gabriel Vilardi,26765969,W/UTIL,3600,LA@NJ 02/23/2023 07:00PM ET,LA,8.39
LW,Alexis Lafreniere (26765973),Alexis Lafreniere,26765973,W/UTIL,3600,NYR@DET 02/23/2023 07:00PM ET,NYR,6.32
RW,Lucas Raymond (26765975),Lucas Raymond,26765975,W/UTIL,3600,NYR@DET 02/23/2023 07:00PM ET,DET,7.71
D,Ryan Lindgren (26766421),Ryan Lindgren,26766421,D/UTIL,3600,NYR@DET 02/23/2023 07:00PM ET,NYR,6.17
D,Matt Grzelcyk (26766419),Matt Grzelcyk,26766419,D/UTIL,3600,BOS@SEA 02/23/2023 10:00PM ET,BOS,6.41
C,Tommy Novak (26765689),Tommy Novak,26765689,C/UTIL,3600,NSH@SJ 02/23/2023 10:30PM ET,NSH,8.06
LW,Mikael Granlund (26765971),Mikael Granlund,26765971,W/UTIL,3600,NSH@SJ 02/23/2023 10:30PM ET,NSH,6.06
RW,Arthur Kaliyev (26765979),Arthur Kaliyev,26765979,W/UTIL,3500,LA@NJ 02/23/2023 07:00PM ET,LA,7.41
D,Marcus Pettersson (26766429),Marcus Pettersson,26766429,D/UTIL,3500,EDM@PIT 02/23/2023 07:00PM ET,PIT,7.01
RW,Ryan Strome (26765977),Ryan Strome,26765977,W/UTIL,3500,ANH@WAS 02/23/2023 07:00PM ET,ANH,5.96
D,John Klingberg (26766427),John Klingberg,26766427,D/UTIL,3500,ANH@WAS 02/23/2023 07:00PM ET,ANH,7.25
RW,Jimmy Vesey (26765983),Jimmy Vesey,26765983,W/UTIL,3500,NYR@DET 02/23/2023 07:00PM ET,NYR,5.86
D,Oliver Ekman-Larsson (26766425),Oliver Ekman-Larsson,26766425,D/UTIL,3500,VAN@STL 02/23/2023 08:00PM ET,VAN,6.02
C,Charlie Coyle (26765691),Charlie Coyle,26765691,C/UTIL,3500,BOS@SEA 02/23/2023 10:00PM ET,BOS,7.22
LW,Jaden Schwartz (26765981),Jaden Schwartz,26765981,W/UTIL,3500,BOS@SEA 02/23/2023 10:00PM ET,SEA,7.76
LW,Anthony Mantha (26765987),Anthony Mantha,26765987,W/UTIL,3400,ANH@WAS 02/23/2023 07:00PM ET,WAS,6.24
D,Dmitry Kulikov (26766431),Dmitry Kulikov,26766431,D/UTIL,3400,ANH@WAS 02/23/2023 07:00PM ET,ANH,6.39
LW,Ivan Barbashev (26765985),Ivan Barbashev,26765985,W/UTIL,3400,VAN@STL 02/23/2023 08:00PM ET,STL,6.11
C,William Karlsson (26765693),William Karlsson,26765693,C/UTIL,3400,CGY@VGK 02/23/2023 09:00PM ET,VGK,7.92
LW,William Carrier (26765989),William Carrier,26765989,W/UTIL,3400,CGY@VGK 02/23/2023 09:00PM ET,VGK,7.21
D,Brayden McNabb (26766433),Brayden McNabb,26766433,D/UTIL,3400,CGY@VGK 02/23/2023 09:00PM ET,VGK,7.25
D,Justin Schultz (26766435),Justin Schultz,26766435,D/UTIL,3400,BOS@SEA 02/23/2023 10:00PM ET,SEA,7.04
RW,Kevin Labanc (26765991),Kevin Labanc,26765991,W/UTIL,3400,NSH@SJ 02/23/2023 10:30PM ET,SJ,6.71
C,Erik Haula (26765695),Erik Haula,26765695,C/UTIL,3300,LA@NJ 02/23/2023 07:00PM ET,NJ,7.04
LW,Tomas Tatar (26765995),Tomas Tatar,26765995,W/UTIL,3300,LA@NJ 02/23/2023 07:00PM ET,NJ,7.08
LW,Yegor Sharangovich (26765997),Yegor Sharangovich,26765997,W/UTIL,3300,LA@NJ 02/23/2023 07:00PM ET,NJ,6.73
D,Nick Jensen (26766443),Nick Jensen,26766443,D/UTIL,3300,ANH@WAS 02/23/2023 07:00PM ET,WAS,6.91
D,Erik Gudbranson (26766437),Erik Gudbranson,26766437,D/UTIL,3300,MIN@CLS 02/23/2023 07:00PM ET,CLS,6.37
D,Andrew Peeke (26766439),Andrew Peeke,26766439,D/UTIL,3300,MIN@CLS 02/23/2023 07:00PM ET,CLS,6.49
D,Vladislav Gavrikov (26766441),Vladislav Gavrikov,26766441,D/UTIL,3300,MIN@CLS 02/23/2023 07:00PM ET,CLS,5.94
RW,Kaapo Kakko (26765999),Kaapo Kakko,26765999,W/UTIL,3300,NYR@DET 02/23/2023 07:00PM ET,NYR,6.22
RW,Conor Garland (26765993),Conor Garland,26765993,W/UTIL,3300,VAN@STL 02/23/2023 08:00PM ET,VAN,7.27
C,Nick Bonino (26765697),Nick Bonino,26765697,C/UTIL,3300,NSH@SJ 02/23/2023 10:30PM ET,SJ,6.59
D,Mattias Samuelsson (26766449),Mattias Samuelsson,26766449,D/UTIL,3200,BUF@TB 02/23/2023 07:00PM ET,BUF,5.53
RW,Warren Foegele (26766007),Warren Foegele,26766007,W/UTIL,3200,EDM@PIT 02/23/2023 07:00PM ET,EDM,6.07
C,Jack Roslovic (26765699),Jack Roslovic,26765699,C/UTIL,3200,MIN@CLS 02/23/2023 07:00PM ET,CLS,6.46
LW,Kent Johnson (26766001),Kent Johnson,26766001,W/UTIL,3200,MIN@CLS 02/23/2023 07:00PM ET,CLS,6.03
LW,Justin Danforth (26766003),Justin Danforth,26766003,W/UTIL,3200,MIN@CLS 02/23/2023 07:00PM ET,CLS,6.88
D,Jake Bean (26766445),Jake Bean,26766445,D/UTIL,3200,MIN@CLS 02/23/2023 07:00PM ET,CLS,6.49
D,Jake Middleton (26766451),Jake Middleton,26766451,D/UTIL,3200,MIN@CLS 02/23/2023 07:00PM ET,MIN,5.69
D,Calen Addison (26766453),Calen Addison,26766453,D/UTIL,3200,MIN@CLS 02/23/2023 07:00PM ET,MIN,5.71
D,Luke Schenn (26766447),Luke Schenn,26766447,D/UTIL,3200,VAN@STL 02/23/2023 08:00PM ET,VAN,6.60
RW,Daniel Sprong (26766005),Daniel Sprong,26766005,W/UTIL,3200,BOS@SEA 02/23/2023 10:00PM ET,SEA,8.12
C,Cody Glass (26765701),Cody Glass,26765701,C/UTIL,3200,NSH@SJ 02/23/2023 10:30PM ET,NSH,5.87
C,Nicholas Paul (26765705),Nicholas Paul,26765705,C/UTIL,3100,BUF@TB 02/23/2023 07:00PM ET,TB,7.05
LW,Ross Colton (26766011),Ross Colton,26766011,W/UTIL,3100,BUF@TB 02/23/2023 07:00PM ET,TB,6.19
LW,Casey Mittelstadt (26766013),Casey Mittelstadt,26766013,W/UTIL,3100,BUF@TB 02/23/2023 07:00PM ET,BUF,6.38
RW,Kyle Okposo (26766015),Kyle Okposo,26766015,W/UTIL,3100,BUF@TB 02/23/2023 07:00PM ET,BUF,6.78
D,Damon Severson (26766459),Damon Severson,26766459,D/UTIL,3100,LA@NJ 02/23/2023 07:00PM ET,NJ,6.29
RW,Marcus Johansson (26766009),Marcus Johansson,26766009,W/UTIL,3100,ANH@WAS 02/23/2023 07:00PM ET,WAS,6.00
D,Matt Dumba (26766461),Matt Dumba,26766461,D/UTIL,3100,MIN@CLS 02/23/2023 07:00PM ET,MIN,5.78
D,Alex Goligoski (26766463),Alex Goligoski,26766463,D/UTIL,3100,MIN@CLS 02/23/2023 07:00PM ET,MIN,5.24
D,Ethan Bear (26766457),Ethan Bear,26766457,D/UTIL,3100,VAN@STL 02/23/2023 08:00PM ET,VAN,6.17
C,Alex Wennberg (26765703),Alex Wennberg,26765703,C/UTIL,3100,BOS@SEA 02/23/2023 10:00PM ET,SEA,6.11
D,Connor Clifton (26766455),Connor Clifton,26766455,D/UTIL,3100,BOS@SEA 02/23/2023 10:00PM ET,BOS,5.92
D,Ian Cole (26766473),Ian Cole,26766473,D/UTIL,3000,BUF@TB 02/23/2023 07:00PM ET,TB,6.24
D,Henri Jokiharju (26766479),Henri Jokiharju,26766479,D/UTIL,3000,BUF@TB 02/23/2023 07:00PM ET,BUF,5.16
LW,Quinton Byfield (26766023),Quinton Byfield,26766023,W/UTIL,3000,LA@NJ 02/23/2023 07:00PM ET,LA,4.87
C,Jeff Carter (26765709),Jeff Carter,26765709,C/UTIL,3000,EDM@PIT 02/23/2023 07:00PM ET,PIT,6.31
D,Brian Dumoulin (26766475),Brian Dumoulin,26766475,D/UTIL,3000,EDM@PIT 02/23/2023 07:00PM ET,PIT,5.37
LW,Derek Grant (26766021),Derek Grant,26766021,W/UTIL,3000,ANH@WAS 02/23/2023 07:00PM ET,ANH,4.84
D,Martin Fehervary (26766471),Martin Fehervary,26766471,D/UTIL,3000,ANH@WAS 02/23/2023 07:00PM ET,WAS,6.31
RW,Yegor Chinakhov (26766017),Yegor Chinakhov,26766017,W/UTIL,3000,MIN@CLS 02/23/2023 07:00PM ET,CLS,5.77
D,Braden Schneider (26766477),Braden Schneider,26766477,D/UTIL,3000,NYR@DET 02/23/2023 07:00PM ET,NYR,5.81
LW,Phillip Di Giuseppe (26766019),Phillip Di Giuseppe,26766019,W/UTIL,3000,VAN@STL 02/23/2023 08:00PM ET,VAN,7.69
D,Nick Leddy (26766465),Nick Leddy,26766465,D/UTIL,3000,VAN@STL 02/23/2023 08:00PM ET,STL,5.24
D,Tyler Myers (26766469),Tyler Myers,26766469,D/UTIL,3000,VAN@STL 02/23/2023 08:00PM ET,VAN,5.70
C,Trent Frederic (26765707),Trent Frederic,26765707,C/UTIL,3000,BOS@SEA 02/23/2023 10:00PM ET,BOS,6.01
D,Brandon Carlo (26766467),Brandon Carlo,26766467,D/UTIL,3000,BOS@SEA 02/23/2023 10:00PM ET,BOS,5.91
LW,Michael Eyssimont (26766025),Michael Eyssimont,26766025,W/UTIL,3000,NSH@SJ 02/23/2023 10:30PM ET,SJ,6.27
RW,Jack Quinn (26766037),Jack Quinn,26766037,W/UTIL,2900,BUF@TB 02/23/2023 07:00PM ET,BUF,5.89
D,Mikey Anderson (26766487),Mikey Anderson,26766487,D/UTIL,2900,LA@NJ 02/23/2023 07:00PM ET,LA,5.68
D,Cody Ceci (26766489),Cody Ceci,26766489,D/UTIL,2900,EDM@PIT 02/23/2023 07:00PM ET,EDM,5.02
C,Frederick Gaudreau (26765713),Frederick Gaudreau,26765713,C/UTIL,2900,MIN@CLS 02/23/2023 07:00PM ET,MIN,6.48
RW,Jakub Voracek (26766027),Jakub Voracek,26766027,W/UTIL,2900,MIN@CLS 02/23/2023 07:00PM ET,CLS,6.19
D,Gavin Bayreuther (26766481),Gavin Bayreuther,26766481,D/UTIL,2900,MIN@CLS 02/23/2023 07:00PM ET,CLS,6.20
C,Andrew Copp (26765711),Andrew Copp,26765711,C/UTIL,2900,NYR@DET 02/23/2023 07:00PM ET,DET,5.80
LW,Michael Rasmussen (26766033),Michael Rasmussen,26766033,W/UTIL,2900,NYR@DET 02/23/2023 07:00PM ET,DET,7.05
LW,Jakub Vrana (26766035),Jakub Vrana,26766035,W/UTIL,2900,NYR@DET 02/23/2023 07:00PM ET,DET,8.43
LW,Paul Cotter (26766029),Paul Cotter,26766029,W/UTIL,2900,CGY@VGK 02/23/2023 09:00PM ET,VGK,5.68
D,Chris Tanev (26766485),Chris Tanev,26766485,D/UTIL,2900,CGY@VGK 02/23/2023 09:00PM ET,CGY,6.45
D,Derek Forbort (26766483),Derek Forbort,26766483,D/UTIL,2900,BOS@SEA 02/23/2023 10:00PM ET,BOS,5.82
RW,Philip Tomasino (26766031),Philip Tomasino,26766031,W/UTIL,2900,NSH@SJ 02/23/2023 10:30PM ET,NSH,5.96
D,Scott Harrington (26766491),Scott Harrington,26766491,D/UTIL,2900,NSH@SJ 02/23/2023 10:30PM ET,SJ,5.55
D,Matt Benning (26766493),Matt Benning,26766493,D/UTIL,2900,NSH@SJ 02/23/2023 10:30PM ET,SJ,5.85
D,Erik Cernak (26766501),Erik Cernak,26766501,D/UTIL,2800,BUF@TB 02/23/2023 07:00PM ET,TB,5.32
D,Jonas Siegenthaler (26766497),Jonas Siegenthaler,26766497,D/UTIL,2800,LA@NJ 02/23/2023 07:00PM ET,NJ,6.40
RW,Kasperi Kapanen (26766047),Kasperi Kapanen,26766047,W/UTIL,2800,EDM@PIT 02/23/2023 07:00PM ET,PIT,6.01
D,Brett Kulak (26766503),Brett Kulak,26766503,D/UTIL,2800,EDM@PIT 02/23/2023 07:00PM ET,EDM,5.99
C,Nic Dowd (26765715),Nic Dowd,26765715,C/UTIL,2800,ANH@WAS 02/23/2023 07:00PM ET,WAS,5.92
D,Calle Rosen (26766495),Calle Rosen,26766495,D/UTIL,2800,VAN@STL 02/23/2023 08:00PM ET,STL,6.13
C,Nicolas Roy (26765717),Nicolas Roy,26765717,C/UTIL,2800,CGY@VGK 02/23/2023 09:00PM ET,VGK,6.21
RW,Michael Amadio (26766041),Michael Amadio,26766041,W/UTIL,2800,CGY@VGK 02/23/2023 09:00PM ET,VGK,5.49
RW,Phil Kessel (26766043),Phil Kessel,26766043,W/UTIL,2800,CGY@VGK 02/23/2023 09:00PM ET,VGK,6.2
RW,Nick Foligno (26766039),Nick Foligno,26766039,W/UTIL,2800,BOS@SEA 02/23/2023 10:00PM ET,BOS,5.38
RW,Brandon Tanev (26766045),Brandon Tanev,26766045,W/UTIL,2800,BOS@SEA 02/23/2023 10:00PM ET,SEA,6.82
D,Jamie Oleksiak (26766499),Jamie Oleksiak,26766499,D/UTIL,2800,BOS@SEA 02/23/2023 10:00PM ET,SEA,6.03
C,Nico Sturm (26765719),Nico Sturm,26765719,C/UTIL,2800,NSH@SJ 02/23/2023 10:30PM ET,SJ,6.03
RW,Tanner Jeannot (26766049),Tanner Jeannot,26766049,W/UTIL,2800,NSH@SJ 02/23/2023 10:30PM ET,NSH,5.68
D,Dante Fabbro (26766505),Dante Fabbro,26766505,D/UTIL,2800,NSH@SJ 02/23/2023 10:30PM ET,NSH,5.35
D,Alexandre Carrier (26766507),Alexandre Carrier,26766507,D/UTIL,2800,NSH@SJ 02/23/2023 10:30PM ET,NSH,5.39
C,Peyton Krebs (26765725),Peyton Krebs,26765725,C/UTIL,2700,BUF@TB 02/23/2023 07:00PM ET,BUF,4.23
RW,Corey Perry (26766055),Corey Perry,26766055,W/UTIL,2700,BUF@TB 02/23/2023 07:00PM ET,TB,5.86
D,Nick Perbix (26766519),Nick Perbix,26766519,D/UTIL,2700,BUF@TB 02/23/2023 07:00PM ET,TB,6.70
D,Sean Walker (26766515),Sean Walker,26766515,D/UTIL,2700,LA@NJ 02/23/2023 07:00PM ET,LA,5.92
C,Ryan McLeod (26765723),Ryan McLeod,26765723,C/UTIL,2700,EDM@PIT 02/23/2023 07:00PM ET,EDM,5.49
RW,Kailer Yamamoto (26766057),Kailer Yamamoto,26766057,W/UTIL,2700,EDM@PIT 02/23/2023 07:00PM ET,EDM,4.76
LW,Sonny Milano (26766051),Sonny Milano,26766051,W/UTIL,2700,ANH@WAS 02/23/2023 07:00PM ET,WAS,5.65
RW,Jakob Silfverberg (26766053),Jakob Silfverberg,26766053,W/UTIL,2700,ANH@WAS 02/23/2023 07:00PM ET,ANH,5.46
D,Simon Benoit (26766509),Simon Benoit,26766509,D/UTIL,2700,ANH@WAS 02/23/2023 07:00PM ET,ANH,5.42
C,Cole Sillinger (26765721),Cole Sillinger,26765721,C/UTIL,2700,MIN@CLS 02/23/2023 07:00PM ET,CLS,3.98
D,Olli Maatta (26766521),Olli Maatta,26766521,D/UTIL,2700,NYR@DET 02/23/2023 07:00PM ET,DET,5.99
D,Michael Stone (26766511),Michael Stone,26766511,D/UTIL,2700,CGY@VGK 02/23/2023 09:00PM ET,CGY,6.61
D,Daniil Miromanov (26766513),Daniil Miromanov,26766513,D/UTIL,2700,CGY@VGK 02/23/2023 09:00PM ET,VGK,6.42
D,Will Borgen (26766517),Will Borgen,26766517,D/UTIL,2700,BOS@SEA 02/23/2023 10:00PM ET,SEA,4.53
RW,Juuso Parssinen (26766059),Juuso Parssinen,26766059,W/UTIL,2700,NSH@SJ 02/23/2023 10:30PM ET,NSH,5.50
LW,Noah Gregor (26766061),Noah Gregor,26766061,W/UTIL,2700,NSH@SJ 02/23/2023 10:30PM ET,SJ,5.87
LW,JJ Peterka (26766077),JJ Peterka,26766077,W/UTIL,2600,BUF@TB 02/23/2023 07:00PM ET,BUF,4.84
D,Zach Bogosian (26766531),Zach Bogosian,26766531,D/UTIL,2600,BUF@TB 02/23/2023 07:00PM ET,TB,4.09
RW,Fabian Zetterlund (26766067),Fabian Zetterlund,26766067,W/UTIL,2600,LA@NJ 02/23/2023 07:00PM ET,NJ,6.01
LW,Miles Wood (26766069),Miles Wood,26766069,W/UTIL,2600,LA@NJ 02/23/2023 07:00PM ET,NJ,6.52
D,Pierre-Olivier Joseph (26766533),Pierre-Olivier Joseph,26766533,D/UTIL,2600,EDM@PIT 02/23/2023 07:00PM ET,PIT,4.96
RW,Max Jones (26766071),Max Jones,26766071,W/UTIL,2600,ANH@WAS 02/23/2023 07:00PM ET,ANH,3.69
D,Nathan Beaulieu (26766527),Nathan Beaulieu,26766527,D/UTIL,2600,ANH@WAS 02/23/2023 07:00PM ET,ANH,4.70
C,Sean Kuraly (26765727),Sean Kuraly,26765727,C/UTIL,2600,MIN@CLS 02/23/2023 07:00PM ET,CLS,5.39
C,Sam Steel (26765733),Sam Steel,26765733,C/UTIL,2600,MIN@CLS 02/23/2023 07:00PM ET,MIN,4.90
RW,Lane Pederson (26766063),Lane Pederson,26766063,W/UTIL,2600,MIN@CLS 02/23/2023 07:00PM ET,CLS,4.07
D,Tim Berni (26766523),Tim Berni,26766523,D/UTIL,2600,MIN@CLS 02/23/2023 07:00PM ET,CLS,3.66
RW,Jonatan Berggren (26766075),Jonatan Berggren,26766075,W/UTIL,2600,NYR@DET 02/23/2023 07:00PM ET,DET,6.10
LW,Sammy Blais (26766065),Sammy Blais,26766065,W/UTIL,2600,VAN@STL 02/23/2023 08:00PM ET,STL,2.91
D,Kyle Burroughs (26766525),Kyle Burroughs,26766525,D/UTIL,2600,VAN@STL 02/23/2023 08:00PM ET,VAN,5.54
C,Adam Ruzicka (26765729),Adam Ruzicka,26765729,C/UTIL,2600,CGY@VGK 02/23/2023 09:00PM ET,CGY,5.45
LW,Jakob Pelletier (26766073),Jakob Pelletier,26766073,W/UTIL,2600,CGY@VGK 02/23/2023 09:00PM ET,CGY,5.54
D,Nikita Zadorov (26766529),Nikita Zadorov,26766529,D/UTIL,2600,CGY@VGK 02/23/2023 09:00PM ET,CGY,5.52
C,Colton Sissons (26765731),Colton Sissons,26765731,C/UTIL,2600,NSH@SJ 02/23/2023 10:30PM ET,NSH,5.06
D,Jeremy Lauzon (26766535),Jeremy Lauzon,26766535,D/UTIL,2600,NSH@SJ 02/23/2023 10:30PM ET,NSH,4.75
D,Mario Ferraro (26766537),Mario Ferraro,26766537,D/UTIL,2600,NSH@SJ 02/23/2023 10:30PM ET,SJ,5.29
C,Pierre-Edouard Bellemare (26765789),Pierre-Edouard Bellemare,26765789,C/UTIL,2500,BUF@TB 02/23/2023 07:00PM ET,TB,3.31
C,Tyson Jost (26765813),Tyson Jost,26765813,C/UTIL,2500,BUF@TB 02/23/2023 07:00PM ET,BUF,4.99
RW,Pat Maroon (26766217),Pat Maroon,26766217,W/UTIL,2500,BUF@TB 02/23/2023 07:00PM ET,TB,2.52
LW,Vladislav Namestnikov (26766219),Vladislav Namestnikov,26766219,W/UTIL,2500,BUF@TB 02/23/2023 07:00PM ET,TB,4.26
LW,Rudolfs Balcers (26766221),Rudolfs Balcers,26766221,W/UTIL,2500,BUF@TB 02/23/2023 07:00PM ET,TB,4.51
LW,Cole Koepke (26766223),Cole Koepke,26766223,W/UTIL,2500,BUF@TB 02/23/2023 07:00PM ET,TB,1.94
LW,Zemgus Girgensons (26766283),Zemgus Girgensons,26766283,W/UTIL,2500,BUF@TB 02/23/2023 07:00PM ET,BUF,4.21
LW,Rasmus Asplund (26766285),Rasmus Asplund,26766285,W/UTIL,2500,BUF@TB 02/23/2023 07:00PM ET,BUF,4.03
LW,Riley Sheahan (26766287),Riley Sheahan,26766287,W/UTIL,2500,BUF@TB 02/23/2023 07:00PM ET,BUF,0.65
RW,Vinnie Hinostroza (26766289),Vinnie Hinostroza,26766289,W/UTIL,2500,BUF@TB 02/23/2023 07:00PM ET,BUF,4.53
LW,Anders Bjork (26766291),Anders Bjork,26766291,W/UTIL,2500,BUF@TB 02/23/2023 07:00PM ET,BUF,1.5
D,Cal Foote (26766643),Cal Foote,26766643,D/UTIL,2500,BUF@TB 02/23/2023 07:00PM ET,TB,3.1
D,Haydn Fleury (26766645),Haydn Fleury,26766645,D/UTIL,2500,BUF@TB 02/23/2023 07:00PM ET,TB,3.11
D,Brent Seabrook (26766647),Brent Seabrook,26766647,D/UTIL,2500,BUF@TB 02/23/2023 07:00PM ET,TB,0
D,Philippe Myers (26766649),Philippe Myers,26766649,D/UTIL,2500,BUF@TB 02/23/2023 07:00PM ET,TB,5.53
D,Ilya Lyubushkin (26766697),Ilya Lyubushkin,26766697,D/UTIL,2500,BUF@TB 02/23/2023 07:00PM ET,BUF,3.91
D,Jacob Bryson (26766699),Jacob Bryson,26766699,D/UTIL,2500,BUF@TB 02/23/2023 07:00PM ET,BUF,3.83
D,Kale Clague (26766701),Kale Clague,26766701,D/UTIL,2500,BUF@TB 02/23/2023 07:00PM ET,BUF,2.96
D,Jeremy Davies (26766703),Jeremy Davies,26766703,D/UTIL,2500,BUF@TB 02/23/2023 07:00PM ET,BUF,2.8
D,Lawrence Pilut (26766705),Lawrence Pilut,26766705,D/UTIL,2500,BUF@TB 02/23/2023 07:00PM ET,BUF,3.72
C,Michael McLeod (26765757),Michael McLeod,26765757,C/UTIL,2500,LA@NJ 02/23/2023 07:00PM ET,NJ,4.85
C,Blake Lizotte (26765773),Blake Lizotte,26765773,C/UTIL,2500,LA@NJ 02/23/2023 07:00PM ET,LA,5.62
C,Rasmus Kupari (26765775),Rasmus Kupari,26765775,C/UTIL,2500,LA@NJ 02/23/2023 07:00PM ET,LA,3.23
C,Jaret Anderson-Dolan (26765777),Jaret Anderson-Dolan,26765777,C/UTIL,2500,LA@NJ 02/23/2023 07:00PM ET,LA,4.93
C,Lias Andersson (26765779),Lias Andersson,26765779,C/UTIL,2500,LA@NJ 02/23/2023 07:00PM ET,LA,1.5
C,Tyler Madden (26765781),Tyler Madden,26765781,C/UTIL,2500,LA@NJ 02/23/2023 07:00PM ET,LA,0
C,Alex Turcotte (26765783),Alex Turcotte,26765783,C/UTIL,2500,LA@NJ 02/23/2023 07:00PM ET,LA,0.75
RW,Jesper Boqvist (26766161),Jesper Boqvist,26766161,W/UTIL,2500,LA@NJ 02/23/2023 07:00PM ET,NJ,3.23
RW,Nathan Bastian (26766163),Nathan Bastian,26766163,W/UTIL,2500,LA@NJ 02/23/2023 07:00PM ET,NJ,5.26
LW,Andreas Johnsson (26766165),Andreas Johnsson,26766165,W/UTIL,2500,LA@NJ 02/23/2023 07:00PM ET,NJ,0.75
RW,Tyce Thompson (26766167),Tyce Thompson,26766167,W/UTIL,2500,LA@NJ 02/23/2023 07:00PM ET,NJ,2.05
LW,Nolan Foote (26766169),Nolan Foote,26766169,W/UTIL,2500,LA@NJ 02/23/2023 07:00PM ET,NJ,0.93
RW,Alexander Holtz (26766171),Alexander Holtz,26766171,W/UTIL,2500,LA@NJ 02/23/2023 07:00PM ET,NJ,3.54
LW,Brendan Lemieux (26766203),Brendan Lemieux,26766203,W/UTIL,2500,LA@NJ 02/23/2023 07:00PM ET,LA,2.27
LW,Carl Grundstrom (26766205),Carl Grundstrom,26766205,W/UTIL,2500,LA@NJ 02/23/2023 07:00PM ET,LA,4.38
RW,Samuel Fagemo (26766207),Samuel Fagemo,26766207,W/UTIL,2500,LA@NJ 02/23/2023 07:00PM ET,LA,4.48
D,Brendan Smith (26766583),Brendan Smith,26766583,D/UTIL,2500,LA@NJ 02/23/2023 07:00PM ET,NJ,3.98
D,John Marino (26766585),John Marino,26766585,D/UTIL,2500,LA@NJ 02/23/2023 07:00PM ET,NJ,5.74
D,Kevin Bahl (26766587),Kevin Bahl,26766587,D/UTIL,2500,LA@NJ 02/23/2023 07:00PM ET,NJ,3.27
D,Nikita Okhotiuk (26766589),Nikita Okhotiuk,26766589,D/UTIL,2500,LA@NJ 02/23/2023 07:00PM ET,NJ,2.92
D,Tyler Wotherspoon (26766591),Tyler Wotherspoon,26766591,D/UTIL,2500,LA@NJ 02/23/2023 07:00PM ET,NJ,0
D,Alexander Edler (26766625),Alexander Edler,26766625,D/UTIL,2500,LA@NJ 02/23/2023 07:00PM ET,LA,5.19
D,Tobias Bjornfot (26766627),Tobias Bjornfot,26766627,D/UTIL,2500,LA@NJ 02/23/2023 07:00PM ET,LA,3.79
D,Jacob Moverare (26766629),Jacob Moverare,26766629,D/UTIL,2500,LA@NJ 02/23/2023 07:00PM ET,LA,10.1
D,Brandt Clarke (26766631),Brandt Clarke,26766631,D/UTIL,2500,LA@NJ 02/23/2023 07:00PM ET,LA,5.3
D,Jordan Spence (26766633),Jordan Spence,26766633,D/UTIL,2500,LA@NJ 02/23/2023 07:00PM ET,LA,3.3
C,Derek Ryan (26765791),Derek Ryan,26765791,C/UTIL,2500,EDM@PIT 02/23/2023 07:00PM ET,EDM,4.64
C,Klim Kostin (26765793),Klim Kostin,26765793,C/UTIL,2500,EDM@PIT 02/23/2023 07:00PM ET,EDM,4.78
C,Brad Malone (26765795),Brad Malone,26765795,C/UTIL,2500,EDM@PIT 02/23/2023 07:00PM ET,EDM,1.57
C,Teddy Blueger (26765797),Teddy Blueger,26765797,C/UTIL,2500,EDM@PIT 02/23/2023 07:00PM ET,PIT,4.52
C,Jonathan Gruden (26765799),Jonathan Gruden,26765799,C/UTIL,2500,EDM@PIT 02/23/2023 07:00PM ET,PIT,0.43
C,Filip Hallander (26765801),Filip Hallander,26765801,C/UTIL,2500,EDM@PIT 02/23/2023 07:00PM ET,PIT,3.45
LW,Mattias Janmark (26766225),Mattias Janmark,26766225,W/UTIL,2500,EDM@PIT 02/23/2023 07:00PM ET,EDM,5.01
RW,Jesse Puljujarvi (26766227),Jesse Puljujarvi,26766227,W/UTIL,2500,EDM@PIT 02/23/2023 07:00PM ET,EDM,4.34
LW,Devin Shore (26766229),Devin Shore,26766229,W/UTIL,2500,EDM@PIT 02/23/2023 07:00PM ET,EDM,2.27
LW,Tyler Benson (26766231),Tyler Benson,26766231,W/UTIL,2500,EDM@PIT 02/23/2023 07:00PM ET,EDM,0
LW,James Hamblin (26766233),James Hamblin,26766233,W/UTIL,2500,EDM@PIT 02/23/2023 07:00PM ET,EDM,1.93
LW,Dylan Holloway (26766235),Dylan Holloway,26766235,W/UTIL,2500,EDM@PIT 02/23/2023 07:00PM ET,EDM,2.85
LW,Brock McGinn (26766237),Brock McGinn,26766237,W/UTIL,2500,EDM@PIT 02/23/2023 07:00PM ET,PIT,4.94
LW,Drew O'Connor (26766239),Drew O'Connor,26766239,W/UTIL,2500,EDM@PIT 02/23/2023 07:00PM ET,PIT,4.00
RW,Josh Archibald (26766241),Josh Archibald,26766241,W/UTIL,2500,EDM@PIT 02/23/2023 07:00PM ET,PIT,3.76
LW,Ryan Poehling (26766243),Ryan Poehling,26766243,W/UTIL,2500,EDM@PIT 02/23/2023 07:00PM ET,PIT,4.81
RW,Danton Heinen (26766245),Danton Heinen,26766245,W/UTIL,2500,EDM@PIT 02/23/2023 07:00PM ET,PIT,4.91
LW,Drake Caggiula (26766247),Drake Caggiula,26766247,W/UTIL,2500,EDM@PIT 02/23/2023 07:00PM ET,PIT,1.43
LW,Sam Poulin (26766249),Sam Poulin,26766249,W/UTIL,2500,EDM@PIT 02/23/2023 07:00PM ET,PIT,3.1
D,Vincent Desharnais (26766651),Vincent Desharnais,26766651,D/UTIL,2500,EDM@PIT 02/23/2023 07:00PM ET,EDM,3.76
D,Philip Broberg (26766653),Philip Broberg,26766653,D/UTIL,2500,EDM@PIT 02/23/2023 07:00PM ET,EDM,3.49
D,Oscar Klefbom (26766655),Oscar Klefbom,26766655,D/UTIL,2500,EDM@PIT 02/23/2023 07:00PM ET,EDM,0
D,Ryan Murray (26766657),Ryan Murray,26766657,D/UTIL,2500,EDM@PIT 02/23/2023 07:00PM ET,EDM,3.28
D,Markus Niemelainen (26766659),Markus Niemelainen,26766659,D/UTIL,2500,EDM@PIT 02/23/2023 07:00PM ET,EDM,2.08
D,Chad Ruhwedel (26766661),Chad Ruhwedel,26766661,D/UTIL,2500,EDM@PIT 02/23/2023 07:00PM ET,PIT,3.32
D,Jan Rutta (26766663),Jan Rutta,26766663,D/UTIL,2500,EDM@PIT 02/23/2023 07:00PM ET,PIT,5.13
D,Mark Friedman (26766665),Mark Friedman,26766665,D/UTIL,2500,EDM@PIT 02/23/2023 07:00PM ET,PIT,4.54
D,Taylor Fedun (26766667),Taylor Fedun,26766667,D/UTIL,2500,EDM@PIT 02/23/2023 07:00PM ET,PIT,0
D,Ty Smith (26766669),Ty Smith,26766669,D/UTIL,2500,EDM@PIT 02/23/2023 07:00PM ET,PIT,8.02
C,Isac Lundestrom (26765759),Isac Lundestrom,26765759,C/UTIL,2500,ANH@WAS 02/23/2023 07:00PM ET,ANH,4.20
C,Jayson Megna (26765761),Jayson Megna,26765761,C/UTIL,2500,ANH@WAS 02/23/2023 07:00PM ET,ANH,2.11
C,Glenn Gawdin (26765763),Glenn Gawdin,26765763,C/UTIL,2500,ANH@WAS 02/23/2023 07:00PM ET,ANH,2.8
RW,Garnet Hathaway (26766141),Garnet Hathaway,26766141,W/UTIL,2500,ANH@WAS 02/23/2023 07:00PM ET,WAS,5.56
LW,Lars Eller (26766143),Lars Eller,26766143,W/UTIL,2500,ANH@WAS 02/23/2023 07:00PM ET,WAS,5.20
RW,Connor Brown (26766145),Connor Brown,26766145,W/UTIL,2500,ANH@WAS 02/23/2023 07:00PM ET,WAS,1.08
LW,Nicolas Aube-Kubel (26766147),Nicolas Aube-Kubel,26766147,W/UTIL,2500,ANH@WAS 02/23/2023 07:00PM ET,WAS,3.64
LW,Carl Hagelin (26766149),Carl Hagelin,26766149,W/UTIL,2500,ANH@WAS 02/23/2023 07:00PM ET,WAS,0
LW,Joe Snively (26766151),Joe Snively,26766151,W/UTIL,2500,ANH@WAS 02/23/2023 07:00PM ET,WAS,5.4
LW,Connor McMichael (26766153),Connor McMichael,26766153,W/UTIL,2500,ANH@WAS 02/23/2023 07:00PM ET,WAS,1.65
RW,Kody Clark (26766155),Kody Clark,26766155,W/UTIL,2500,ANH@WAS 02/23/2023 07:00PM ET,WAS,0
LW,Aliaksei Protas (26766157),Aliaksei Protas,26766157,W/UTIL,2500,ANH@WAS 02/23/2023 07:00PM ET,WAS,3.60
LW,Beck Malenstyn (26766159),Beck Malenstyn,26766159,W/UTIL,2500,ANH@WAS 02/23/2023 07:00PM ET,WAS,4.42
RW,Sam Carrick (26766173),Sam Carrick,26766173,W/UTIL,2500,ANH@WAS 02/23/2023 07:00PM ET,ANH,3.14
LW,Max Comtois (26766175),Max Comtois,26766175,W/UTIL,2500,ANH@WAS 02/23/2023 07:00PM ET,ANH,4.33
LW,Brett Leason (26766177),Brett Leason,26766177,W/UTIL,2500,ANH@WAS 02/23/2023 07:00PM ET,ANH,2.79
LW,Justin Kirkland (26766179),Justin Kirkland,26766179,W/UTIL,2500,ANH@WAS 02/23/2023 07:00PM ET,ANH,1.63
LW,Pavol Regenda (26766181),Pavol Regenda,26766181,W/UTIL,2500,ANH@WAS 02/23/2023 07:00PM ET,ANH,4.78
D,Dylan McIlrath (26766575),Dylan McIlrath,26766575,D/UTIL,2500,ANH@WAS 02/23/2023 07:00PM ET,WAS,1.3
D,Matt Irwin (26766577),Matt Irwin,26766577,D/UTIL,2500,ANH@WAS 02/23/2023 07:00PM ET,WAS,3.95
D,Alexander Alexeyev (26766579),Alexander Alexeyev,26766579,D/UTIL,2500,ANH@WAS 02/23/2023 07:00PM ET,WAS,4.3
D,Lucas Johansen (26766581),Lucas Johansen,26766581,D/UTIL,2500,ANH@WAS 02/23/2023 07:00PM ET,WAS,4.2
D,Colton White (26766593),Colton White,26766593,D/UTIL,2500,ANH@WAS 02/23/2023 07:00PM ET,ANH,3.03
D,Urho Vaakanainen (26766595),Urho Vaakanainen,26766595,D/UTIL,2500,ANH@WAS 02/23/2023 07:00PM ET,ANH,4.3
D,John Moore (26766597),John Moore,26766597,D/UTIL,2500,ANH@WAS 02/23/2023 07:00PM ET,ANH,0
D,Jamie Drysdale (26766599),Jamie Drysdale,26766599,D/UTIL,2500,ANH@WAS 02/23/2023 07:00PM ET,ANH,2.48
D,Drew Helleson (26766601),Drew Helleson,26766601,D/UTIL,2500,ANH@WAS 02/23/2023 07:00PM ET,ANH,0
D,Austin Strand (26766603),Austin Strand,26766603,D/UTIL,2500,ANH@WAS 02/23/2023 07:00PM ET,ANH,2.54
C,Carson Meyer (26765735),Carson Meyer,26765735,C/UTIL,2500,MIN@CLS 02/23/2023 07:00PM ET,CLS,2.45
C,Josh Dunne (26765737),Josh Dunne,26765737,C/UTIL,2500,MIN@CLS 02/23/2023 07:00PM ET,CLS,0
C,Brendan Gaunce (26765739),Brendan Gaunce,26765739,C/UTIL,2500,MIN@CLS 02/23/2023 07:00PM ET,CLS,4.22
C,Connor Dewar (26765819),Connor Dewar,26765819,C/UTIL,2500,MIN@CLS 02/23/2023 07:00PM ET,MIN,3.91
C,Marco Rossi (26765821),Marco Rossi,26765821,C/UTIL,2500,MIN@CLS 02/23/2023 07:00PM ET,MIN,1.91
C,Sammy Walker (26765823),Sammy Walker,26765823,C/UTIL,2500,MIN@CLS 02/23/2023 07:00PM ET,MIN,2.88
C,Joseph Cramarossa (26765825),Joseph Cramarossa,26765825,C/UTIL,2500,MIN@CLS 02/23/2023 07:00PM ET,MIN,2.82
RW,Emil Bemstrom (26766079),Emil Bemstrom,26766079,W/UTIL,2500,MIN@CLS 02/23/2023 07:00PM ET,CLS,5.72
LW,Liam Foudy (26766081),Liam Foudy,26766081,W/UTIL,2500,MIN@CLS 02/23/2023 07:00PM ET,CLS,2.12
LW,Eric Robinson (26766083),Eric Robinson,26766083,W/UTIL,2500,MIN@CLS 02/23/2023 07:00PM ET,CLS,4.79
RW,Mathieu Olivier (26766085),Mathieu Olivier,26766085,W/UTIL,2500,MIN@CLS 02/23/2023 07:00PM ET,CLS,4.60
LW,Gustav Nyquist (26766087),Gustav Nyquist,26766087,W/UTIL,2500,MIN@CLS 02/23/2023 07:00PM ET,CLS,7.11
RW,Trey Fix-Wolansky (26766089),Trey Fix-Wolansky,26766089,W/UTIL,2500,MIN@CLS 02/23/2023 07:00PM ET,CLS,3.55
LW,Joona Luoto (26766091),Joona Luoto,26766091,W/UTIL,2500,MIN@CLS 02/23/2023 07:00PM ET,CLS,0
LW,Adam Beckman (26766305),Adam Beckman,26766305,W/UTIL,2500,MIN@CLS 02/23/2023 07:00PM ET,MIN,2.29
LW,Jordan Greenway (26766307),Jordan Greenway,26766307,W/UTIL,2500,MIN@CLS 02/23/2023 07:00PM ET,MIN,4.18
RW,Brandon Duhaime (26766309),Brandon Duhaime,26766309,W/UTIL,2500,MIN@CLS 02/23/2023 07:00PM ET,MIN,4.08
RW,Ryan Reaves (26766311),Ryan Reaves,26766311,W/UTIL,2500,MIN@CLS 02/23/2023 07:00PM ET,MIN,1.80
LW,Mason Shaw (26766313),Mason Shaw,26766313,W/UTIL,2500,MIN@CLS 02/23/2023 07:00PM ET,MIN,4.83
RW,Marcus Foligno (26766315),Marcus Foligno,26766315,W/UTIL,2500,MIN@CLS 02/23/2023 07:00PM ET,MIN,4.85
RW,Steven Fogarty (26766317),Steven Fogarty,26766317,W/UTIL,2500,MIN@CLS 02/23/2023 07:00PM ET,MIN,0
RW,Pavel Novak (26766319),Pavel Novak,26766319,W/UTIL,2500,MIN@CLS 02/23/2023 07:00PM ET,MIN,0
LW,Nic Petan (26766321),Nic Petan,26766321,W/UTIL,2500,MIN@CLS 02/23/2023 07:00PM ET,MIN,2.86
D,Zach Werenski (26766539),Zach Werenski,26766539,D/UTIL,2500,MIN@CLS 02/23/2023 07:00PM ET,CLS,12.4
D,Marcus Bjork (26766541),Marcus Bjork,26766541,D/UTIL,2500,MIN@CLS 02/23/2023 07:00PM ET,CLS,6.39
D,Jake Christiansen (26766543),Jake Christiansen,26766543,D/UTIL,2500,MIN@CLS 02/23/2023 07:00PM ET,CLS,4.01
D,Billy Sweezey (26766545),Billy Sweezey,26766545,D/UTIL,2500,MIN@CLS 02/23/2023 07:00PM ET,CLS,0
D,Jon Merrill (26766719),Jon Merrill,26766719,D/UTIL,2500,MIN@CLS 02/23/2023 07:00PM ET,MIN,4.25
D,Andrej Sustr (26766721),Andrej Sustr,26766721,D/UTIL,2500,MIN@CLS 02/23/2023 07:00PM ET,MIN,0
C,Jake Leschyshyn (26765803),Jake Leschyshyn,26765803,C/UTIL,2500,NYR@DET 02/23/2023 07:00PM ET,NYR,1.74
C,Ryan Carpenter (26765805),Ryan Carpenter,26765805,C/UTIL,2500,NYR@DET 02/23/2023 07:00PM ET,NYR,2.78
C,Gustav Rydahl (26765807),Gustav Rydahl,26765807,C/UTIL,2500,NYR@DET 02/23/2023 07:00PM ET,NYR,0
C,Joe Veleno (26765809),Joe Veleno,26765809,C/UTIL,2500,NYR@DET 02/23/2023 07:00PM ET,DET,4.20
C,Pius Suter (26765811),Pius Suter,26765811,C/UTIL,2500,NYR@DET 02/23/2023 07:00PM ET,DET,5.04
LW,Barclay Goodrow (26766261),Barclay Goodrow,26766261,W/UTIL,2500,NYR@DET 02/23/2023 07:00PM ET,NYR,5.39
RW,Tyler Motte (26766263),Tyler Motte,26766263,W/UTIL,2500,NYR@DET 02/23/2023 07:00PM ET,NYR,6.18
RW,Vitali Kravtsov (26766265),Vitali Kravtsov,26766265,W/UTIL,2500,NYR@DET 02/23/2023 07:00PM ET,NYR,3.32
LW,Will Cuylle (26766267),Will Cuylle,26766267,W/UTIL,2500,NYR@DET 02/23/2023 07:00PM ET,NYR,0.38
RW,Jonny Brodzinski (26766269),Jonny Brodzinski,26766269,W/UTIL,2500,NYR@DET 02/23/2023 07:00PM ET,NYR,3.52
RW,Oskar Sundqvist (26766271),Oskar Sundqvist,26766271,W/UTIL,2500,NYR@DET 02/23/2023 07:00PM ET,DET,4.93
LW,Filip Zadina (26766273),Filip Zadina,26766273,W/UTIL,2500,NYR@DET 02/23/2023 07:00PM ET,DET,3.73
RW,Austin Czarnik (26766275),Austin Czarnik,26766275,W/UTIL,2500,NYR@DET 02/23/2023 07:00PM ET,DET,4.11
LW,Elmer Soderblom (26766277),Elmer Soderblom,26766277,W/UTIL,2500,NYR@DET 02/23/2023 07:00PM ET,DET,5.70
RW,Matt Luff (26766279),Matt Luff,26766279,W/UTIL,2500,NYR@DET 02/23/2023 07:00PM ET,DET,3.27
LW,Adam Erne (26766281),Adam Erne,26766281,W/UTIL,2500,NYR@DET 02/23/2023 07:00PM ET,DET,5.14
D,Niko Mikkola (26766679),Niko Mikkola,26766679,D/UTIL,2500,NYR@DET 02/23/2023 07:00PM ET,NYR,3.39
D,Ben Harpur (26766681),Ben Harpur,26766681,D/UTIL,2500,NYR@DET 02/23/2023 07:00PM ET,NYR,4.74
D,Libor Hajek (26766683),Libor Hajek,26766683,D/UTIL,2500,NYR@DET 02/23/2023 07:00PM ET,NYR,3.75
D,Zac Jones (26766685),Zac Jones,26766685,D/UTIL,2500,NYR@DET 02/23/2023 07:00PM ET,NYR,3.74
D,Robert Hagg (26766687),Robert Hagg,26766687,D/UTIL,2500,NYR@DET 02/23/2023 07:00PM ET,DET,5.35
D,Jordan Oesterle (26766689),Jordan Oesterle,26766689,D/UTIL,2500,NYR@DET 02/23/2023 07:00PM ET,DET,4.68
D,Gustav Lindstrom (26766691),Gustav Lindstrom,26766691,D/UTIL,2500,NYR@DET 02/23/2023 07:00PM ET,DET,3.34
D,Mark Pysyk (26766693),Mark Pysyk,26766693,D/UTIL,2500,NYR@DET 02/23/2023 07:00PM ET,DET,0
D,Steven Kampfer (26766695),Steven Kampfer,26766695,D/UTIL,2500,NYR@DET 02/23/2023 07:00PM ET,DET,0
C,Nikita Alexandrov (26765741),Nikita Alexandrov,26765741,C/UTIL,2500,VAN@STL 02/23/2023 08:00PM ET,STL,4.22
C,Nathan Walker (26765743),Nathan Walker,26765743,C/UTIL,2500,VAN@STL 02/23/2023 08:00PM ET,STL,2.98
C,Logan Brown (26765745),Logan Brown,26765745,C/UTIL,2500,VAN@STL 02/23/2023 08:00PM ET,STL,2.23
C,Tanner Dickinson (26765747),Tanner Dickinson,26765747,C/UTIL,2500,VAN@STL 02/23/2023 08:00PM ET,STL,0
C,Jack Studnicka (26765751),Jack Studnicka,26765751,C/UTIL,2500,VAN@STL 02/23/2023 08:00PM ET,VAN,4.13
C,Nils Aman (26765753),Nils Aman,26765753,C/UTIL,2500,VAN@STL 02/23/2023 08:00PM ET,VAN,3.12
C,Aatu Raty (26765755),Aatu Raty,26765755,C/UTIL,2500,VAN@STL 02/23/2023 08:00PM ET,VAN,3.85
RW,Josh Leivo (26766093),Josh Leivo,26766093,W/UTIL,2500,VAN@STL 02/23/2023 08:00PM ET,STL,5.72
LW,Alexey Toropchenko (26766095),Alexey Toropchenko,26766095,W/UTIL,2500,VAN@STL 02/23/2023 08:00PM ET,STL,3.74
RW,Tyler Pitlick (26766097),Tyler Pitlick,26766097,W/UTIL,2500,VAN@STL 02/23/2023 08:00PM ET,STL,3.29
LW,Matthew Highmore (26766099),Matthew Highmore,26766099,W/UTIL,2500,VAN@STL 02/23/2023 08:00PM ET,STL,1.5
LW,Jake Neighbours (26766101),Jake Neighbours,26766101,W/UTIL,2500,VAN@STL 02/23/2023 08:00PM ET,STL,4.13
RW,Will Bitten (26766103),Will Bitten,26766103,W/UTIL,2500,VAN@STL 02/23/2023 08:00PM ET,STL,1.25
LW,Matthew Peca (26766105),Matthew Peca,26766105,W/UTIL,2500,VAN@STL 02/23/2023 08:00PM ET,STL,0
LW,Vasily Podkolzin (26766123),Vasily Podkolzin,26766123,W/UTIL,2500,VAN@STL 02/23/2023 08:00PM ET,VAN,3.22
RW,Sheldon Dries (26766125),Sheldon Dries,26766125,W/UTIL,2500,VAN@STL 02/23/2023 08:00PM ET,VAN,5.50
LW,Dakota Joshua (26766127),Dakota Joshua,26766127,W/UTIL,2500,VAN@STL 02/23/2023 08:00PM ET,VAN,3.56
RW,Curtis Lazar (26766129),Curtis Lazar,26766129,W/UTIL,2500,VAN@STL 02/23/2023 08:00PM ET,VAN,4.34
LW,Tanner Pearson (26766131),Tanner Pearson,26766131,W/UTIL,2500,VAN@STL 02/23/2023 08:00PM ET,VAN,4.14
RW,Micheal Ferland (26766133),Micheal Ferland,26766133,W/UTIL,2500,VAN@STL 02/23/2023 08:00PM ET,VAN,0
LW,Ilya Mikheyev (26766135),Ilya Mikheyev,26766135,W/UTIL,2500,VAN@STL 02/23/2023 08:00PM ET,VAN,7.46
LW,Nils Hoglander (26766137),Nils Hoglander,26766137,W/UTIL,2500,VAN@STL 02/23/2023 08:00PM ET,VAN,4.38
RW,William Lockwood (26766139),William Lockwood,26766139,W/UTIL,2500,VAN@STL 02/23/2023 08:00PM ET,VAN,3.07
D,Robert Bortuzzo (26766547),Robert Bortuzzo,26766547,D/UTIL,2500,VAN@STL 02/23/2023 08:00PM ET,STL,2.94
D,Marco Scandella (26766549),Marco Scandella,26766549,D/UTIL,2500,VAN@STL 02/23/2023 08:00PM ET,STL,2.6
D,Tyler Tucker (26766551),Tyler Tucker,26766551,D/UTIL,2500,VAN@STL 02/23/2023 08:00PM ET,STL,3.26
D,Steven Santini (26766553),Steven Santini,26766553,D/UTIL,2500,VAN@STL 02/23/2023 08:00PM ET,STL,7.88
D,Scott Perunovich (26766555),Scott Perunovich,26766555,D/UTIL,2500,VAN@STL 02/23/2023 08:00PM ET,STL,0
D,Dmitri Samorukov (26766557),Dmitri Samorukov,26766557,D/UTIL,2500,VAN@STL 02/23/2023 08:00PM ET,STL,0
D,Riley Stillman (26766565),Riley Stillman,26766565,D/UTIL,2500,VAN@STL 02/23/2023 08:00PM ET,VAN,3.80
D,Christian Wolanin (26766567),Christian Wolanin,26766567,D/UTIL,2500,VAN@STL 02/23/2023 08:00PM ET,VAN,3.55
D,Travis Dermott (26766569),Travis Dermott,26766569,D/UTIL,2500,VAN@STL 02/23/2023 08:00PM ET,VAN,3.18
D,Tucker Poolman (26766571),Tucker Poolman,26766571,D/UTIL,2500,VAN@STL 02/23/2023 08:00PM ET,VAN,4.03
D,Jack Rathbone (26766573),Jack Rathbone,26766573,D/UTIL,2500,VAN@STL 02/23/2023 08:00PM ET,VAN,3.23
C,Kevin Rooney (26765765),Kevin Rooney,26765765,C/UTIL,2500,CGY@VGK 02/23/2023 09:00PM ET,CGY,2.47
C,Matthew Phillips (26765767),Matthew Phillips,26765767,C/UTIL,2500,CGY@VGK 02/23/2023 09:00PM ET,CGY,0.75
C,Radim Zohorna (26765769),Radim Zohorna,26765769,C/UTIL,2500,CGY@VGK 02/23/2023 09:00PM ET,CGY,0.72
C,Byron Froese (26765771),Byron Froese,26765771,C/UTIL,2500,CGY@VGK 02/23/2023 09:00PM ET,VGK,5.46
LW,Milan Lucic (26766183),Milan Lucic,26766183,W/UTIL,2500,CGY@VGK 02/23/2023 09:00PM ET,CGY,3.40
RW,Trevor Lewis (26766185),Trevor Lewis,26766185,W/UTIL,2500,CGY@VGK 02/23/2023 09:00PM ET,CGY,5.48
RW,Walker Duehr (26766187),Walker Duehr,26766187,W/UTIL,2500,CGY@VGK 02/23/2023 09:00PM ET,CGY,6.2
LW,Brett Ritchie (26766189),Brett Ritchie,26766189,W/UTIL,2500,CGY@VGK 02/23/2023 09:00PM ET,CGY,4.10
RW,Keegan Kolesar (26766191),Keegan Kolesar,26766191,W/UTIL,2500,CGY@VGK 02/23/2023 09:00PM ET,VGK,3.62
LW,Brett Howden (26766193),Brett Howden,26766193,W/UTIL,2500,CGY@VGK 02/23/2023 09:00PM ET,VGK,3.85
LW,Nolan Patrick (26766195),Nolan Patrick,26766195,W/UTIL,2500,CGY@VGK 02/23/2023 09:00PM ET,VGK,0
LW,Pavel Dorofeyev (26766197),Pavel Dorofeyev,26766197,W/UTIL,2500,CGY@VGK 02/23/2023 09:00PM ET,VGK,2.93
RW,Sheldon Rempal (26766199),Sheldon Rempal,26766199,W/UTIL,2500,CGY@VGK 02/23/2023 09:00PM ET,VGK,0
LW,Jonas Rondbjerg (26766201),Jonas Rondbjerg,26766201,W/UTIL,2500,CGY@VGK 02/23/2023 09:00PM ET,VGK,2.82
D,Dennis Gilbert (26766605),Dennis Gilbert,26766605,D/UTIL,2500,CGY@VGK 02/23/2023 09:00PM ET,CGY,4.68
D,Connor Mackey (26766607),Connor Mackey,26766607,D/UTIL,2500,CGY@VGK 02/23/2023 09:00PM ET,CGY,4.05
D,Oliver Kylington (26766609),Oliver Kylington,26766609,D/UTIL,2500,CGY@VGK 02/23/2023 09:00PM ET,CGY,0
D,Nick DeSimone (26766611),Nick DeSimone,26766611,D/UTIL,2500,CGY@VGK 02/23/2023 09:00PM ET,CGY,3.55
D,Nicolas Hague (26766613),Nicolas Hague,26766613,D/UTIL,2500,CGY@VGK 02/23/2023 09:00PM ET,VGK,6.15
D,Zach Whitecloud (26766615),Zach Whitecloud,26766615,D/UTIL,2500,CGY@VGK 02/23/2023 09:00PM ET,VGK,5.56
D,Ben Hutton (26766617),Ben Hutton,26766617,D/UTIL,2500,CGY@VGK 02/23/2023 09:00PM ET,VGK,5.46
D,Shea Weber (26766619),Shea Weber,26766619,D/UTIL,2500,CGY@VGK 02/23/2023 09:00PM ET,VGK,0
D,Kaedan Korczak (26766621),Kaedan Korczak,26766621,D/UTIL,2500,CGY@VGK 02/23/2023 09:00PM ET,VGK,5.04
D,Brayden Pachal (26766623),Brayden Pachal,26766623,D/UTIL,2500,CGY@VGK 02/23/2023 09:00PM ET,VGK,5.41
C,Tomas Nosek (26765749),Tomas Nosek,26765749,C/UTIL,2500,BOS@SEA 02/23/2023 10:00PM ET,BOS,3.51
C,Morgan Geekie (26765785),Morgan Geekie,26765785,C/UTIL,2500,BOS@SEA 02/23/2023 10:00PM ET,SEA,4.23
C,Shane Wright (26765787),Shane Wright,26765787,C/UTIL,2500,BOS@SEA 02/23/2023 10:00PM ET,SEA,3.41
RW,Craig Smith (26766107),Craig Smith,26766107,W/UTIL,2500,BOS@SEA 02/23/2023 10:00PM ET,BOS,3.59
LW,A.J. Greer (26766109),A.J. Greer,26766109,W/UTIL,2500,BOS@SEA 02/23/2023 10:00PM ET,BOS,3.68
RW,Vinni Lettieri (26766111),Vinni Lettieri,26766111,W/UTIL,2500,BOS@SEA 02/23/2023 10:00PM ET,BOS,0
LW,Matt Filipe (26766113),Matt Filipe,26766113,W/UTIL,2500,BOS@SEA 02/23/2023 10:00PM ET,BOS,0
RW,Jakub Lauko (26766115),Jakub Lauko,26766115,W/UTIL,2500,BOS@SEA 02/23/2023 10:00PM ET,BOS,3.01
RW,Marc McLaughlin (26766117),Marc McLaughlin,26766117,W/UTIL,2500,BOS@SEA 02/23/2023 10:00PM ET,BOS,2.25
LW,Joona Koppanen (26766119),Joona Koppanen,26766119,W/UTIL,2500,BOS@SEA 02/23/2023 10:00PM ET,BOS,2.12
RW,Chris Wagner (26766121),Chris Wagner,26766121,W/UTIL,2500,BOS@SEA 02/23/2023 10:00PM ET,BOS,1.3
LW,Ryan Donato (26766209),Ryan Donato,26766209,W/UTIL,2500,BOS@SEA 02/23/2023 10:00PM ET,SEA,5.84
RW,Joonas Donskoi (26766211),Joonas Donskoi,26766211,W/UTIL,2500,BOS@SEA 02/23/2023 10:00PM ET,SEA,0
RW,John Hayden (26766213),John Hayden,26766213,W/UTIL,2500,BOS@SEA 02/23/2023 10:00PM ET,SEA,6.28
RW,Jacob Melanson (26766215),Jacob Melanson,26766215,W/UTIL,2500,BOS@SEA 02/23/2023 10:00PM ET,SEA,0
D,Jakub Zboril (26766559),Jakub Zboril,26766559,D/UTIL,2500,BOS@SEA 02/23/2023 10:00PM ET,BOS,2.58
D,Mike Reilly (26766561),Mike Reilly,26766561,D/UTIL,2500,BOS@SEA 02/23/2023 10:00PM ET,BOS,3.9
D,Anton Stralman (26766563),Anton Stralman,26766563,D/UTIL,2500,BOS@SEA 02/23/2023 10:00PM ET,BOS,2.56
D,Jaycob Megna (26766635),Jaycob Megna,26766635,D/UTIL,2500,BOS@SEA 02/23/2023 10:00PM ET,SEA,4.88
D,Carson Soucy (26766637),Carson Soucy,26766637,D/UTIL,2500,BOS@SEA 02/23/2023 10:00PM ET,SEA,4.59
D,Cale Fleury (26766639),Cale Fleury,26766639,D/UTIL,2500,BOS@SEA 02/23/2023 10:00PM ET,SEA,3.9
D,Gustav Olofsson (26766641),Gustav Olofsson,26766641,D/UTIL,2500,BOS@SEA 02/23/2023 10:00PM ET,SEA,5.73
C,Steven Lorentz (26765815),Steven Lorentz,26765815,C/UTIL,2500,NSH@SJ 02/23/2023 10:30PM ET,SJ,3.77
C,Luke Kunin (26765817),Luke Kunin,26765817,C/UTIL,2500,NSH@SJ 02/23/2023 10:30PM ET,SJ,6.81
LW,Yakov Trenin (26766251),Yakov Trenin,26766251,W/UTIL,2500,NSH@SJ 02/23/2023 10:30PM ET,NSH,5.55
LW,Cole Smith (26766253),Cole Smith,26766253,W/UTIL,2500,NSH@SJ 02/23/2023 10:30PM ET,NSH,3.74
RW,Zach Sanford (26766255),Zach Sanford,26766255,W/UTIL,2500,NSH@SJ 02/23/2023 10:30PM ET,NSH,4.72
RW,Michael McCarron (26766257),Michael McCarron,26766257,W/UTIL,2500,NSH@SJ 02/23/2023 10:30PM ET,NSH,4.33
LW,Mark Jankowski (26766259),Mark Jankowski,26766259,W/UTIL,2500,NSH@SJ 02/23/2023 10:30PM ET,NSH,4.86
RW,Martin Kaut (26766293),Martin Kaut,26766293,W/UTIL,2500,NSH@SJ 02/23/2023 10:30PM ET,SJ,2.23
LW,Oskar Lindblom (26766295),Oskar Lindblom,26766295,W/UTIL,2500,NSH@SJ 02/23/2023 10:30PM ET,SJ,3.15
RW,Evgeny Svechnikov (26766297),Evgeny Svechnikov,26766297,W/UTIL,2500,NSH@SJ 02/23/2023 10:30PM ET,SJ,4.53
LW,Jonah Gadjovich (26766299),Jonah Gadjovich,26766299,W/UTIL,2500,NSH@SJ 02/23/2023 10:30PM ET,SJ,3.03
LW,Jeffrey Viel (26766301),Jeffrey Viel,26766301,W/UTIL,2500,NSH@SJ 02/23/2023 10:30PM ET,SJ,2.8
LW,C.J. Suess (26766303),C.J. Suess,26766303,W/UTIL,2500,NSH@SJ 02/23/2023 10:30PM ET,SJ,0
D,Kevin Gravel (26766671),Kevin Gravel,26766671,D/UTIL,2500,NSH@SJ 02/23/2023 10:30PM ET,NSH,3.58
D,Mark Borowiecki (26766673),Mark Borowiecki,26766673,D/UTIL,2500,NSH@SJ 02/23/2023 10:30PM ET,NSH,0.43
D,Roland McKeown (26766675),Roland McKeown,26766675,D/UTIL,2500,NSH@SJ 02/23/2023 10:30PM ET,NSH,2.05
D,Jordan Gross (26766677),Jordan Gross,26766677,D/UTIL,2500,NSH@SJ 02/23/2023 10:30PM ET,NSH,7.71
D,Marc-Edouard Vlasic (26766707),Marc-Edouard Vlasic,26766707,D/UTIL,2500,NSH@SJ 02/23/2023 10:30PM ET,SJ,5.04
D,Radim Simek (26766709),Radim Simek,26766709,D/UTIL,2500,NSH@SJ 02/23/2023 10:30PM ET,SJ,5.19
D,Jacob MacDonald (26766711),Jacob MacDonald,26766711,D/UTIL,2500,NSH@SJ 02/23/2023 10:30PM ET,SJ,3.17
D,Markus Nutivaara (26766713),Markus Nutivaara,26766713,D/UTIL,2500,NSH@SJ 02/23/2023 10:30PM ET,SJ,0
D,Nick Cicek (26766715),Nick Cicek,26766715,D/UTIL,2500,NSH@SJ 02/23/2023 10:30PM ET,SJ,3.8
D,Nikolai Knyzhov (26766717),Nikolai Knyzhov,26766717,D/UTIL,2500,NSH@SJ 02/23/2023 10:30PM ET,SJ,0
